{"type": "FeatureCollection", "features": [{"type": "Feature", "geometry": {"type": "MultiLineString", "coordinates": [[[126.747458, 37.676148], [126.748349, 37.675755], [126.748598, 37.675645], [126.748673, 37.675612], [126.749348, 37.675322], [126.756054, 37.672399], [126.758185, 37.67147], [126.758493, 37.671333], [126.759161, 37.671036], [126.759738, 37.670787], [126.759787, 37.670766], [126.760397, 37.6705], [126.761234, 37.670111], [126.761956, 37.669817], [126.762791, 37.669444], [126.763201, 37.669261], [126.763211, 37.669256], [126.763575, 37.669072], [126.763678, 37.66902], [126.76411, 37.668766], [126.764737, 37.668382], [126.76548, 37.667899], [126.765783, 37.667677], [126.765844, 37.667631], [126.766214, 37.667333], [126.767464, 37.666169], [126.767993, 37.665613], [126.768862, 37.664747], [126.770668, 37.662937], [126.771001, 37.662589], [126.771383, 37.662188], [126.77177, 37.661779], [126.771976, 37.661547], [126.772322, 37.661151], [126.772771, 37.660468], [126.772922, 37.660238], [126.773218, 37.659711], [126.773798, 37.658719], [126.775936, 37.655065], [126.777718, 37.652], [126.777945, 37.651636], [126.778095, 37.651391], [126.778246, 37.651142], [126.778502, 37.65072], [126.778765, 37.650334], [126.778999, 37.650047], [126.779136, 37.649878], [126.779579, 37.649427], [126.779837, 37.649213], [126.780091, 37.649002], [126.782011, 37.647554], [126.783404, 37.646503], [126.785421, 37.644958], [126.786351, 37.644246], [126.787037, 37.643721], [126.787408, 37.643461], [126.787953, 37.643057]], [[126.787953, 37.643057], [126.788911, 37.642334], [126.78913, 37.642163], [126.789274, 37.642065], [126.792469, 37.639693], [126.794012, 37.638545], [126.794552, 37.638137], [126.797875, 37.635612], [126.798377, 37.635238], [126.799009, 37.63476], [126.799449, 37.634509], [126.799918, 37.634278], [126.800953, 37.633794]], [[126.800953, 37.633794], [126.802082, 37.633343], [126.802829, 37.633088], [126.803558, 37.632852], [126.80447, 37.632627], [126.805387, 37.632433], [126.806361, 37.632283], [126.808884, 37.631949]], [[126.808884, 37.631949], [126.809678, 37.631836], [126.813079, 37.631389]], [[126.813079, 37.631389], [126.814898, 37.631138], [126.815378, 37.631089], [126.815781, 37.631082], [126.816199, 37.631092], [126.81706, 37.631183], [126.817838, 37.63136], [126.818462, 37.631578], [126.819039, 37.631841], [126.819533, 37.632149], [126.820397, 37.632814], [126.820843, 37.633209]], [[126.820843, 37.633209], [126.820972, 37.633322]], [[126.820972, 37.633322], [126.82118, 37.633506], [126.821588, 37.633879], [126.822033, 37.634239], [126.822516, 37.634549], [126.822908, 37.634759], [126.823272, 37.634908], [126.824232, 37.635223]], [[126.824232, 37.635223], [126.824693, 37.635346], [126.82516, 37.635427], [126.825552, 37.635447], [126.825643, 37.635452], [126.832623, 37.634596], [126.835328, 37.634268], [126.836039, 37.634292], [126.83671, 37.634424], [126.837348, 37.634798], [126.837809, 37.635248], [126.838295, 37.636036], [126.838353, 37.636176], [126.838385, 37.636253], [126.83868, 37.636965], [126.839856, 37.639803], [126.840398, 37.641983], [126.840449, 37.64261]], [[126.840449, 37.64261], [126.840497, 37.643047], [126.840617, 37.645445]], [[126.840617, 37.645445], [126.840652, 37.645915], [126.840671, 37.64618]], [[126.840671, 37.64618], [126.84084, 37.648989], [126.840924, 37.649544], [126.841103, 37.650085], [126.841449, 37.65075], [126.842163, 37.651869]], [[126.842163, 37.651869], [126.843397, 37.653826], [126.843917, 37.654642], [126.844339, 37.655249], [126.84454, 37.655471], [126.84477, 37.655668], [126.844985, 37.65583], [126.845191, 37.655961]], [[126.845191, 37.655961], [126.845457, 37.656097], [126.845684, 37.656176], [126.84628, 37.65634], [126.846789, 37.656418], [126.84754, 37.656408], [126.84816, 37.656306], [126.849042, 37.65611], [126.849211, 37.656072]], [[126.849211, 37.656072], [126.850679, 37.655811], [126.857952, 37.654099], [126.861825, 37.65337], [126.86535, 37.652447], [126.871562, 37.650999], [126.872859, 37.650697], [126.873738, 37.650495], [126.877359, 37.64961], [126.877768, 37.649555], [126.878055, 37.649548], [126.878362, 37.649567], [126.878687, 37.649605], [126.878958, 37.649675], [126.881511, 37.650322], [126.883587, 37.650915], [126.886978, 37.651851], [126.888339, 37.652178], [126.894049, 37.65343], [126.894244, 37.653437], [126.8946, 37.653343], [126.895379, 37.653136], [126.895469, 37.653103], [126.896654, 37.652725], [126.89709, 37.652571], [126.898173, 37.652188], [126.900734, 37.651294]], [[126.900734, 37.651294], [126.901475, 37.651024], [126.903322, 37.65048], [126.903697, 37.650365]], [[126.903697, 37.650365], [126.904779, 37.650061], [126.906461, 37.649588], [126.90862, 37.648979], [126.909707, 37.648699], [126.910733, 37.648512], [126.913422, 37.648134]], [[126.913422, 37.648134], [126.914906, 37.647934], [126.915621, 37.647841]], [[126.915621, 37.647841], [126.916755, 37.647696], [126.916826, 37.647684]], [[126.916826, 37.647684], [126.91736, 37.647568], [126.91778, 37.647385], [126.918163, 37.647135], [126.918452, 37.646847], [126.918686, 37.64649], [126.918763, 37.646247], [126.918814, 37.645939], [126.918794, 37.645489], [126.918716, 37.644941], [126.918641, 37.644414], [126.918534, 37.643717], [126.918423, 37.643036], [126.918401, 37.642675]], [[126.918401, 37.642675], [126.918419, 37.641954], [126.91845, 37.641491], [126.91855, 37.640156], [126.918555, 37.639877]], [[126.918555, 37.639877], [126.918674, 37.638078], [126.918714, 37.637496], [126.918772, 37.636854]], [[126.918772, 37.636854], [126.918808, 37.63613], [126.918826, 37.6358], [126.918847, 37.635425], [126.918925, 37.634046], [126.919242, 37.63037], [126.919282, 37.629555], [126.919338, 37.628739], [126.91947, 37.628122], [126.919825, 37.626856], [126.920052, 37.625975], [126.920052, 37.625791], [126.919787, 37.622799], [126.919765, 37.622188], [126.919937, 37.621142], [126.920126, 37.620464], [126.920518, 37.61985], [126.920858, 37.619449], [126.921318, 37.618882], [126.921915, 37.618156], [126.922939, 37.617116], [126.924176, 37.616083], [126.924416, 37.615906], [126.926079, 37.614804], [126.926362, 37.614544], [126.926673, 37.61421], [126.927009, 37.613813], [126.929439, 37.610975], [126.930398, 37.609881], [126.931355, 37.608785], [126.932445, 37.607631], [126.933744, 37.606157], [126.934056, 37.605749], [126.93464, 37.604886], [126.934892, 37.603578], [126.935109, 37.602206], [126.935233, 37.601795], [126.935716, 37.600943], [126.936328, 37.599766], [126.936582, 37.599418], [126.937942, 37.597753]], [[126.937942, 37.597753], [126.939047, 37.5964], [126.939367, 37.596012], [126.940294, 37.595008], [126.940715, 37.594495], [126.940779, 37.594339], [126.940865, 37.594129], [126.940958, 37.593735], [126.941106, 37.592079], [126.941247, 37.59173], [126.941454, 37.591351], [126.941503, 37.591287], [126.941982, 37.590663], [126.94265, 37.589949], [126.944199, 37.588674], [126.945772, 37.587334], [126.948056, 37.585165], [126.948228, 37.584937], [126.949438, 37.583755], [126.94972, 37.583379], [126.950308, 37.582315], [126.950684, 37.581409], [126.950853, 37.581227], [126.951052, 37.581062], [126.952349, 37.579997], [126.954653, 37.577715], [126.955239, 37.577085], [126.956258, 37.575879], [126.95699, 37.575239], [126.95782, 37.574513]], [[126.95782, 37.574513], [126.95825, 37.574134], [126.959465, 37.573028], [126.959874, 37.57269], [126.960205, 37.572557], [126.960456, 37.572503], [126.960788, 37.572489], [126.961826, 37.572459], [126.962335, 37.5725], [126.962932, 37.572637], [126.964335, 37.573289], [126.965478, 37.573867], [126.965742, 37.573973], [126.965908, 37.574021], [126.966688, 37.574226], [126.967059, 37.574355], [126.967444, 37.574564], [126.968659, 37.575519], [126.969431, 37.575952], [126.969764, 37.57603], [126.97042, 37.576049], [126.971982, 37.575966], [126.973567, 37.575758], [126.974503, 37.575693], [126.975514, 37.575612], [126.976032, 37.575571], [126.976461, 37.575536], [126.97733, 37.575514], [126.978794, 37.575556], [126.979457, 37.575592], [126.980136, 37.575639], [126.980773, 37.575653], [126.981395, 37.575641], [126.981951, 37.575639], [126.982443, 37.575612], [126.982896, 37.575606], [126.983332, 37.575652], [126.983819, 37.575812], [126.985468, 37.576455], [126.986227, 37.576829], [126.986419, 37.576917], [126.986866, 37.577123], [126.987463, 37.577331], [126.987838, 37.577397], [126.988324, 37.577425], [126.988749, 37.577436], [126.98913, 37.577386], [126.989422, 37.577311], [126.98968, 37.577203], [126.989918, 37.577058], [126.990099, 37.576813], [126.990267, 37.576548], [126.990398, 37.57627], [126.990915, 37.574507], [126.991428, 37.57278], [126.991692, 37.572018], [126.992196, 37.570407], [126.992249, 37.569308], [126.992361, 37.568335], [126.992588, 37.566363], [126.992613, 37.56616], [126.992853, 37.56404], [126.992864, 37.563955], [126.993037, 37.562594], [126.993169, 37.562283], [126.993277, 37.562083], [126.993342, 37.561941], [126.993494, 37.561779], [126.993717, 37.561521], [126.993871, 37.561369], [126.994008, 37.561233], [126.99417, 37.561089], [126.994314, 37.560986], [126.994806, 37.560649], [126.994989, 37.560536], [126.995517, 37.560335], [126.996153, 37.56018], [126.997, 37.560057], [126.997426, 37.559974], [127.001037, 37.559248], [127.002201, 37.559059], [127.003201, 37.558942], [127.003749, 37.558935], [127.005178, 37.55902], [127.005766, 37.55902], [127.006184, 37.558949], [127.006832, 37.558785], [127.008022, 37.558077], [127.008256, 37.557889], [127.008698, 37.557465], [127.008892, 37.557223], [127.009506, 37.55628], [127.01055, 37.55483]], [[127.01055, 37.55483], [127.011792, 37.553304], [127.012034, 37.553013], [127.013112, 37.551719], [127.014152, 37.550375], [127.014886, 37.54942], [127.015471, 37.548753], [127.01586, 37.548015], [127.016313, 37.547029], [127.016474, 37.546516], [127.01657, 37.545972], [127.016668, 37.544628]], [[127.016668, 37.544628], [127.01679, 37.543421]], [[127.01679, 37.543421], [127.016853, 37.54302], [127.016963, 37.542558], [127.017162, 37.542054], [127.017395, 37.541565], [127.017848, 37.540876], [127.017908, 37.540795]], [[127.017908, 37.540795], [127.024189, 37.531773], [127.02487, 37.530743]], [[127.02487, 37.530743], [127.025004, 37.530618], [127.025332, 37.53015], [127.025466, 37.529971], [127.025611, 37.529827], [127.026156, 37.52933]], [[127.026156, 37.52933], [127.028045, 37.527661], [127.028259, 37.527379], [127.02832, 37.527286], [127.028424, 37.527051], [127.028496, 37.526809], [127.02851, 37.526575], [127.02847, 37.526136], [127.028442, 37.525896], [127.028048, 37.520095], [127.02801, 37.519921], [127.027935, 37.519753], [127.02781, 37.519607], [127.027587, 37.51948], [127.026215, 37.518887], [127.025261, 37.518476], [127.019631, 37.516171], [127.016096, 37.514993], [127.016055, 37.514979], [127.013299, 37.513814], [127.011089, 37.512749], [127.007135, 37.510821], [127.005628, 37.510087], [127.005051, 37.509733], [127.00469, 37.509419], [127.004389, 37.509039], [127.004124, 37.508537], [127.004013, 37.507993], [127.003978, 37.507538], [127.003993, 37.507135], [127.004056, 37.506696], [127.004208, 37.506385], [127.004902, 37.505038], [127.006092, 37.502399], [127.006429, 37.501795], [127.006995, 37.501222], [127.007671, 37.500758], [127.007953, 37.500607], [127.010574, 37.499673], [127.01072, 37.499621], [127.010914, 37.499553], [127.01142, 37.499313], [127.011682, 37.499136], [127.012053, 37.49885], [127.012346, 37.498542], [127.012536, 37.49828], [127.012653, 37.498052], [127.012746, 37.497852], [127.012802, 37.497485], [127.013453, 37.494634], [127.013806, 37.492881], [127.014603, 37.488354], [127.01467, 37.487938], [127.014746, 37.487631], [127.014884, 37.487287], [127.015206, 37.486719], [127.01629, 37.484972], [127.01728, 37.483411], [127.017708, 37.482906], [127.017999, 37.482746], [127.018731, 37.482521], [127.019087, 37.482487], [127.019407, 37.482488], [127.034317, 37.484543], [127.035057, 37.484655], [127.043468, 37.485823], [127.044339, 37.485961], [127.044662, 37.48603], [127.044812, 37.486072], [127.045081, 37.486156], [127.045404, 37.486279], [127.045596, 37.48637], [127.045912, 37.486526], [127.046991, 37.487043], [127.049848, 37.488375], [127.055487, 37.490884], [127.063219, 37.49445], [127.069913, 37.49648], [127.073046, 37.497191], [127.073884, 37.49725], [127.074674, 37.497201], [127.075479, 37.497055], [127.076813, 37.496709], [127.077411, 37.496478], [127.077896, 37.496179], [127.078459, 37.49564], [127.078719, 37.495295], [127.078874, 37.494991], [127.079506, 37.493654], [127.081062, 37.4902], [127.082382, 37.487372], [127.082702, 37.48666], [127.082795, 37.486368], [127.083017, 37.485357], [127.083125, 37.48506], [127.083236, 37.484826], [127.083429, 37.484503], [127.083561, 37.484324], [127.08366, 37.484191], [127.083736, 37.484094], [127.083824, 37.484017], [127.083994, 37.483896], [127.084181, 37.483768], [127.084395, 37.483649], [127.08462, 37.483563], [127.084956, 37.483459], [127.085285, 37.483382], [127.085923, 37.483225], [127.086975, 37.483035], [127.088137, 37.482947], [127.088834, 37.48294], [127.089807, 37.482991], [127.091399, 37.483177], [127.09358, 37.483425], [127.094908, 37.483584], [127.095212, 37.483624], [127.095732, 37.483799], [127.095971, 37.483946], [127.096303, 37.484206], [127.096679, 37.484647], [127.097133, 37.485143], [127.098039, 37.48589], [127.098663, 37.486317], [127.099294, 37.486631], [127.099839, 37.486807], [127.101736, 37.487368]], [[127.101736, 37.487368], [127.101971, 37.487427], [127.102561, 37.487608], [127.10292, 37.487718], [127.103147, 37.487788], [127.105233, 37.488428], [127.105521, 37.488517], [127.115019, 37.491415], [127.115334, 37.491511], [127.117704, 37.492247], [127.118618, 37.492508], [127.118974, 37.492618], [127.122686, 37.494562], [127.123369, 37.494943], [127.123832, 37.495309], [127.124458, 37.495912], [127.124761, 37.496318], [127.126573, 37.500076], [127.127012, 37.500707], [127.12746, 37.501197], [127.128354, 37.502142]], [[127.026187, 37.529351], [127.028078, 37.527679], [127.028294, 37.527397], [127.028356, 37.527298], [127.028463, 37.527061], [127.028535, 37.526815], [127.02855, 37.526577], [127.02851, 37.526133], [127.028481, 37.525894], [127.028087, 37.52009], [127.028049, 37.519909], [127.027972, 37.519738], [127.027836, 37.519584], [127.027607, 37.519453], [127.026232, 37.518859], [127.02528, 37.518447], [127.021485, 37.516895], [127.019642, 37.51614], [127.016068, 37.514947], [127.013318, 37.513784], [127.011108, 37.512722], [127.005647, 37.510057], [127.005078, 37.509707], [127.004723, 37.509399], [127.004423, 37.509023], [127.004165, 37.508528], [127.004053, 37.50799], [127.00402, 37.507537], [127.004032, 37.507136], [127.004094, 37.506707], [127.004245, 37.506396], [127.004941, 37.50505], [127.006207, 37.502442], [127.006563, 37.501896], [127.007001, 37.501373], [127.007293, 37.501152], [127.0078, 37.500805], [127.010041, 37.499964], [127.01093, 37.49963], [127.011626, 37.499303], [127.012146, 37.498883], [127.012333, 37.498657], [127.012612, 37.498292], [127.012713, 37.498095], [127.012788, 37.497873], [127.012869, 37.497494], [127.013493, 37.49464], [127.013875, 37.492879], [127.014644, 37.488363], [127.014712, 37.487945], [127.014784, 37.487638], [127.014921, 37.4873], [127.015243, 37.486734], [127.016327, 37.484986], [127.017315, 37.483427], [127.017735, 37.482932], [127.018013, 37.482776], [127.018742, 37.482553], [127.019091, 37.482519], [127.019403, 37.482521], [127.034308, 37.484575], [127.043458, 37.485871], [127.044319, 37.486013], [127.044616, 37.48608], [127.044764, 37.486116], [127.04507, 37.486214], [127.045375, 37.486333], [127.045585, 37.486435], [127.045866, 37.486575], [127.046957, 37.487082], [127.049819, 37.488427], [127.055455, 37.490933], [127.06318, 37.494503], [127.069887, 37.496527], [127.073032, 37.497244], [127.073879, 37.497299], [127.074679, 37.497257], [127.075489, 37.497104], [127.07684, 37.496755], [127.077441, 37.496529], [127.077945, 37.496227], [127.078519, 37.495673], [127.078782, 37.495324], [127.078943, 37.495016], [127.079571, 37.493673], [127.081208, 37.490103], [127.082468, 37.487438], [127.082794, 37.486655], [127.082875, 37.48637], [127.083112, 37.485294], [127.083191, 37.48505], [127.083316, 37.484829], [127.083436, 37.484584], [127.083611, 37.484346], [127.083779, 37.484122], [127.084044, 37.483915], [127.084236, 37.483814], [127.084486, 37.483686], [127.084701, 37.483589], [127.084969, 37.483493], [127.085416, 37.483394], [127.085953, 37.483261], [127.087024, 37.483121], [127.088133, 37.483046], [127.088836, 37.483066], [127.089912, 37.483112], [127.091542, 37.483325], [127.09353, 37.483523], [127.09467, 37.483656], [127.095291, 37.483779], [127.095695, 37.483909], [127.096027, 37.484132], [127.096332, 37.484422], [127.096582, 37.484723], [127.096966, 37.48512], [127.09734, 37.485522], [127.097933, 37.48596], [127.098787, 37.486491], [127.099277, 37.486739], [127.09986, 37.486904], [127.10025, 37.487018], [127.100697, 37.487147], [127.101273, 37.4873], [127.101957, 37.487493], [127.102528, 37.487667], [127.102903, 37.487781], [127.103019, 37.487816], [127.115708, 37.491677], [127.115952, 37.491751], [127.117664, 37.492272], [127.118597, 37.492544], [127.118942, 37.492657], [127.122651, 37.494611], [127.123272, 37.494954], [127.123326, 37.494984], [127.123783, 37.495351], [127.124409, 37.495946], [127.124704, 37.496339], [127.126493, 37.500078], [127.126944, 37.500732], [127.127389, 37.501225], [127.128313, 37.502175]], [[127.02491, 37.530759], [127.025362, 37.530164], [127.025498, 37.529993], [127.025646, 37.529851], [127.026187, 37.529351]], [[127.01795, 37.540809], [127.024231, 37.531791], [127.02491, 37.530759]], [[127.016853, 37.543427], [127.016909, 37.543033], [127.017027, 37.542568], [127.017048, 37.542502], [127.017212, 37.542053], [127.017465, 37.541534], [127.01795, 37.540809]], [[127.016729, 37.544633], [127.016853, 37.543427]], [[127.010606, 37.554889], [127.011864, 37.553341], [127.013167, 37.551776], [127.014213, 37.550413], [127.014956, 37.549462], [127.01553, 37.548807], [127.01593, 37.548042], [127.016386, 37.547053], [127.016569, 37.54653], [127.016654, 37.545977], [127.016729, 37.544633]], [[126.957875, 37.574555], [126.9583, 37.574177], [126.959518, 37.573056], [126.959912, 37.572725], [126.96023, 37.572601], [126.960466, 37.572546], [126.961107, 37.572547], [126.961763, 37.572529], [126.962305, 37.572578], [126.962568, 37.572662], [126.962889, 37.57277], [126.964816, 37.573647], [126.965261, 37.573864], [126.965737, 37.57407], [126.965922, 37.574142], [126.96623, 37.574215], [126.966645, 37.574313], [126.96696, 37.574415], [126.967417, 37.574621], [126.968597, 37.575561], [126.96938, 37.576007], [126.969756, 37.576084], [126.970426, 37.576113], [126.972004, 37.576018], [126.973578, 37.57582], [126.974525, 37.575756], [126.97624, 37.575606], [126.976444, 37.575589], [126.977312, 37.57556], [126.97874, 37.575618], [126.980152, 37.575702], [126.980692, 37.575733], [126.981302, 37.575742], [126.982107, 37.575718], [126.98262, 37.575682], [126.983118, 37.57571], [126.983429, 37.575774], [126.983781, 37.575888], [126.985425, 37.576504], [126.986195, 37.576875], [126.98682, 37.577176], [126.987433, 37.577405], [126.987895, 37.577467], [126.9882, 37.577498], [126.988558, 37.577525], [126.988909, 37.57751], [126.989309, 37.577433], [126.989606, 37.577312], [126.989834, 37.577216], [126.990052, 37.577074], [126.990406, 37.576539], [126.990517, 37.576265], [126.99101, 37.574515], [126.991525, 37.572803], [126.991806, 37.572018], [126.992281, 37.570416], [126.992284, 37.570361], [126.992338, 37.569311], [126.992683, 37.566366], [126.992919, 37.564522], [126.993146, 37.562742], [126.993303, 37.562346], [126.99344, 37.562095], [126.993547, 37.561972], [126.99378, 37.561721], [126.994003, 37.561515], [126.99448, 37.561071], [126.994843, 37.560809], [126.994933, 37.560752], [126.995066, 37.560675], [126.995544, 37.560451], [126.996189, 37.560246], [126.9966, 37.560182], [126.997022, 37.560117], [126.997453, 37.560032], [126.997916, 37.559942], [126.998469, 37.559822], [127.002211, 37.559144], [127.003187, 37.559014], [127.003726, 37.558999], [127.005178, 37.559084], [127.005757, 37.559079], [127.0062, 37.559002], [127.006864, 37.558835], [127.00806, 37.558123], [127.008302, 37.557925], [127.008747, 37.557496], [127.008962, 37.557238], [127.009563, 37.556309], [127.010606, 37.554889]], [[126.938038, 37.597784], [126.938648, 37.597042], [126.939117, 37.596458], [126.939425, 37.596044], [126.940359, 37.595043], [126.94078, 37.594527], [126.940935, 37.594157], [126.941035, 37.593736], [126.941193, 37.5921], [126.941319, 37.591757], [126.941528, 37.591382], [126.942051, 37.590705], [126.942714, 37.589998], [126.944248, 37.588727], [126.945825, 37.587388], [126.948115, 37.585153], [126.948293, 37.58498], [126.949507, 37.583794], [126.949784, 37.583421], [126.950362, 37.582334], [126.950778, 37.58145], [126.951095, 37.581114], [126.952402, 37.580044], [126.954719, 37.577757], [126.955294, 37.577121], [126.956336, 37.575901], [126.957056, 37.575271], [126.957875, 37.574555]], [[126.918837, 37.63686], [126.91888, 37.636134], [126.918901, 37.635801], [126.918932, 37.635408], [126.918979, 37.634572], [126.918987, 37.634054], [126.919296, 37.630379], [126.919333, 37.629559], [126.919397, 37.628746], [126.919537, 37.628126], [126.919877, 37.626866], [126.920114, 37.625978], [126.920112, 37.625782], [126.919848, 37.622796], [126.919819, 37.622196], [126.919988, 37.621149], [126.920175, 37.620486], [126.920572, 37.619881], [126.92091, 37.619488], [126.921375, 37.618904], [126.921983, 37.618207], [126.923013, 37.617163], [126.924244, 37.616116], [126.924456, 37.615957], [126.926154, 37.614852], [126.926425, 37.614586], [126.926733, 37.614259], [126.927085, 37.613851], [126.929525, 37.611019], [126.930473, 37.609921], [126.931416, 37.608812], [126.932501, 37.607661], [126.933794, 37.606183], [126.934107, 37.605787], [126.934715, 37.60491], [126.934973, 37.603578], [126.935198, 37.602215], [126.935322, 37.601812], [126.935782, 37.600966], [126.936403, 37.599793], [126.936639, 37.599469], [126.938038, 37.597784]], [[126.918606, 37.639874], [126.918798, 37.637503], [126.918837, 37.63686]], [[126.918458, 37.642673], [126.918464, 37.641955], [126.918499, 37.641492], [126.918598, 37.640152], [126.918606, 37.639874]], [[126.916832, 37.647712], [126.917364, 37.647598], [126.917815, 37.647409], [126.918193, 37.647163], [126.918483, 37.646861], [126.918724, 37.646496], [126.918802, 37.646252], [126.918856, 37.645944], [126.918831, 37.645481], [126.918762, 37.644935], [126.918687, 37.644402], [126.918584, 37.643713], [126.918474, 37.643039], [126.918458, 37.642673]], [[126.916832, 37.647712], [126.916761, 37.647726], [126.915621, 37.647904]], [[126.915621, 37.647904], [126.914996, 37.648029], [126.91344, 37.648238]], [[126.91344, 37.648238], [126.912578, 37.648353], [126.911324, 37.648514], [126.910474, 37.648618], [126.91012, 37.648662], [126.90972, 37.648741], [126.90932, 37.648824], [126.908293, 37.649117], [126.906469, 37.649622], [126.904043, 37.650303], [126.903712, 37.650395]], [[126.903712, 37.650395], [126.90148, 37.651056], [126.900764, 37.651321]], [[126.900764, 37.651321], [126.898189, 37.652222], [126.897088, 37.652615], [126.89666, 37.652768], [126.89548, 37.653151], [126.895387, 37.653177], [126.894351, 37.653462], [126.894241, 37.653492], [126.894037, 37.653483], [126.893943, 37.653472], [126.888276, 37.652243], [126.886945, 37.651909], [126.881474, 37.650385], [126.878671, 37.649658], [126.878349, 37.649618], [126.878038, 37.649609], [126.877767, 37.649616], [126.877367, 37.649669], [126.873764, 37.650523], [126.871588, 37.651038], [126.865367, 37.652493], [126.861835, 37.653426], [126.857972, 37.654148], [126.850698, 37.655855], [126.849207, 37.656127]], [[126.849207, 37.656127], [126.848174, 37.656352], [126.847544, 37.656454], [126.846793, 37.656469], [126.846262, 37.656388], [126.845664, 37.65622], [126.84543, 37.656133], [126.84517, 37.655997]], [[126.84517, 37.655997], [126.844955, 37.655864], [126.844738, 37.655702], [126.844513, 37.655498], [126.844304, 37.655271], [126.843874, 37.654657], [126.842433, 37.652388], [126.842123, 37.651888]], [[126.842123, 37.651888], [126.841402, 37.650773], [126.841055, 37.650104], [126.840876, 37.649556], [126.840798, 37.648991], [126.840605, 37.64619]], [[126.840605, 37.64619], [126.840598, 37.646047], [126.840596, 37.645992], [126.84057, 37.645447]], [[126.84057, 37.645447], [126.840441, 37.643051], [126.84039, 37.64261]], [[126.84039, 37.64261], [126.840339, 37.641996], [126.839798, 37.639819], [126.838234, 37.636057], [126.837754, 37.635278], [126.837311, 37.634847], [126.836683, 37.634473], [126.836029, 37.634343], [126.835337, 37.63432], [126.832634, 37.634654], [126.825638, 37.635501], [126.825147, 37.635475], [126.824675, 37.635382], [126.824214, 37.635261]], [[126.824214, 37.635261], [126.823246, 37.634946], [126.822881, 37.634793], [126.822495, 37.634587], [126.822004, 37.634267], [126.821553, 37.633903], [126.821137, 37.633534], [126.820914, 37.633334]], [[126.820914, 37.633334], [126.820796, 37.633228]], [[126.820796, 37.633228], [126.820376, 37.632852], [126.819504, 37.632185], [126.81901, 37.631875], [126.818428, 37.631609], [126.817817, 37.631395], [126.81705, 37.631223], [126.816194, 37.631129], [126.815776, 37.631119], [126.815387, 37.631133], [126.814896, 37.631182], [126.813086, 37.631431]], [[126.813086, 37.631431], [126.81232, 37.631547], [126.80889, 37.631992]], [[126.80889, 37.631992], [126.806732, 37.632275], [126.80638, 37.632321], [126.805396, 37.63248], [126.804475, 37.632665], [126.803574, 37.632897], [126.802847, 37.633122], [126.802102, 37.633377], [126.800975, 37.633823]], [[126.800975, 37.633823], [126.799945, 37.634311], [126.79947, 37.634547], [126.799039, 37.634791], [126.798403, 37.635258], [126.797904, 37.635632], [126.794044, 37.638578], [126.789332, 37.642109], [126.788969, 37.64238], [126.788792, 37.64251], [126.787972, 37.643116]], [[126.787972, 37.643116], [126.787466, 37.64351], [126.78713, 37.643778], [126.786425, 37.644302], [126.783449, 37.646536], [126.782051, 37.647594], [126.780132, 37.649045], [126.779886, 37.649249], [126.779628, 37.649463], [126.77931, 37.649793], [126.779194, 37.649914], [126.779056, 37.650077], [126.778809, 37.650395], [126.77858, 37.650746], [126.778314, 37.651161], [126.77816, 37.65141], [126.778002, 37.651658], [126.777795, 37.652019], [126.775983, 37.655082], [126.774156, 37.658249], [126.773292, 37.659747], [126.772985, 37.660263], [126.77283, 37.660494], [126.772378, 37.661178], [126.77186, 37.661769], [126.771824, 37.661806], [126.771431, 37.662219], [126.771045, 37.662618], [126.770713, 37.662962], [126.768915, 37.664775], [126.768044, 37.665643], [126.767512, 37.666204], [126.766255, 37.667368], [126.765903, 37.66767], [126.765835, 37.667718], [126.765526, 37.667942], [126.764782, 37.668426], [126.764147, 37.668809], [126.763706, 37.669068], [126.763614, 37.669114], [126.763246, 37.6693], [126.762823, 37.669489], [126.761994, 37.669848], [126.761246, 37.670175], [126.760423, 37.670543], [126.759821, 37.670804], [126.759185, 37.671083], [126.758524, 37.671378], [126.758213, 37.671516], [126.756084, 37.672437], [126.752193, 37.674132], [126.7516, 37.67439], [126.74937, 37.675361], [126.748716, 37.675652], [126.748627, 37.675691], [126.748348, 37.675815], [126.747478, 37.676201]]]}, "properties": {"ref": "3", "name": "수도권 전철 3호선: 대화 → 오금", "operator": "서울교통공사;한국철도공사", "color": "#ED6C00"}}, {"type": "Feature", "geometry": {"type": "MultiLineString", "coordinates": [[[126.973964, 37.563091], [126.973604, 37.562976], [126.972752, 37.56276], [126.968088, 37.561682], [126.967399, 37.561512], [126.966837, 37.561287], [126.963666, 37.559359], [126.961267, 37.557908], [126.960872, 37.55771], [126.959872, 37.557398], [126.959765, 37.557383], [126.959252, 37.557313], [126.958606, 37.557303], [126.956134, 37.557449], [126.949196, 37.557006], [126.945842, 37.556792], [126.941957, 37.556599], [126.941399, 37.556541], [126.940986, 37.556446], [126.937437, 37.555291], [126.936909, 37.555179], [126.936464, 37.55527], [126.935494, 37.555621], [126.932514, 37.556702], [126.927287, 37.558597], [126.927067, 37.558661], [126.926867, 37.558709], [126.926711, 37.558724], [126.926531, 37.558718], [126.926335, 37.55869], [126.926175, 37.558644], [126.926021, 37.558572], [126.925877, 37.558481], [126.925729, 37.558368], [126.925236, 37.558], [126.923464, 37.556676], [126.914638, 37.550078], [126.913857, 37.549481], [126.91351, 37.549224], [126.913437, 37.549158], [126.913264, 37.548972], [126.912857, 37.548412]], [[126.912857, 37.548412], [126.912559, 37.547944], [126.912334, 37.547506], [126.912136, 37.546914]], [[126.912136, 37.546914], [126.911729, 37.545767], [126.91154, 37.545337], [126.911093, 37.544692], [126.910648, 37.544144], [126.910236, 37.543658], [126.904978, 37.537602], [126.903413, 37.535835], [126.903303, 37.535687]], [[126.903303, 37.535687], [126.902071, 37.534127], [126.901903, 37.53391], [126.898336, 37.529407]], [[126.898336, 37.529407], [126.898198, 37.529241], [126.898046, 37.529036], [126.897697, 37.52861], [126.897249, 37.527983], [126.897125, 37.527792], [126.896993, 37.527123], [126.896833, 37.526485], [126.896639, 37.525736], [126.896537, 37.525315], [126.896449, 37.524928], [126.896289, 37.524229], [126.89618, 37.523806], [126.896125, 37.523612], [126.896063, 37.523315], [126.896027, 37.523167], [126.895953, 37.522836], [126.895339, 37.5202], [126.894963, 37.518982], [126.894839, 37.518408], [126.894616, 37.517288], [126.894518, 37.516874], [126.894428, 37.516517], [126.894353, 37.516308], [126.894229, 37.516071], [126.894079, 37.515804], [126.893935, 37.515595], [126.893731, 37.51536], [126.893176, 37.514888], [126.892475, 37.514352], [126.892073, 37.514038], [126.891723, 37.513781], [126.891298, 37.513444], [126.890969, 37.51322], [126.890493, 37.512837], [126.890261, 37.512667], [126.890101, 37.512516], [126.889894, 37.512267], [126.88983, 37.512159], [126.889768, 37.512022], [126.889724, 37.511897], [126.889681, 37.511732], [126.889665, 37.511575], [126.889666, 37.511443], [126.889686, 37.511296], [126.889734, 37.511089], [126.889812, 37.510892], [126.88994, 37.510706], [126.89006, 37.51056], [126.890373, 37.510167], [126.890592, 37.509815], [126.890882, 37.509416], [126.891191, 37.508951], [126.891491, 37.50848], [126.891711, 37.508135], [126.891735, 37.508096], [126.891909, 37.507737], [126.892566, 37.506791], [126.892685, 37.506535], [126.892786, 37.506278], [126.89286, 37.506029], [126.892907, 37.505765], [126.89292, 37.505486], [126.892905, 37.50522], [126.892798, 37.504326]], [[126.892798, 37.504326], [126.892541, 37.502592], [126.892486, 37.502195], [126.892464, 37.501935], [126.892448, 37.501682], [126.892445, 37.501506], [126.892452, 37.501323], [126.892466, 37.501133], [126.892496, 37.500901], [126.892544, 37.500656]], [[126.892544, 37.500656], [126.892559, 37.500579], [126.892585, 37.50045], [126.892663, 37.500183], [126.892711, 37.500029], [126.892759, 37.499886], [126.892817, 37.499736], [126.892875, 37.499595], [126.893371, 37.498488], [126.893478, 37.498152], [126.893544, 37.497808], [126.893619, 37.497242], [126.893729, 37.496699], [126.893833, 37.496329], [126.894029, 37.495756], [126.894339, 37.494945], [126.894958, 37.49328], [126.895439, 37.49199], [126.896526, 37.489127], [126.896649, 37.488844], [126.896808, 37.488523], [126.89703, 37.488199], [126.897237, 37.487923], [126.897621, 37.487533], [126.898149, 37.487108], [126.89853, 37.486841], [126.898999, 37.486546], [126.899485, 37.48628], [126.900441, 37.485724], [126.900953, 37.485467], [126.901344, 37.485328], [126.901573, 37.485257], [126.901803, 37.485185], [126.902165, 37.485107], [126.90259, 37.485033], [126.902718, 37.485011], [126.903187, 37.484996], [126.905081, 37.484923], [126.905569, 37.48493], [126.906016, 37.484986], [126.906533, 37.485079], [126.907046, 37.485207], [126.910762, 37.486328], [126.91125, 37.486509], [126.912303, 37.48695], [126.912925, 37.487276], [126.91343, 37.487597], [126.915547, 37.488942], [126.915953, 37.489189], [126.916353, 37.489351], [126.916774, 37.489493], [126.917289, 37.489617], [126.917561, 37.489653], [126.917836, 37.489689], [126.91826, 37.489727], [126.91862, 37.489726], [126.919079, 37.489696], [126.919386, 37.489652], [126.91968, 37.489593], [126.919932, 37.489524], [126.920309, 37.489403], [126.920671, 37.489258], [126.921162, 37.489017], [126.921856, 37.488478], [126.922083, 37.488276], [126.923166, 37.487166], [126.923684, 37.486631], [126.924624, 37.485625]], [[126.924624, 37.485625], [126.925048, 37.48517]], [[126.92667, 37.484225], [126.926355, 37.484313], [126.926018, 37.484447], [126.925672, 37.484623], [126.925408, 37.484831], [126.92513, 37.48508], [126.925048, 37.48517]], [[126.929699, 37.484223], [126.929505, 37.484195], [126.92864, 37.48408], [126.928093, 37.484066], [126.927747, 37.484059], [126.927594, 37.484055], [126.927373, 37.484055], [126.927159, 37.484086], [126.92667, 37.484225]], [[126.952747, 37.481191], [126.952251, 37.481298], [126.95148, 37.481375], [126.948943, 37.481627], [126.946277, 37.481893], [126.945718, 37.481948], [126.94467, 37.482047], [126.94303, 37.48221], [126.942528, 37.482266], [126.941985, 37.482354], [126.941651, 37.482416], [126.941156, 37.482548], [126.940857, 37.482655], [126.940522, 37.482797], [126.939171, 37.483407], [126.937815, 37.48402], [126.936527, 37.484581], [126.936374, 37.484633], [126.936192, 37.484684], [126.935939, 37.484747], [126.935667, 37.484797], [126.935412, 37.484817], [126.935051, 37.484834], [126.93473, 37.484833], [126.934194, 37.484807], [126.93115, 37.484405], [126.931051, 37.484392], [126.930607, 37.484337], [126.929803, 37.484234], [126.929699, 37.484223]], [[126.978723, 37.476636], [126.977897, 37.47662], [126.977739, 37.476609], [126.97715, 37.476577], [126.976859, 37.47656], [126.976651, 37.476543], [126.976137, 37.476486], [126.975512, 37.476401], [126.974989, 37.476334], [126.974742, 37.476294], [126.974363, 37.476227], [126.973893, 37.47613], [126.97342, 37.476031], [126.970872, 37.475413], [126.970536, 37.47534], [126.970275, 37.47529], [126.969993, 37.475261], [126.96969, 37.475246], [126.969597, 37.475243], [126.969223, 37.47524], [126.968864, 37.475266], [126.968299, 37.47534], [126.96787, 37.475417], [126.967451, 37.475518], [126.966713, 37.475797], [126.963544, 37.477029], [126.962313, 37.477503], [126.961861, 37.477677], [126.959863, 37.478448], [126.959494, 37.478589], [126.958678, 37.478924], [126.957037, 37.479574], [126.955774, 37.480074], [126.955417, 37.480215], [126.954268, 37.480659], [126.953348, 37.480984], [126.952747, 37.481191]], [[127.003841, 37.484346], [127.003741, 37.484054], [127.003629, 37.483738], [127.003466, 37.483389], [127.003262, 37.483019], [127.002978, 37.482703], [127.002575, 37.48244], [127.002491, 37.482394], [127.002359, 37.482338], [127.002181, 37.482264], [126.999797, 37.481669], [126.998652, 37.481577], [126.998048, 37.481517], [126.997881, 37.481495], [126.997682, 37.481443], [126.99727, 37.48131], [126.996895, 37.481192], [126.996321, 37.481014], [126.995663, 37.480796], [126.994908, 37.480558], [126.994386, 37.480396], [126.993657, 37.480156], [126.99292, 37.479912], [126.992379, 37.479743], [126.991723, 37.479535], [126.991141, 37.479349], [126.990941, 37.479282], [126.990419, 37.479087], [126.990018, 37.478931], [126.989614, 37.478739], [126.989346, 37.478596], [126.988812, 37.478332], [126.988457, 37.478151], [126.988079, 37.477957], [126.98757, 37.477701], [126.98741, 37.47762], [126.987159, 37.477498], [126.986764, 37.477303], [126.98585, 37.476853], [126.985514, 37.476688], [126.985285, 37.476625], [126.985052, 37.476568], [126.984797, 37.47653], [126.984514, 37.4765], [126.983591, 37.476467], [126.983076, 37.476466], [126.982546, 37.476478], [126.980407, 37.476617], [126.979983, 37.476632], [126.97934, 37.476641], [126.978723, 37.476636]], [[127.0146, 37.493938], [127.013234, 37.493526], [127.011115, 37.492848], [127.00977, 37.492447], [127.007642, 37.491807], [127.006949, 37.491583], [127.006316, 37.49138], [127.005998, 37.491281], [127.005706, 37.491172], [127.00551, 37.491054], [127.005224, 37.49081], [127.00507, 37.490655], [127.004989, 37.49056], [127.004914, 37.490439], [127.00486, 37.490324], [127.004812, 37.490162], [127.004666, 37.489453], [127.003841, 37.484346]], [[127.07532, 37.511284], [127.073721, 37.511037], [127.07249, 37.510837], [127.071921, 37.510742], [127.071638, 37.510696], [127.067034, 37.509941], [127.06643, 37.509791], [127.065422, 37.509498], [127.064514, 37.509191], [127.064248, 37.509107], [127.063166, 37.508784], [127.06211, 37.508449], [127.061871, 37.508376], [127.060813, 37.508053], [127.059374, 37.507644], [127.058198, 37.507267], [127.057563, 37.507056], [127.056641, 37.506786], [127.05645, 37.506727], [127.048909, 37.50444], [127.044246, 37.503024], [127.03836, 37.501207], [127.036916, 37.50079], [127.027608, 37.4979], [127.023822, 37.49675], [127.022255, 37.49628], [127.020687, 37.495795], [127.019434, 37.495409], [127.017848, 37.494916], [127.016974, 37.494659], [127.015759, 37.494272], [127.0146, 37.493938]], [[127.103736, 37.514878], [127.103381, 37.514532], [127.103071, 37.514258], [127.102956, 37.514185], [127.102782, 37.514095], [127.102407, 37.513942], [127.101891, 37.51376], [127.101667, 37.513691], [127.101242, 37.51355], [127.1001, 37.513189], [127.099728, 37.513088], [127.098915, 37.512877], [127.097463, 37.512493], [127.095591, 37.51213], [127.092935, 37.511908], [127.08878, 37.511493], [127.086433, 37.511548], [127.085792, 37.511566], [127.08528, 37.511578], [127.084538, 37.511598], [127.078467, 37.511769], [127.076284, 37.511445], [127.07532, 37.511284]], [[127.103736, 37.514878], [127.104098, 37.515233], [127.104407, 37.515584]], [[127.104407, 37.515584], [127.104444, 37.515632], [127.104661, 37.515981], [127.104849, 37.516382], [127.104994, 37.516823], [127.10508, 37.517236], [127.1051, 37.517598], [127.105089, 37.517908], [127.105047, 37.518214], [127.104985, 37.518465], [127.104908, 37.518718], [127.104781, 37.51902], [127.104359, 37.51979], [127.104304, 37.519884], [127.103871, 37.520654], [127.103411, 37.521467], [127.102885, 37.522408], [127.102079, 37.523681]], [[127.102079, 37.523681], [127.10146, 37.524685], [127.095645, 37.533744]], [[127.095645, 37.533744], [127.095311, 37.53425], [127.095259, 37.534329], [127.094748, 37.535129], [127.09422, 37.535967], [127.094024, 37.536278], [127.093697, 37.536719], [127.093509, 37.536913], [127.093322, 37.53707], [127.092974, 37.537322], [127.092514, 37.537583], [127.092079, 37.537778], [127.091612, 37.537929], [127.091036, 37.538035], [127.090413, 37.53807], [127.08972, 37.538022], [127.089283, 37.537935], [127.087455, 37.537488], [127.087239, 37.537434], [127.086173, 37.537166], [127.085103, 37.536898], [127.084529, 37.536753], [127.084101, 37.536671], [127.08364, 37.536641], [127.083267, 37.536652], [127.082759, 37.536732], [127.078689, 37.537735], [127.077091, 37.538134], [127.074378, 37.538812], [127.073054, 37.539158], [127.07074, 37.539929], [127.069702, 37.540277], [127.068171, 37.540788], [127.06808, 37.540819], [127.066549, 37.54134], [127.063907, 37.542238], [127.063501, 37.54236], [127.061492, 37.542969], [127.061403, 37.542996], [127.058832, 37.543774], [127.058229, 37.543956], [127.057957, 37.544039], [127.057377, 37.544214]], [[127.057377, 37.544214], [127.057185, 37.544269], [127.055055, 37.544898]], [[127.055055, 37.544898], [127.05497, 37.544924], [127.054599, 37.545036], [127.050442, 37.546297], [127.048646, 37.546829], [127.047419, 37.54725], [127.046397, 37.547587], [127.04628, 37.547632], [127.045837, 37.547807], [127.04565, 37.547902], [127.045523, 37.547972], [127.045399, 37.548053], [127.045254, 37.548167], [127.045127, 37.548285], [127.044945, 37.548501], [127.044822, 37.548661], [127.044767, 37.548756], [127.044687, 37.548908], [127.044623, 37.549036], [127.044562, 37.549197], [127.044507, 37.549327], [127.044412, 37.549923], [127.044325, 37.550583], [127.044291, 37.551869], [127.044257, 37.55222], [127.043936, 37.554206], [127.043853, 37.554661], [127.043684, 37.555727], [127.043628, 37.556079]], [[127.043628, 37.556079], [127.043525, 37.556682]], [[127.043525, 37.556682], [127.043249, 37.559081], [127.043142, 37.559762], [127.042824, 37.560305], [127.042203, 37.560791], [127.041548, 37.561091], [127.041049, 37.561194], [127.040971, 37.561211], [127.040933, 37.561218], [127.04076, 37.561254], [127.039874, 37.561282], [127.038515, 37.561257], [127.037914, 37.561246], [127.037136, 37.561222], [127.036082, 37.561199], [127.035631, 37.561254], [127.035191, 37.561436], [127.034393, 37.561952], [127.033233, 37.562677], [127.029212, 37.564425], [127.027432, 37.564892], [127.026791, 37.564983], [127.024533, 37.565059], [127.024339, 37.565067], [127.023439, 37.565213], [127.021989, 37.56545], [127.020991, 37.565616], [127.019814, 37.565652], [127.018653, 37.5656], [127.017189, 37.565481], [127.016306, 37.56541], [127.014656, 37.56521], [127.012682, 37.564971], [127.012033, 37.564914], [127.011314, 37.564961], [127.01059, 37.565101], [127.008176, 37.565905]], [[127.008176, 37.565905], [127.007715, 37.566025], [127.005467, 37.566455], [127.004516, 37.566636], [127.004201, 37.566701], [127.003385, 37.566793], [127.002753, 37.566829], [127.002007, 37.566825], [126.998, 37.566665], [126.997671, 37.566648], [126.9971, 37.566618], [126.991197, 37.566307], [126.982607, 37.565978]], [[126.982607, 37.565978], [126.979139, 37.565978], [126.978494, 37.565947], [126.978212, 37.56589], [126.977953, 37.565787], [126.97771, 37.565619], [126.977492, 37.565404], [126.977423, 37.565315], [126.977301, 37.565159], [126.97704, 37.56474], [126.97666, 37.564231], [126.976585, 37.564135], [126.976434, 37.564017], [126.976246, 37.563935], [126.974866, 37.563402], [126.973964, 37.563091]], [[127.04289, 37.572141], [127.0396, 37.573637], [127.038702, 37.573871], [127.038363, 37.573973], [127.038082, 37.574044], [127.037961, 37.57405], [127.037661, 37.574047], [127.035038, 37.574019], [127.032436, 37.573955], [127.030621, 37.573925], [127.030013, 37.57392], [127.029503, 37.573917], [127.02903, 37.573914], [127.028494, 37.57391], [127.027855, 37.573905], [127.02781, 37.573905], [127.0274, 37.573902], [127.027169, 37.573901], [127.027105, 37.5739], [127.026946, 37.573911], [127.026787, 37.573936], [127.026648, 37.573973], [127.026511, 37.574023], [127.026404, 37.574069], [127.026335, 37.574098]], [[127.04289, 37.572141], [127.045278, 37.57109], [127.045731, 37.570871], [127.046117, 37.570648], [127.046433, 37.570415], [127.046673, 37.570208], [127.047034, 37.5698]], [[127.047034, 37.5698], [127.047053, 37.56978], [127.047114, 37.569711], [127.047421, 37.569282], [127.047447, 37.569242], [127.047583, 37.568991]], [[127.047583, 37.568991], [127.047651, 37.568871], [127.047715, 37.568727], [127.048028, 37.568025], [127.048142, 37.567653], [127.048186, 37.567368], [127.048237, 37.567073], [127.048272, 37.566898], [127.048337, 37.566736], [127.048443, 37.566522], [127.050189, 37.563469], [127.050615, 37.562567], [127.05082, 37.562128], [127.051012, 37.561725], [127.051118, 37.561511], [127.051413, 37.560973], [127.051652, 37.560421], [127.051925, 37.559842], [127.052216, 37.559175], [127.052419, 37.55879], [127.052778, 37.558111], [127.05289, 37.557832], [127.052957, 37.557573], [127.053001, 37.557303], [127.053068, 37.556644], [127.053145, 37.555993], [127.053239, 37.554683], [127.05326, 37.554385], [127.053265, 37.554218], [127.053265, 37.55405], [127.053241, 37.553893], [127.053216, 37.553722], [127.053173, 37.553552], [127.053119, 37.553402]], [[127.053119, 37.553402], [127.053007, 37.553096], [127.052695, 37.552249], [127.052408, 37.55157], [127.052139, 37.55088], [127.051948, 37.550379], [127.051883, 37.550207], [127.051603, 37.549529], [127.051467, 37.54919], [127.050923, 37.54783], [127.050849, 37.547639], [127.050816, 37.547538]], [[127.050816, 37.547538], [127.050764, 37.547312], [127.050749, 37.547148], [127.05075, 37.546992], [127.050764, 37.546872], [127.050767, 37.546862], [127.050806, 37.546703], [127.050835, 37.546622], [127.050907, 37.546494], [127.051016, 37.546322], [127.051138, 37.54619], [127.05132, 37.546016], [127.051547, 37.545883], [127.051895, 37.545767], [127.052306, 37.545642], [127.053499, 37.545283], [127.054289, 37.545014], [127.054902, 37.544827], [127.057113, 37.544177]], [[127.055092, 37.54497], [127.055004, 37.544999], [127.054241, 37.545221], [127.052462, 37.545739], [127.051885, 37.545947], [127.05171, 37.546022], [127.051547, 37.546117], [127.051414, 37.546217], [127.051292, 37.546332], [127.051162, 37.54645], [127.051091, 37.546546], [127.051006, 37.546674], [127.050955, 37.5468], [127.050899, 37.546904], [127.050862, 37.54707], [127.050844, 37.547185], [127.050847, 37.547308], [127.050853, 37.547406], [127.050861, 37.547478], [127.050889, 37.547563], [127.050949, 37.547715], [127.051021, 37.54792], [127.05114, 37.548215], [127.051221, 37.548392], [127.051272, 37.548518], [127.051326, 37.548681], [127.051466, 37.549031], [127.051602, 37.549377], [127.051692, 37.549612], [127.051717, 37.549679], [127.051794, 37.549873], [127.051861, 37.550043], [127.051993, 37.550376], [127.052195, 37.550889], [127.052295, 37.551149], [127.052398, 37.55139], [127.052624, 37.551932], [127.052848, 37.552515], [127.052988, 37.55287], [127.053161, 37.553395]], [[127.053161, 37.553395], [127.053189, 37.553471], [127.053283, 37.553783], [127.05332, 37.554038], [127.05331, 37.554432], [127.053259, 37.555092], [127.053251, 37.555187], [127.053243, 37.555302], [127.053188, 37.556054], [127.053128, 37.556536], [127.053105, 37.556713], [127.053092, 37.556843], [127.053043, 37.557308], [127.05302, 37.557517], [127.05293, 37.557863], [127.052827, 37.558134], [127.052654, 37.558479], [127.052477, 37.558783], [127.052312, 37.559072], [127.052272, 37.559161], [127.052164, 37.559399], [127.052139, 37.559455], [127.051999, 37.559778], [127.051875, 37.56006], [127.051757, 37.560306], [127.05157, 37.56074], [127.051381, 37.561112], [127.051123, 37.561602], [127.050891, 37.562123], [127.050693, 37.562518], [127.05056, 37.562777], [127.050352, 37.563223], [127.050224, 37.563492], [127.049951, 37.563982], [127.0494, 37.564954], [127.048904, 37.565797], [127.048609, 37.566328], [127.04843, 37.566644], [127.048319, 37.56691], [127.048278, 37.567067], [127.048244, 37.567261], [127.048191, 37.567656], [127.048118, 37.567891], [127.048027, 37.568133], [127.047948, 37.568323], [127.047881, 37.568483], [127.047782, 37.568721], [127.047717, 37.568849], [127.047628, 37.569022]], [[127.047628, 37.569022], [127.047487, 37.569268], [127.047471, 37.569297], [127.047275, 37.569573], [127.047157, 37.569727], [127.047075, 37.569819]], [[127.047075, 37.569819], [127.046739, 37.570201], [127.046709, 37.57023], [127.046466, 37.570439], [127.046146, 37.570676], [127.045756, 37.570901], [127.045301, 37.571121], [127.042912, 37.572173]], [[127.042912, 37.572173], [127.042745, 37.572249], [127.041154, 37.572972], [127.039619, 37.57367], [127.03872, 37.573922], [127.038356, 37.574029], [127.038112, 37.574095], [127.037963, 37.574099], [127.037885, 37.574098], [127.037675, 37.574095], [127.035037, 37.574055], [127.032434, 37.573991], [127.03062, 37.573961], [127.027392, 37.573938], [127.027162, 37.573936], [127.027107, 37.573936], [127.026952, 37.573946], [127.026799, 37.573971], [127.026665, 37.574006], [127.026532, 37.574055], [127.02643, 37.574099], [127.026355, 37.574132], [127.026257, 37.574174], [127.02592, 37.57432], [127.025805, 37.57437], [127.024431, 37.57499]], [[126.891284, 37.508987], [126.890999, 37.509386], [126.890758, 37.509668], [126.890216, 37.510298], [126.889653, 37.510964], [126.889394, 37.511317], [126.889244, 37.511588], [126.88914, 37.511726], [126.889047, 37.511831], [126.888912, 37.511932], [126.888734, 37.51203], [126.888458, 37.512145], [126.888113, 37.512251], [126.887756, 37.512366], [126.887329, 37.512507], [126.886776, 37.512614], [126.886148, 37.512774], [126.885555, 37.512948], [126.885262, 37.513089], [126.88486, 37.513316], [126.883774, 37.5139], [126.883645, 37.513969]], [[126.883645, 37.513969], [126.883317, 37.514144], [126.883003, 37.514314], [126.882632, 37.514499], [126.880783, 37.515429], [126.880452, 37.515584], [126.880091, 37.515734], [126.879666, 37.515894], [126.879143, 37.51607], [126.87866, 37.516195], [126.878204, 37.516292], [126.877795, 37.516351], [126.877377, 37.516394], [126.877028, 37.516419], [126.876803, 37.51642], [126.876579, 37.516416], [126.876341, 37.516399], [126.876108, 37.516372], [126.875834, 37.516323], [126.875568, 37.516269], [126.875276, 37.51619], [126.874841, 37.516054], [126.87453, 37.515913], [126.874233, 37.515788], [126.873921, 37.515653], [126.872661, 37.515099], [126.872401, 37.514998], [126.872079, 37.514877], [126.871969, 37.514839], [126.871596, 37.514711], [126.871305, 37.51461], [126.870511, 37.514336], [126.870261, 37.51425], [126.86973, 37.514046], [126.869408, 37.513905], [126.869213, 37.513808], [126.868962, 37.513674], [126.86863, 37.513466], [126.868219, 37.51318], [126.86807, 37.513096], [126.867969, 37.513038], [126.867733, 37.512938], [126.867445, 37.512828], [126.866791, 37.512586], [126.865911, 37.5123], [126.865366, 37.512117], [126.863532, 37.511587], [126.861407, 37.510922], [126.8606, 37.510717], [126.860212, 37.510632], [126.859678, 37.510553], [126.859292, 37.510532], [126.858941, 37.510517], [126.85859, 37.510548], [126.858137, 37.51062], [126.857778, 37.51069], [126.857473, 37.510793], [126.857209, 37.510908], [126.856923, 37.511091], [126.856722, 37.511268], [126.856522, 37.511454], [126.856357, 37.511697], [126.856253, 37.511916], [126.856171, 37.51218], [126.856061, 37.512648], [126.855884, 37.513544], [126.855153, 37.51531], [126.854112, 37.517559], [126.853482, 37.519], [126.853057, 37.520024], [126.85249, 37.521207], [126.85216, 37.521925], [126.85199, 37.52226], [126.851346, 37.523359]], [[126.846698, 37.531368], [126.847133, 37.530652], [126.847678, 37.529753], [126.847999, 37.529263], [126.84855, 37.52822], [126.848853, 37.527646], [126.848912, 37.527539], [126.849478, 37.526518], [126.849941, 37.525675], [126.850263, 37.525101], [126.850489, 37.524737], [126.851042, 37.523892], [126.851307, 37.523427], [126.851346, 37.523359]], [[126.851346, 37.523359], [126.852025, 37.522085], [126.852483, 37.521093], [126.853005, 37.520017], [126.853453, 37.518978], [126.854051, 37.517543], [126.854966, 37.515568], [126.855283, 37.514771], [126.855551, 37.514197], [126.855762, 37.513612], [126.855827, 37.513348], [126.855994, 37.512553], [126.856073, 37.512129], [126.856159, 37.511874], [126.856252, 37.511674], [126.856411, 37.511429], [126.856589, 37.511244], [126.856867, 37.511], [126.85719, 37.510814], [126.857428, 37.510712], [126.85782, 37.510601], [126.858183, 37.510524], [126.858641, 37.510462], [126.858992, 37.510441], [126.859256, 37.51045], [126.859509, 37.510474], [126.859832, 37.510512], [126.860244, 37.510577], [126.860673, 37.510656], [126.861448, 37.510849], [126.862421, 37.511146], [126.863018, 37.51136], [126.863559, 37.511548]], [[126.863559, 37.511548], [126.865227, 37.512041], [126.865386, 37.512084], [126.86593, 37.512268], [126.866805, 37.512563], [126.867471, 37.512799], [126.867795, 37.512921], [126.868016, 37.513013], [126.868119, 37.513068], [126.868223, 37.51313], [126.868617, 37.513407], [126.868838, 37.513551], [126.869012, 37.513666], [126.869232, 37.513791], [126.869432, 37.513895], [126.869742, 37.514024], [126.87027, 37.514223], [126.870538, 37.514309], [126.871322, 37.514556], [126.871444, 37.5146], [126.871616, 37.514662], [126.871991, 37.514797], [126.872433, 37.514957], [126.872686, 37.515066], [126.873933, 37.515629], [126.874148, 37.515724], [126.874556, 37.515892], [126.874872, 37.516028], [126.875289, 37.516164], [126.875582, 37.516241], [126.875847, 37.516295], [126.876117, 37.516346], [126.876351, 37.516373], [126.876587, 37.516388], [126.876808, 37.516394], [126.877036, 37.51639], [126.877383, 37.516365], [126.877792, 37.516317], [126.8782, 37.516255], [126.878657, 37.51616], [126.879132, 37.516038], [126.879652, 37.515865], [126.880081, 37.515702], [126.880435, 37.51555], [126.880767, 37.515398], [126.882615, 37.51447], [126.88327, 37.514102]], [[126.88327, 37.514102], [126.883441, 37.514041], [126.883645, 37.513969]], [[126.976282, 37.563883], [126.976473, 37.563973], [126.976603, 37.564086], [126.976722, 37.564212], [126.977355, 37.565135], [126.97747, 37.565284], [126.977545, 37.565375], [126.977754, 37.565584], [126.978001, 37.565747], [126.978237, 37.565845], [126.978497, 37.5659], [126.979136, 37.565932], [126.982604, 37.565924]], [[126.982604, 37.565924], [126.991197, 37.566258], [126.998004, 37.566596], [127.002009, 37.566785], [127.002747, 37.566793], [127.002802, 37.56679], [127.003377, 37.566757], [127.00419, 37.566657], [127.007696, 37.565977], [127.007989, 37.565897], [127.008138, 37.565848], [127.010576, 37.565067], [127.011309, 37.564927], [127.012028, 37.564886], [127.012687, 37.564937], [127.014659, 37.56518], [127.016308, 37.565374], [127.018658, 37.565573], [127.019811, 37.565611], [127.020444, 37.565596], [127.020978, 37.565584], [127.021976, 37.565424], [127.024331, 37.565044], [127.024529, 37.565037], [127.026788, 37.56495], [127.027423, 37.564859], [127.029199, 37.564393], [127.033217, 37.562648], [127.03437, 37.561927], [127.035167, 37.561412], [127.035628, 37.561229], [127.036081, 37.561174], [127.037134, 37.561196], [127.039869, 37.561253], [127.040154, 37.561246], [127.040284, 37.561243], [127.040751, 37.561231], [127.04154, 37.561066], [127.042189, 37.560772], [127.042798, 37.56029], [127.043106, 37.55976], [127.043218, 37.559075], [127.04343, 37.557227], [127.043492, 37.556679], [127.043588, 37.556074]], [[127.043588, 37.556074], [127.043644, 37.555723], [127.043816, 37.554656], [127.043897, 37.5542], [127.044219, 37.552222], [127.044256, 37.551873], [127.044285, 37.550581], [127.044376, 37.549917], [127.044479, 37.549323], [127.044528, 37.54919], [127.044596, 37.549026], [127.044658, 37.5489], [127.044737, 37.548743], [127.044792, 37.548648], [127.04491, 37.548488], [127.045101, 37.548269], [127.045231, 37.548151], [127.045375, 37.548037], [127.045506, 37.547952], [127.04563, 37.54788], [127.045819, 37.547787], [127.046267, 37.547604], [127.047394, 37.54722], [127.0484, 37.546884], [127.04863, 37.546799], [127.05043, 37.546263], [127.054578, 37.545004]], [[127.054578, 37.545004], [127.057144, 37.544241], [127.057263, 37.544202], [127.057353, 37.544175], [127.057938, 37.543999], [127.05821, 37.543917], [127.058817, 37.543735], [127.06139, 37.542961], [127.063491, 37.542334], [127.063893, 37.542212], [127.066531, 37.541311], [127.068057, 37.540788], [127.068164, 37.540751], [127.069688, 37.540248], [127.070259, 37.540057], [127.070725, 37.5399], [127.073041, 37.539127], [127.074369, 37.538787], [127.077079, 37.538102], [127.078672, 37.537704], [127.082744, 37.5367], [127.083259, 37.53662], [127.083639, 37.536608], [127.0841, 37.536644], [127.08454, 37.536722], [127.085104, 37.536865], [127.086198, 37.53714], [127.08725, 37.537405], [127.087466, 37.537458], [127.089293, 37.537908], [127.089724, 37.537994], [127.090416, 37.538038], [127.091031, 37.538002], [127.091601, 37.537899], [127.092061, 37.537753], [127.092487, 37.537556], [127.092951, 37.537295], [127.093285, 37.53705], [127.09348, 37.536889], [127.093665, 37.5367], [127.093982, 37.536263], [127.09418, 37.535961], [127.094716, 37.535117], [127.095225, 37.534316], [127.095277, 37.534235], [127.095602, 37.533728]], [[127.095602, 37.533728], [127.101887, 37.523926], [127.10204, 37.523663]], [[127.10204, 37.523663], [127.102846, 37.522381], [127.103375, 37.521458], [127.103822, 37.520657], [127.104264, 37.519871], [127.104318, 37.519775], [127.104737, 37.518999], [127.104853, 37.5187], [127.104938, 37.518451], [127.104998, 37.518211], [127.105042, 37.517905], [127.105055, 37.517598], [127.105034, 37.51724], [127.104943, 37.51683], [127.104794, 37.51639], [127.104613, 37.515998], [127.104403, 37.515652], [127.104363, 37.515593]], [[127.104363, 37.515593], [127.104062, 37.515247], [127.1037, 37.514914]], [[127.1037, 37.514914], [127.103339, 37.514562], [127.103046, 37.514314], [127.10292, 37.514233], [127.102724, 37.514133], [127.102349, 37.51399], [127.101849, 37.513799], [127.101658, 37.513736], [127.101266, 37.513608], [127.100084, 37.513231], [127.09891, 37.512919], [127.097431, 37.512562], [127.095585, 37.512194], [127.092928, 37.511948], [127.088778, 37.511535], [127.086438, 37.511592], [127.085804, 37.511611], [127.08552, 37.511618], [127.084558, 37.511645], [127.078461, 37.511811], [127.076272, 37.511494], [127.075325, 37.511339], [127.073716, 37.511085], [127.072484, 37.510888]], [[127.072484, 37.510888], [127.071904, 37.510794], [127.071634, 37.510749], [127.067023, 37.509988], [127.066408, 37.509857], [127.065401, 37.509577], [127.064782, 37.509414], [127.06419, 37.50925], [127.063092, 37.508908], [127.062061, 37.50859], [127.061795, 37.508508], [127.061743, 37.508491], [127.060767, 37.508176], [127.059597, 37.50777], [127.059354, 37.507685], [127.058179, 37.507311], [127.057542, 37.507097], [127.056862, 37.506896], [127.056619, 37.506824], [127.056422, 37.506769], [127.048901, 37.504488], [127.04423, 37.503068], [127.038341, 37.501242], [127.036897, 37.500823], [127.027705, 37.497983], [127.027597, 37.497949], [127.02592, 37.497424], [127.023802, 37.496784], [127.022241, 37.496316], [127.021574, 37.496108], [127.020667, 37.495829], [127.019422, 37.495452], [127.017829, 37.494958], [127.016963, 37.494692], [127.015753, 37.494309], [127.014605, 37.493973]], [[127.014605, 37.493973], [127.013221, 37.493567], [127.011067, 37.492915], [127.009713, 37.4925], [127.007624, 37.49184], [127.006941, 37.491618], [127.006298, 37.491414], [127.005977, 37.491314], [127.00568, 37.491201], [127.00547, 37.491085], [127.005196, 37.490847], [127.005032, 37.490694], [127.004941, 37.490585], [127.004863, 37.490462], [127.004804, 37.490338], [127.004761, 37.490164], [127.004606, 37.489453], [127.003793, 37.484366]], [[126.978722, 37.476672], [126.979342, 37.47668], [126.979983, 37.476669], [126.980167, 37.476665], [126.982549, 37.476535], [126.98307, 37.476506], [126.983577, 37.476506], [126.984505, 37.476538], [126.984795, 37.476569], [126.98505, 37.476612], [126.985264, 37.476663], [126.985491, 37.476725], [126.986742, 37.47735], [126.987126, 37.477543], [126.987389, 37.477667], [126.98754, 37.477745], [126.988046, 37.477996], [126.988429, 37.478185], [126.988786, 37.478368], [126.989302, 37.478634], [126.98958, 37.478782], [126.989982, 37.478971], [126.990393, 37.479126], [126.990921, 37.479321], [126.991118, 37.479383], [126.991707, 37.47957], [126.992359, 37.479782], [126.992902, 37.479954], [126.993641, 37.480204], [126.994368, 37.480441], [126.994889, 37.4806], [126.995646, 37.480836], [126.996306, 37.481052], [126.996869, 37.481228], [126.997253, 37.481351], [126.997662, 37.481481], [126.997865, 37.481541], [126.998033, 37.481562], [126.998645, 37.481622], [126.999774, 37.481715], [127.002169, 37.482306], [127.002329, 37.482376], [127.002455, 37.482429], [127.002546, 37.48248], [127.002938, 37.482732], [127.003208, 37.48303], [127.003415, 37.48341], [127.003573, 37.483764], [127.003688, 37.484075], [127.003793, 37.484366]], [[126.952753, 37.481224], [126.953364, 37.481016], [126.954281, 37.480691], [126.95544, 37.480247], [126.955802, 37.480106], [126.95706, 37.479605], [126.958705, 37.478952], [126.959508, 37.478624], [126.95988, 37.478479], [126.96188, 37.477717], [126.962329, 37.47754], [126.96356, 37.477066], [126.966733, 37.475831], [126.967471, 37.475555], [126.967877, 37.475455], [126.96831, 37.47538], [126.968861, 37.475306], [126.969225, 37.475282], [126.969595, 37.475283], [126.969686, 37.475286], [126.969983, 37.4753], [126.970265, 37.475327], [126.970526, 37.475375], [126.970856, 37.475451], [126.973406, 37.476069], [126.97387, 37.476172], [126.974352, 37.476269], [126.974727, 37.476336], [126.974981, 37.476377], [126.975512, 37.476445], [126.97613, 37.476527], [126.976645, 37.476587], [126.97685, 37.476599], [126.977152, 37.476619], [126.977733, 37.476649], [126.977894, 37.476661], [126.978722, 37.476672]], [[126.929695, 37.484248], [126.929797, 37.484261], [126.9306, 37.484368], [126.931033, 37.484428], [126.931143, 37.484443], [126.934187, 37.484838], [126.934724, 37.484868], [126.935052, 37.484871], [126.935418, 37.484852], [126.935668, 37.484837], [126.935952, 37.484782], [126.936208, 37.484722], [126.936411, 37.484671], [126.936553, 37.484623], [126.937835, 37.484064], [126.939192, 37.483449], [126.940537, 37.482832], [126.940867, 37.482688], [126.941178, 37.482578], [126.941661, 37.48245], [126.941995, 37.482387], [126.942539, 37.482305], [126.943034, 37.48225], [126.944677, 37.482098], [126.945721, 37.481993], [126.946287, 37.481942], [126.948951, 37.481673], [126.951481, 37.481415], [126.952254, 37.481334], [126.952753, 37.481224]], [[126.926682, 37.484266], [126.927177, 37.484132], [126.927388, 37.484097], [126.927605, 37.484094], [126.927761, 37.484096], [126.928096, 37.484108], [126.928631, 37.484113], [126.9295, 37.48422], [126.929695, 37.484248]], [[126.925084, 37.485198], [126.925176, 37.485105], [126.925446, 37.484862], [126.925709, 37.484654], [126.926041, 37.484483], [126.926377, 37.484355], [126.926682, 37.484266]], [[126.924663, 37.485649], [126.925084, 37.485198]], [[126.892591, 37.500666], [126.89261, 37.500579], [126.892637, 37.500461], [126.892715, 37.500189], [126.892763, 37.500036], [126.892809, 37.499898], [126.892865, 37.499751], [126.892924, 37.499598], [126.893415, 37.4985], [126.893525, 37.498159], [126.893586, 37.49781], [126.893667, 37.497248], [126.893777, 37.496705], [126.893879, 37.496333], [126.894083, 37.495761], [126.894394, 37.494956], [126.895014, 37.493293], [126.895496, 37.492], [126.896569, 37.489131], [126.89669, 37.488861], [126.896851, 37.488544], [126.897071, 37.488216], [126.897272, 37.487942], [126.897658, 37.487554], [126.898181, 37.487137], [126.898557, 37.486875], [126.899013, 37.48659], [126.89952, 37.486309], [126.900459, 37.485747], [126.900743, 37.485611], [126.900974, 37.4855], [126.901362, 37.485364], [126.90159, 37.485296], [126.901813, 37.485228], [126.902175, 37.485145], [126.902723, 37.485049], [126.903183, 37.485037], [126.905083, 37.484966], [126.905568, 37.484977], [126.906002, 37.48503], [126.906509, 37.485124], [126.907027, 37.48525], [126.910758, 37.486384], [126.91123, 37.486558], [126.91228, 37.48699], [126.912894, 37.487313], [126.913392, 37.48763], [126.915509, 37.48898], [126.915937, 37.489238], [126.916329, 37.4894], [126.91645, 37.489449], [126.91675, 37.48954], [126.917281, 37.489666], [126.917547, 37.489704], [126.917836, 37.48974], [126.918266, 37.489772], [126.918622, 37.489768], [126.919067, 37.48973], [126.919397, 37.489687], [126.919695, 37.489634], [126.91995, 37.489578], [126.920336, 37.48944], [126.920701, 37.489291], [126.921189, 37.489053], [126.921653, 37.48871], [126.921897, 37.488504], [126.92212, 37.488299], [126.923203, 37.487188], [126.923291, 37.487098], [126.923724, 37.486652], [126.924663, 37.485649]], [[126.892852, 37.504315], [126.892597, 37.502589], [126.892535, 37.502187], [126.892516, 37.501934], [126.892506, 37.501679], [126.892495, 37.501506], [126.8925, 37.501323], [126.892516, 37.501136], [126.892546, 37.500908], [126.892591, 37.500666]], [[126.898374, 37.529386], [126.898248, 37.529224], [126.898079, 37.529], [126.897748, 37.528588], [126.897295, 37.527961], [126.897182, 37.527773], [126.897047, 37.527125], [126.896882, 37.526481], [126.896691, 37.525727], [126.896594, 37.525309], [126.896295, 37.523995], [126.896195, 37.52361], [126.896127, 37.523303], [126.896092, 37.523161], [126.896008, 37.522831], [126.895388, 37.520189], [126.895019, 37.51897], [126.894901, 37.518398], [126.894681, 37.517283], [126.894578, 37.516872], [126.89449, 37.516511], [126.894407, 37.5163], [126.894271, 37.516064], [126.894134, 37.515779], [126.893975, 37.515562], [126.893772, 37.515324], [126.893226, 37.514857], [126.892555, 37.514335], [126.892192, 37.514057], [126.891796, 37.513745], [126.891387, 37.51342], [126.891209, 37.513277], [126.890623, 37.512832], [126.890284, 37.512565], [126.890023, 37.512334], [126.889884, 37.512136], [126.889808, 37.511991], [126.889783, 37.511907], [126.889728, 37.511728], [126.889715, 37.511549], [126.889728, 37.511438], [126.889775, 37.511204], [126.889831, 37.51104], [126.8899, 37.510862], [126.89002, 37.51071], [126.890268, 37.510379], [126.890552, 37.510007], [126.890716, 37.509788], [126.8909, 37.5095], [126.891233, 37.508971], [126.891536, 37.508499], [126.891755, 37.508156], [126.891781, 37.508116], [126.892037, 37.507793], [126.892358, 37.507316], [126.892618, 37.506809], [126.892734, 37.506553], [126.892841, 37.506292], [126.892908, 37.506028], [126.892956, 37.505762], [126.89297, 37.505479], [126.892954, 37.505215], [126.892852, 37.504315]], [[126.903342, 37.53566], [126.903301, 37.535615], [126.901936, 37.533884], [126.898374, 37.529386]], [[126.912181, 37.546904], [126.911776, 37.545766], [126.911592, 37.545314], [126.911158, 37.544666], [126.910688, 37.544126], [126.910267, 37.543635], [126.905013, 37.537582], [126.903462, 37.535813], [126.903342, 37.53566]], [[126.912181, 37.546904], [126.912378, 37.547489], [126.912605, 37.547924], [126.912901, 37.548401]], [[126.912901, 37.548401], [126.91331, 37.548943], [126.913481, 37.549132], [126.91355, 37.54919], [126.9139, 37.54944], [126.914682, 37.550043], [126.923514, 37.556626], [126.924451, 37.557329], [126.925776, 37.558324], [126.925939, 37.558444], [126.926065, 37.558529], [126.926208, 37.558591], [126.926358, 37.558635], [126.926535, 37.558659], [126.926712, 37.558665], [126.926854, 37.558655], [126.92705, 37.558608], [126.927264, 37.558548], [126.936443, 37.555222], [126.936907, 37.555131], [126.937392, 37.555203], [126.937889, 37.555375], [126.938837, 37.55568], [126.941004, 37.556401], [126.94141, 37.556496], [126.94196, 37.556551], [126.945841, 37.55674], [126.956133, 37.557402], [126.956189, 37.557399], [126.958609, 37.557254], [126.959255, 37.557263], [126.95978, 37.557333], [126.95988, 37.557347], [126.96091, 37.557668], [126.96131, 37.55787], [126.963698, 37.559325], [126.966862, 37.561253], [126.967417, 37.561474], [126.968112, 37.561638], [126.972766, 37.562729], [126.97362, 37.562943], [126.973969, 37.563042], [126.974806, 37.563317], [126.976282, 37.563883]]]}, "properties": {"ref": "2", "name": "서울 지하철 2호선: 외선순환", "operator": "서울교통공사", "color": "#00A23F"}}, {"type": "Feature", "geometry": {"type": "MultiLineString", "coordinates": [[[127.07844, 37.669575], [127.078382, 37.669504], [127.078253, 37.66935], [127.077912, 37.668942], [127.076331, 37.667048], [127.076104, 37.666702], [127.076012, 37.666494], [127.075931, 37.666222], [127.075919, 37.66599], [127.075918, 37.66487], [127.07579, 37.66392]], [[127.07579, 37.66392], [127.07562, 37.663049], [127.075611, 37.663002], [127.075546, 37.662833], [127.075457, 37.662668], [127.075366, 37.662544], [127.075188, 37.662336], [127.074818, 37.662006], [127.073706, 37.661044], [127.073522, 37.660864], [127.073266, 37.660615], [127.072674, 37.659991], [127.072643, 37.659959], [127.071894, 37.659181], [127.071633, 37.658989], [127.071473, 37.658893], [127.07134, 37.658815], [127.071146, 37.658726], [127.070825, 37.658616], [127.070269, 37.658485], [127.069622, 37.658355], [127.069344, 37.658284], [127.069112, 37.658225], [127.069087, 37.658219], [127.068628, 37.658097], [127.068547, 37.658066], [127.068318, 37.657977], [127.067862, 37.657734], [127.067553, 37.657588], [127.066636, 37.657143], [127.066178, 37.656982], [127.065584, 37.65685], [127.06458, 37.656629], [127.063441, 37.656371], [127.063415, 37.656365], [127.062363, 37.656124]], [[127.062363, 37.656124], [127.062197, 37.656088], [127.061627, 37.655963], [127.061318, 37.655895], [127.056238, 37.654756], [127.055691, 37.654646], [127.055338, 37.654583], [127.05484, 37.654531], [127.053325, 37.654441], [127.052862, 37.654399], [127.052152, 37.654264], [127.049772, 37.653698], [127.04885, 37.65348]], [[127.04885, 37.65348], [127.048831, 37.653475], [127.047822, 37.653239], [127.047701, 37.65321], [127.046659, 37.652964]], [[127.046659, 37.652964], [127.046618, 37.652955]], [[127.046618, 37.652955], [127.042107, 37.651892]], [[127.042107, 37.651892], [127.041218, 37.651722], [127.037664, 37.651465], [127.037354, 37.651426], [127.036827, 37.651255], [127.036602, 37.651131], [127.036318, 37.650968], [127.036128, 37.650845], [127.035957, 37.65069], [127.03584, 37.650551], [127.035738, 37.650389], [127.035621, 37.650213], [127.034548, 37.64842], [127.034508, 37.648352], [127.033663, 37.646928], [127.033092, 37.645966], [127.032491, 37.644895], [127.031918, 37.644027], [127.031386, 37.643407], [127.030143, 37.642242], [127.025691, 37.637989], [127.023731, 37.636225], [127.023393, 37.635766], [127.023251, 37.635531], [127.023181, 37.635252], [127.023309, 37.634031], [127.023429, 37.633399], [127.023594, 37.632843], [127.024073, 37.631616], [127.025296, 37.628486], [127.025509, 37.627941], [127.026089, 37.626457], [127.026491, 37.62543], [127.029792, 37.617182], [127.029838, 37.616752], [127.030074, 37.613164], [127.030311, 37.611145], [127.03031, 37.610495], [127.030231, 37.60972], [127.030087, 37.609198], [127.029785, 37.60862], [127.028371, 37.607044], [127.027704, 37.606377], [127.025869, 37.60483], [127.025676, 37.604653], [127.025496, 37.604471], [127.025396, 37.604346], [127.025347, 37.604259], [127.024876, 37.603351], [127.024782, 37.603166], [127.024414, 37.602421], [127.021877, 37.597729], [127.021299, 37.596671], [127.021011, 37.596279], [127.019836, 37.595219], [127.018703, 37.594229], [127.018303, 37.593868], [127.01782, 37.593452], [127.017411, 37.593151], [127.016936, 37.592896], [127.016752, 37.592796], [127.016411, 37.592665], [127.01573, 37.592497], [127.014819, 37.592394], [127.014158, 37.592253], [127.013964, 37.5922], [127.013763, 37.592122], [127.012474, 37.591482], [127.010292, 37.590348], [127.008327, 37.589494], [127.008293, 37.589479], [127.007437, 37.589138], [127.007297, 37.589079], [127.005316, 37.588201]], [[127.005316, 37.588201], [127.005081, 37.588113], [127.0045, 37.58789], [127.003961, 37.587686], [127.002962, 37.587251], [127.002655, 37.587075], [127.002265, 37.586796], [127.001927, 37.586459], [127.00166, 37.586126], [127.001525, 37.58594], [127.001375, 37.585695], [127.001325, 37.585531], [127.001302, 37.585385], [127.001294, 37.585273], [127.001307, 37.585144], [127.001365, 37.584804], [127.001567, 37.583793], [127.001898, 37.582491], [127.001931, 37.582143], [127.002051, 37.580891], [127.002193, 37.577712], [127.002212, 37.577544], [127.002252, 37.577313], [127.002318, 37.577099], [127.002423, 37.576851], [127.002534, 37.576663], [127.002612, 37.576556], [127.002723, 37.576457], [127.00283, 37.576382], [127.002931, 37.576332], [127.003595, 37.576135], [127.004457, 37.575878], [127.004987, 37.575599], [127.005402, 37.575212], [127.006095, 37.574489], [127.008169, 37.57225]], [[127.009824, 37.569806], [127.009688, 37.570194], [127.00961, 37.570393], [127.009551, 37.570483], [127.009375, 37.570756], [127.009136, 37.571093], [127.008925, 37.571378], [127.008169, 37.57225]], [[127.001896, 37.563054], [127.00393, 37.563538], [127.005482, 37.563839], [127.005918, 37.563895], [127.006389, 37.56392], [127.00654, 37.563945], [127.006655, 37.563988], [127.006953, 37.564127], [127.007096, 37.564193], [127.007166, 37.564237], [127.007227, 37.564279], [127.007316, 37.56435], [127.007397, 37.564429], [127.007477, 37.564527], [127.007681, 37.564764], [127.008048, 37.565203], [127.008324, 37.565521], [127.008601, 37.565858], [127.008868, 37.566251], [127.009137, 37.566736], [127.009345, 37.56711], [127.009472, 37.567369], [127.009572, 37.567554], [127.009677, 37.567875], [127.009734, 37.568141], [127.009793, 37.568552], [127.009847, 37.568837], [127.009878, 37.569103], [127.009891, 37.569444], [127.009866, 37.569617], [127.009824, 37.569806]], [[126.996311, 37.56176], [126.996697, 37.561851], [126.998056, 37.562167], [127.000854, 37.562806], [127.001588, 37.562978], [127.001896, 37.563054]], [[126.992391, 37.561067], [126.992603, 37.561065], [126.992826, 37.561055], [126.993074, 37.561053], [126.99325, 37.561064], [126.993442, 37.561086], [126.993646, 37.56111], [126.994151, 37.561228], [126.994473, 37.561311], [126.995755, 37.561629], [126.996311, 37.56176]], [[126.979859, 37.55945], [126.980947, 37.559807], [126.982029, 37.560385], [126.982513, 37.560555], [126.983053, 37.560634], [126.98629, 37.560917], [126.988771, 37.561174], [126.989043, 37.561203], [126.989346, 37.561221], [126.989848, 37.561208], [126.990266, 37.561163], [126.991117, 37.561071], [126.991268, 37.561067], [126.992391, 37.561067]], [[126.972449, 37.552576], [126.972636, 37.553328], [126.972685, 37.553584], [126.972711, 37.553865], [126.97269, 37.554261], [126.972629, 37.554629], [126.972604, 37.554871], [126.972615, 37.555069], [126.97266, 37.555314], [126.972714, 37.555501], [126.972802, 37.555679], [126.972891, 37.555867], [126.972992, 37.556027], [126.973132, 37.556172], [126.973279, 37.556289], [126.973438, 37.556369], [126.973728, 37.556468], [126.974474, 37.556775], [126.975344, 37.557069], [126.977296, 37.557826], [126.977364, 37.557851], [126.977579, 37.557973], [126.977706, 37.558058], [126.977823, 37.558149], [126.978034, 37.558342], [126.978228, 37.558551], [126.978436, 37.558761], [126.978628, 37.558932], [126.978897, 37.559108], [126.979238, 37.559274], [126.979673, 37.5594], [126.979784, 37.55943], [126.979859, 37.55945]], [[126.983259, 37.518392], [126.983198, 37.518809], [126.98318, 37.518875], [126.983162, 37.518922], [126.983054, 37.519171], [126.982923, 37.5194], [126.982795, 37.519562], [126.98277, 37.519586], [126.982731, 37.519613], [126.982464, 37.519774], [126.982422, 37.519797], [126.982376, 37.519818], [126.981775, 37.520059], [126.973612, 37.522618], [126.972077, 37.523063], [126.971355, 37.523191], [126.970629, 37.5233], [126.97029, 37.523373], [126.969844, 37.523584], [126.967219, 37.525025], [126.967099, 37.525104], [126.966985, 37.525198], [126.966787, 37.525391], [126.966616, 37.525609], [126.966489, 37.525826], [126.966365, 37.526083], [126.966282, 37.52631], [126.966229, 37.526522], [126.966217, 37.526727], [126.966226, 37.526962], [126.966252, 37.527168], [126.966276, 37.527302], [126.966314, 37.527423], [126.966359, 37.527541], [126.966414, 37.527643], [126.966478, 37.527766], [126.966518, 37.527839], [126.96661, 37.527976], [126.966732, 37.528114], [126.967807, 37.529157], [126.968164, 37.529516], [126.968575, 37.529935], [126.969663, 37.531065], [126.970133, 37.531553], [126.970155, 37.531576], [126.972383, 37.533891], [126.972903, 37.534458], [126.974051, 37.535731], [126.974123, 37.535887], [126.974175, 37.536023], [126.974212, 37.53623], [126.974229, 37.536418], [126.97419, 37.536663], [126.972264, 37.543855], [126.972154, 37.544263], [126.971921, 37.545138], [126.971774, 37.547252], [126.971739, 37.549298], [126.97207, 37.550994], [126.972363, 37.552259], [126.972391, 37.552366], [126.972449, 37.552576]], [[126.983246, 37.516942], [126.983259, 37.518392]], [[126.983208, 37.516014], [126.98323, 37.516214], [126.983243, 37.516504], [126.983246, 37.516942]], [[126.980175, 37.50451], [126.980302, 37.505144], [126.980758, 37.506621], [126.983059, 37.515248], [126.983186, 37.515814], [126.983208, 37.516014]], [[126.98146, 37.501391], [126.981142, 37.501716], [126.980952, 37.501942], [126.980829, 37.502119], [126.980602, 37.502501], [126.980377, 37.502957], [126.980265, 37.503322], [126.980206, 37.50362], [126.980185, 37.503827], [126.980163, 37.504044], [126.980153, 37.504233], [126.980175, 37.50451]], [[126.983227, 37.498741], [126.983254, 37.499057], [126.983239, 37.499179], [126.983144, 37.499495], [126.983024, 37.49979], [126.982885, 37.500016], [126.982583, 37.500427], [126.982387, 37.500654], [126.982106, 37.50088], [126.981733, 37.50119], [126.98146, 37.501391]], [[126.982582, 37.49661], [126.98309, 37.498069], [126.983158, 37.498283], [126.98321, 37.498538], [126.983227, 37.498741]], [[126.981585, 37.476264], [126.981612, 37.476917], [126.981663, 37.478396], [126.981693, 37.478843], [126.981712, 37.479169], [126.981738, 37.479623], [126.981838, 37.481294], [126.981858, 37.48183], [126.981913, 37.482735], [126.98198, 37.483909], [126.982068, 37.48514], [126.982158, 37.48637], [126.982205, 37.487026], [126.982233, 37.487425], [126.982239, 37.487508], [126.982285, 37.488155], [126.982352, 37.48849], [126.98244, 37.488934], [126.982517, 37.489323], [126.982546, 37.48954], [126.982589, 37.489877], [126.982598, 37.490124], [126.982623, 37.490866], [126.982507, 37.496201], [126.982539, 37.496405], [126.982582, 37.49661]], [[126.988918, 37.463972], [126.988234, 37.465498], [126.987951, 37.466133], [126.987799, 37.466446], [126.987654, 37.466695], [126.987395, 37.46702], [126.987025, 37.467489], [126.986795, 37.467743], [126.986754, 37.467789], [126.986624, 37.467932], [126.986573, 37.467988], [126.985975, 37.468547], [126.985259, 37.469085], [126.984727, 37.469538], [126.984278, 37.469977], [126.983866, 37.470526], [126.983492, 37.471074], [126.983063, 37.47181], [126.98284, 37.472252], [126.982747, 37.472436], [126.982591, 37.472738], [126.982528, 37.472859], [126.982461, 37.472988], [126.982315, 37.473269], [126.981971, 37.474], [126.98173, 37.474871], [126.981641, 37.475263], [126.981585, 37.475622], [126.981581, 37.475758], [126.981579, 37.476042], [126.981585, 37.476264]], [[126.990746, 37.460031], [126.990412, 37.460493], [126.990376, 37.46057], [126.990122, 37.461099], [126.989895, 37.461506], [126.989014, 37.463721], [126.988918, 37.463972]], [[126.990746, 37.460031], [126.991639, 37.458854], [126.991765, 37.458716], [126.99245, 37.457962], [126.992788, 37.457676], [126.993054, 37.457477], [126.993364, 37.457245], [126.994296, 37.456708]], [[126.994296, 37.456708], [126.995002, 37.456291], [126.995252, 37.456145], [126.995451, 37.456028], [126.996283, 37.455571], [126.997503, 37.454894], [126.998369, 37.454351]], [[126.998369, 37.454351], [126.998933, 37.45396], [126.999407, 37.453678], [126.999998, 37.453249], [127.000364, 37.453006], [127.000647, 37.452821], [127.00082, 37.452721], [127.001065, 37.45258], [127.001267, 37.452449], [127.001722, 37.452149], [127.002142, 37.451834], [127.002472, 37.451535], [127.002769, 37.451159], [127.003056, 37.450745], [127.003422, 37.450256], [127.003848, 37.449691], [127.004432, 37.448848], [127.007564, 37.444516], [127.007913, 37.443829], [127.008044, 37.442783], [127.008529, 37.439154], [127.008513, 37.438679], [127.008248, 37.437943], [127.007239, 37.436767], [127.007034, 37.436443], [127.006974, 37.436347], [127.006598, 37.435765], [127.006177, 37.435088], [127.00578, 37.434475], [127.005627, 37.434278], [127.005414, 37.43408], [127.005228, 37.433931], [127.004973, 37.433759], [127.004684, 37.433593], [127.004384, 37.433458], [127.003928, 37.433314], [127.003554, 37.43324], [127.003288, 37.433213], [127.002879, 37.433201], [127.002352, 37.433199], [126.998883, 37.433172], [126.998007, 37.433178], [126.99761, 37.433153], [126.997163, 37.433107], [126.996843, 37.433028], [126.996486, 37.432924], [126.99607, 37.43278], [126.995682, 37.432625], [126.99544, 37.432474], [126.995236, 37.432299], [126.995132, 37.432206], [126.994913, 37.431953], [126.993309, 37.430154], [126.992461, 37.429203], [126.990616, 37.427157], [126.989747, 37.426429], [126.987166, 37.424053], [126.985686, 37.422771], [126.984631, 37.421761], [126.983076, 37.419936], [126.981402, 37.417277], [126.981118, 37.416749], [126.980313, 37.414883], [126.979911, 37.413858], [126.979818, 37.413378], [126.979449, 37.411734], [126.978953, 37.409597], [126.977811, 37.405728], [126.977247, 37.403175], [126.977112, 37.40252], [126.976987, 37.401361], [126.976903, 37.40053], [126.976833, 37.400204], [126.976791, 37.400047], [126.976704, 37.399862], [126.976578, 37.399633], [126.976409, 37.399392], [126.976066, 37.398927], [126.975691, 37.398582], [126.974828, 37.397982], [126.974375, 37.397758], [126.973668, 37.397553], [126.968817, 37.395941], [126.963893, 37.394271], [126.951995, 37.390251], [126.951415, 37.390055], [126.950919, 37.389887], [126.948212, 37.388973], [126.947874, 37.38879], [126.94356, 37.385452], [126.942512, 37.384661], [126.941629, 37.384139], [126.941184, 37.383911], [126.940781, 37.383694], [126.940345, 37.383403], [126.939991, 37.383138], [126.939793, 37.38292], [126.939611, 37.382607], [126.939411, 37.382208], [126.939257, 37.381756], [126.939116, 37.381168], [126.93906, 37.380816], [126.939072, 37.380555], [126.939109, 37.380053], [126.939223, 37.379711], [126.939459, 37.379198], [126.939842, 37.37871], [126.940501, 37.377944], [126.940974, 37.377288], [126.941506, 37.376553]], [[126.941506, 37.376553], [126.941841, 37.376002], [126.942207, 37.375387], [126.942502, 37.374845], [126.942792, 37.374149]], [[126.942792, 37.374149], [126.942964, 37.373687], [126.943034, 37.373537], [126.943571, 37.372391]], [[126.943571, 37.372391], [126.943911, 37.371661], [126.943946, 37.371585]], [[126.943946, 37.371585], [126.94405, 37.371365], [126.944304, 37.370824]], [[126.944304, 37.370824], [126.944423, 37.370573], [126.944519, 37.37037], [126.944859, 37.369653], [126.944969, 37.369405], [126.9451, 37.36917], [126.94525, 37.368966], [126.945445, 37.36876], [126.945871, 37.368314], [126.946164, 37.367981]], [[126.946164, 37.367981], [126.946292, 37.367813], [126.946391, 37.367633], [126.946485, 37.367428], [126.946563, 37.367209], [126.946611, 37.367009], [126.946638, 37.366792], [126.946644, 37.366608], [126.946633, 37.366399], [126.946595, 37.36618], [126.946521, 37.365946], [126.946422, 37.365714], [126.946323, 37.365527], [126.946206, 37.365361], [126.946083, 37.365208], [126.945898, 37.365019], [126.94562, 37.364784], [126.945305, 37.364588], [126.944654, 37.364235], [126.944148, 37.363964], [126.941667, 37.362634]], [[126.941667, 37.362634], [126.93533, 37.359236]], [[126.93533, 37.359236], [126.935031, 37.359076], [126.934264, 37.358664], [126.932164, 37.357543], [126.931292, 37.357071], [126.930886, 37.356853], [126.930003, 37.356379], [126.929818, 37.356285]], [[126.929818, 37.356285], [126.928817, 37.355718], [126.928364, 37.355424], [126.927804, 37.354985], [126.927371, 37.35455], [126.927096, 37.354224]], [[126.927096, 37.354224], [126.926858, 37.353898], [126.926647, 37.353533], [126.926529, 37.353308], [126.926401, 37.353018], [126.925923, 37.351498]], [[126.925923, 37.351498], [126.925396, 37.349815], [126.925301, 37.349517], [126.924183, 37.34596], [126.924033, 37.345406], [126.923695, 37.343987], [126.923609, 37.34344]], [[126.922695, 37.33813], [126.923609, 37.34344]], [[126.902162, 37.310394], [126.903233, 37.311665], [126.904887, 37.313649], [126.916286, 37.327217], [126.917618, 37.328796], [126.920971, 37.332824], [126.921257, 37.333196], [126.9215, 37.333588], [126.921778, 37.334087], [126.921963, 37.334529], [126.922118, 37.334963], [126.922236, 37.335423], [126.922389, 37.33616], [126.922695, 37.33813]], [[126.900739, 37.308828], [126.90094, 37.309049], [126.902162, 37.310394]], [[126.899183, 37.307633], [126.899801, 37.308014], [126.900123, 37.308254], [126.900256, 37.308354], [126.900739, 37.308828]], [[126.892753, 37.305532], [126.896988, 37.30669], [126.898004, 37.307052], [126.898718, 37.307391], [126.899183, 37.307633]], [[126.890799, 37.304998], [126.892753, 37.305532]], [[126.890799, 37.304998], [126.888635, 37.304407]], [[126.888635, 37.304407], [126.885653, 37.303591]], [[126.885653, 37.303591], [126.88533, 37.303511], [126.8837, 37.303107], [126.881876, 37.302881], [126.873697, 37.30242]], [[126.867182, 37.302752], [126.868246, 37.302667], [126.869212, 37.302598], [126.869675, 37.302565], [126.870249, 37.302523], [126.871919, 37.302403], [126.872657, 37.302388], [126.873697, 37.30242]], [[126.85704, 37.306251], [126.858383, 37.304917], [126.858766, 37.304619], [126.859184, 37.304333], [126.859572, 37.304096], [126.859968, 37.303869], [126.860535, 37.303628], [126.860962, 37.303475], [126.86148, 37.303328], [126.862122, 37.303198], [126.863139, 37.303063], [126.863658, 37.303031], [126.865667, 37.302872], [126.867182, 37.302752]], [[126.851008, 37.312361], [126.851387, 37.311983], [126.852888, 37.310452], [126.854393, 37.308902], [126.85704, 37.306251]], [[126.849799, 37.313564], [126.849877, 37.313487], [126.850854, 37.312505], [126.851008, 37.312361]], [[126.849554, 37.313778], [126.849799, 37.313564]], [[126.847752, 37.314976], [126.848157, 37.314773], [126.848531, 37.314551], [126.84895, 37.314283], [126.849271, 37.314034], [126.849444, 37.313878], [126.849554, 37.313778]], [[126.847668, 37.315009], [126.847752, 37.314976]], [[126.845297, 37.315632], [126.845764, 37.315557], [126.846262, 37.315459], [126.84677, 37.315324], [126.847228, 37.31518], [126.847668, 37.315009]], [[126.844799, 37.315679], [126.845297, 37.315632]], [[126.844799, 37.315679], [126.841277, 37.315867], [126.837465, 37.316063], [126.835703, 37.316164], [126.822093, 37.316901], [126.821876, 37.316909]], [[126.821876, 37.316909], [126.821459, 37.316937], [126.820467, 37.317002]], [[126.820467, 37.317002], [126.815362, 37.317249], [126.814801, 37.317292], [126.814182, 37.317371], [126.813576, 37.317482], [126.812912, 37.317638], [126.812391, 37.317807], [126.811615, 37.318079], [126.804902, 37.321162], [126.804618, 37.321291]], [[126.804618, 37.321291], [126.80244, 37.3223], [126.801905, 37.322531], [126.801234, 37.322782], [126.800552, 37.323009], [126.800543, 37.323011]], [[126.800543, 37.323011], [126.80041, 37.323042]], [[126.80041, 37.323042], [126.80031, 37.323065], [126.799755, 37.323194], [126.799268, 37.323284], [126.796656, 37.323769], [126.795779, 37.32398], [126.794655, 37.324387], [126.793329, 37.324983], [126.792889, 37.325181]], [[126.792889, 37.325181], [126.791935, 37.32561]], [[126.791935, 37.32561], [126.78796, 37.327409], [126.787789, 37.327486], [126.786155, 37.328208]], [[126.786155, 37.328208], [126.785768, 37.328388]], [[126.785768, 37.328388], [126.785355, 37.328579], [126.78491, 37.328779], [126.781315, 37.330392], [126.776598, 37.33253], [126.771123, 37.335436], [126.770326, 37.335859], [126.768199, 37.337028], [126.767596, 37.33736]], [[126.767596, 37.33736], [126.767018, 37.337669]], [[126.767018, 37.337669], [126.766187, 37.338098]], [[126.766187, 37.338098], [126.765545, 37.338431], [126.765434, 37.338489]], [[126.765434, 37.338489], [126.765343, 37.338536]], [[126.765343, 37.338536], [126.764922, 37.338754]], [[126.759327, 37.342678], [126.759636, 37.342252], [126.75981, 37.342017], [126.76004, 37.34175], [126.760261, 37.341521], [126.760554, 37.341245], [126.761152, 37.340779], [126.761621, 37.340492], [126.76185, 37.340352], [126.762464, 37.340023], [126.763417, 37.339532], [126.763724, 37.339373], [126.764147, 37.339154], [126.764794, 37.33882], [126.764922, 37.338754]], [[126.759327, 37.342678], [126.759253, 37.342795], [126.759034, 37.343139]], [[126.759034, 37.343139], [126.758946, 37.343273], [126.757388, 37.345653], [126.75736, 37.345697], [126.756941, 37.346304], [126.7567, 37.346621], [126.756594, 37.346791]], [[126.756594, 37.346791], [126.756455, 37.346948], [126.756167, 37.347234], [126.75589, 37.347472], [126.755661, 37.347658], [126.755477, 37.347791], [126.755224, 37.347943], [126.755051, 37.348048], [126.754824, 37.348177], [126.754509, 37.348331], [126.754108, 37.34851], [126.753761, 37.348637], [126.75335, 37.348771], [126.749701, 37.349799], [126.747659, 37.350425], [126.74199, 37.352054], [126.741139, 37.352299], [126.740493, 37.352484], [126.740041, 37.352622], [126.739589, 37.352799], [126.739265, 37.352945], [126.738977, 37.35308], [126.738685, 37.353264], [126.738375, 37.353483], [126.738045, 37.35375]], [[126.738045, 37.35375], [126.73776, 37.35403], [126.737516, 37.3543], [126.737354, 37.354507], [126.73725, 37.354666], [126.737142, 37.354826], [126.73703, 37.355023], [126.736927, 37.355227], [126.736838, 37.355452], [126.736715, 37.355817], [126.736649, 37.356155], [126.736606, 37.356395], [126.736593, 37.356682], [126.736598, 37.356885], [126.736609, 37.357119], [126.736648, 37.357421], [126.736694, 37.357659], [126.736744, 37.357848], [126.736848, 37.358143], [126.737144, 37.358896]], [[126.737144, 37.358896], [126.737305, 37.359261], [126.737446, 37.359581]], [[126.737446, 37.359581], [126.73764, 37.360169], [126.737774, 37.360608], [126.738718, 37.362802]], [[126.738284, 37.361094], [126.738145, 37.360785], [126.737976, 37.360439], [126.737487, 37.359559]], [[126.737487, 37.359559], [126.737206, 37.358878]], [[126.737206, 37.358878], [126.736887, 37.358101], [126.736803, 37.357844], [126.736745, 37.357615], [126.736698, 37.35742], [126.73667, 37.357203], [126.736655, 37.357034], [126.736642, 37.356788], [126.736659, 37.356489], [126.736682, 37.356253], [126.736751, 37.355898], [126.736835, 37.355616], [126.73689, 37.355474], [126.736948, 37.355312], [126.737022, 37.355147], [126.737166, 37.354892], [126.737309, 37.354654], [126.737402, 37.354523], [126.737549, 37.354331], [126.737743, 37.35411], [126.737837, 37.354009], [126.738084, 37.353789]], [[126.738084, 37.353789], [126.738237, 37.353648], [126.738429, 37.353492], [126.738581, 37.353378], [126.738788, 37.353238], [126.73896, 37.353142], [126.739223, 37.353018], [126.739561, 37.352855], [126.739892, 37.352718], [126.740217, 37.352606], [126.741669, 37.352177], [126.744013, 37.351516], [126.74719, 37.350592], [126.752452, 37.349063], [126.753355, 37.3488], [126.753778, 37.348666], [126.754105, 37.348546], [126.754389, 37.348439], [126.754777, 37.348259], [126.755121, 37.348068], [126.755361, 37.347921], [126.755677, 37.347699], [126.755739, 37.347651], [126.755934, 37.347497], [126.75619, 37.34728], [126.756453, 37.347031], [126.756647, 37.346824]], [[126.759088, 37.343156], [126.758933, 37.34339], [126.758923, 37.343406], [126.757703, 37.345261], [126.757514, 37.345554], [126.757137, 37.346137], [126.757018, 37.346303], [126.75693, 37.346418], [126.756766, 37.346628], [126.756647, 37.346824]], [[126.75938, 37.342693], [126.759088, 37.343156]], [[126.75938, 37.342693], [126.759879, 37.342019], [126.760321, 37.341531], [126.760737, 37.341156], [126.761303, 37.340742], [126.761612, 37.340561], [126.761947, 37.340358], [126.762475, 37.340085], [126.763102, 37.339761], [126.764098, 37.339248], [126.765051, 37.338756], [126.765245, 37.338653], [126.76528, 37.338634], [126.765408, 37.338566]], [[126.765408, 37.338566], [126.765498, 37.338519]], [[126.765498, 37.338519], [126.765621, 37.338453], [126.767038, 37.337698]], [[126.767038, 37.337698], [126.767619, 37.337389]], [[126.767619, 37.337389], [126.768075, 37.337141]], [[126.768075, 37.337141], [126.770575, 37.335783], [126.770722, 37.335704], [126.776857, 37.332439], [126.781332, 37.330424], [126.785805, 37.32841]], [[126.785805, 37.32841], [126.786264, 37.328204]], [[126.786264, 37.328204], [126.786866, 37.327933], [126.788858, 37.327033], [126.78982, 37.326603], [126.792008, 37.325624]], [[126.792008, 37.325624], [126.792632, 37.32534], [126.79364, 37.324889], [126.794677, 37.324425], [126.795805, 37.32402], [126.796664, 37.323807], [126.799757, 37.323232], [126.800431, 37.323072]], [[126.800431, 37.323072], [126.800564, 37.32304]], [[126.800564, 37.32304], [126.800804, 37.322962], [126.801256, 37.322816], [126.801943, 37.322554], [126.804639, 37.321314]], [[126.845306, 37.315669], [126.844804, 37.315715], [126.841137, 37.315911], [126.839521, 37.315992], [126.835697, 37.316201], [126.82393, 37.316829], [126.815359, 37.317287], [126.814805, 37.317327], [126.81419, 37.317404], [126.813573, 37.317517], [126.812916, 37.317679], [126.812377, 37.31785], [126.811633, 37.318119], [126.806942, 37.320258], [126.804639, 37.321314]], [[126.845306, 37.315669], [126.845775, 37.315594], [126.846276, 37.315495], [126.846786, 37.315359], [126.847247, 37.315215], [126.847689, 37.315042]], [[126.847689, 37.315042], [126.847774, 37.315007]], [[126.847774, 37.315007], [126.847927, 37.314932], [126.848184, 37.314805], [126.84856, 37.314581], [126.848982, 37.314312], [126.849232, 37.314118], [126.849306, 37.314061], [126.849591, 37.313805]], [[126.849591, 37.313805], [126.849712, 37.313699], [126.849844, 37.313583]], [[126.851041, 37.312396], [126.850572, 37.312857], [126.849844, 37.313583]], [[126.857079, 37.306277], [126.854424, 37.308935], [126.854361, 37.309001], [126.851421, 37.31201], [126.851041, 37.312396]], [[126.86719, 37.302799], [126.863675, 37.30307], [126.863159, 37.3031], [126.86214, 37.303228], [126.861495, 37.303356], [126.860984, 37.303503], [126.860544, 37.303664], [126.860011, 37.30389], [126.859595, 37.304125], [126.859207, 37.304365], [126.858798, 37.304644], [126.858417, 37.304944], [126.857079, 37.306277]], [[126.873695, 37.302456], [126.872656, 37.302424], [126.871921, 37.302439], [126.870255, 37.302566], [126.869684, 37.30261], [126.869223, 37.302645], [126.868253, 37.30272], [126.867553, 37.302772], [126.86719, 37.302799]], [[126.885659, 37.303644], [126.883686, 37.303155], [126.88189, 37.302923], [126.873695, 37.302456]], [[126.888625, 37.30444], [126.885659, 37.303644]], [[126.888625, 37.30444], [126.89063, 37.304991], [126.890788, 37.305034]], [[126.890788, 37.305034], [126.892746, 37.305572]], [[126.892746, 37.305572], [126.896971, 37.306732], [126.897983, 37.307093], [126.898694, 37.30743], [126.899158, 37.307671]], [[126.899158, 37.307671], [126.899771, 37.308042], [126.900222, 37.308378], [126.900693, 37.308848]], [[126.902097, 37.31042], [126.900693, 37.308848]], [[126.922648, 37.338135], [126.922334, 37.336131], [126.922195, 37.335442], [126.922079, 37.334975], [126.921924, 37.334542], [126.921731, 37.334088], [126.921256, 37.333292], [126.920916, 37.332839], [126.917584, 37.328816], [126.917512, 37.32873], [126.904836, 37.313663], [126.904475, 37.3132], [126.902097, 37.31042]], [[126.923551, 37.343444], [126.922648, 37.338135]], [[126.925882, 37.351502], [126.92581, 37.351268], [126.925259, 37.349528], [126.924136, 37.34597], [126.923985, 37.345405], [126.923657, 37.344008], [126.923551, 37.343444]], [[126.927054, 37.354239], [126.926831, 37.353912], [126.926612, 37.353544], [126.926486, 37.353317], [126.926366, 37.353034], [126.925882, 37.351502]], [[126.929798, 37.356312], [126.929459, 37.356126], [126.928782, 37.355744], [126.928311, 37.355445], [126.927769, 37.355019], [126.92733, 37.354574], [126.927054, 37.354239]], [[126.929798, 37.356312], [126.930858, 37.356885], [126.931908, 37.357448], [126.933761, 37.358451], [126.934249, 37.358705], [126.934392, 37.358782], [126.935303, 37.359271]], [[126.935303, 37.359271], [126.93559, 37.359425], [126.941643, 37.362674]], [[126.941643, 37.362674], [126.943276, 37.36355], [126.943429, 37.363633], [126.944619, 37.364272], [126.944878, 37.364457], [126.945126, 37.364676], [126.945343, 37.364913], [126.945518, 37.365161], [126.945708, 37.36556], [126.945807, 37.365887], [126.945835, 37.366176], [126.945826, 37.366552], [126.945738, 37.366891], [126.94504, 37.368336]], [[126.94504, 37.368336], [126.94397, 37.37057], [126.943708, 37.371132], [126.942805, 37.373068]], [[126.942805, 37.373068], [126.942619, 37.373469], [126.942289, 37.374176], [126.941224, 37.376331]], [[126.941224, 37.376331], [126.9404, 37.377541], [126.9393, 37.378763], [126.939018, 37.379235], [126.938879, 37.379522], [126.938831, 37.379691], [126.938759, 37.379961], [126.938703, 37.380349], [126.938694, 37.380597], [126.938716, 37.380904], [126.938787, 37.381333], [126.939004, 37.38192], [126.939211, 37.382427], [126.939437, 37.382745], [126.939626, 37.382983], [126.939771, 37.383133], [126.940024, 37.383345], [126.940359, 37.38356], [126.941096, 37.384019], [126.941678, 37.384333], [126.942455, 37.384783], [126.94785, 37.388825], [126.948185, 37.389009], [126.950902, 37.389927], [126.95099, 37.389955], [126.951548, 37.390146], [126.952275, 37.390389], [126.963863, 37.394308], [126.968808, 37.395979], [126.973559, 37.397603], [126.974362, 37.397887], [126.974751, 37.398075], [126.975594, 37.398665], [126.975953, 37.398994], [126.976307, 37.399426], [126.976332, 37.399456], [126.976523, 37.399674], [126.976663, 37.399881], [126.976756, 37.400091], [126.976786, 37.400224], [126.976828, 37.400424], [126.976908, 37.401373], [126.977004, 37.402231], [126.977103, 37.402794], [126.977165, 37.403174], [126.977743, 37.405773], [126.978913, 37.409604], [126.979409, 37.411737], [126.979764, 37.413387], [126.97987, 37.413857], [126.980272, 37.414886], [126.981085, 37.41675], [126.981358, 37.417281], [126.983012, 37.419973], [126.984543, 37.421772], [126.985665, 37.422809], [126.987144, 37.424093], [126.989702, 37.426469], [126.990587, 37.42718], [126.992423, 37.429221], [126.993583, 37.430549], [126.994481, 37.431576], [126.994825, 37.431972], [126.994962, 37.432148], [126.995082, 37.432276], [126.995277, 37.43246], [126.995481, 37.4326], [126.995741, 37.432718], [126.996015, 37.432846], [126.996456, 37.432994], [126.996821, 37.433103], [126.997224, 37.433188], [126.99756, 37.433243], [126.998028, 37.433265], [126.998835, 37.433253], [126.999278, 37.433258], [127.002224, 37.433261], [127.003023, 37.433264], [127.003359, 37.433278], [127.003864, 37.433355], [127.004227, 37.433462], [127.004603, 37.433623], [127.005067, 37.433896], [127.005298, 37.43408], [127.005456, 37.43422], [127.005568, 37.434358], [127.005759, 37.434627], [127.0061, 37.435114], [127.006544, 37.435775], [127.006928, 37.436369], [127.007057, 37.436573], [127.007207, 37.436796], [127.00816, 37.438001], [127.008335, 37.438417], [127.008392, 37.438661], [127.008427, 37.438934], [127.008421, 37.439229], [127.007997, 37.442775], [127.00787, 37.443793], [127.007525, 37.444504], [127.004391, 37.448826], [127.003334, 37.45019], [127.002977, 37.450666], [127.00257, 37.451278], [127.002365, 37.451538], [127.002263, 37.451645], [127.002098, 37.451781], [127.001803, 37.452011], [127.001591, 37.452142], [127.001386, 37.452271], [127.001155, 37.4524], [127.000974, 37.452507], [127.000579, 37.452733], [126.999986, 37.453082], [126.99958, 37.453272], [126.999075, 37.453429], [126.997849, 37.453831]], [[126.997849, 37.453831], [126.996877, 37.454216], [126.995857, 37.454819], [126.995389, 37.455201], [126.995017, 37.45563], [126.994292, 37.456709]], [[126.994292, 37.456709], [126.993799, 37.457623], [126.993588, 37.457937], [126.993264, 37.458355], [126.993232, 37.458396], [126.992392, 37.459233], [126.991702, 37.459806], [126.991049, 37.460605]], [[126.988119, 37.466113], [126.989016, 37.464226], [126.989106, 37.464031], [126.989211, 37.46378], [126.989399, 37.463414], [126.989886, 37.462452], [126.9906, 37.46127], [126.991049, 37.460605]], [[126.981825, 37.478411], [126.981766, 37.477173], [126.981745, 37.476786], [126.98172, 37.476275], [126.981711, 37.476044], [126.981683, 37.475603], [126.981729, 37.475246], [126.981812, 37.474845], [126.982043, 37.473997], [126.982354, 37.473289], [126.982786, 37.472451], [126.983103, 37.471825], [126.983529, 37.471088], [126.983902, 37.470543], [126.98432, 37.47], [126.984749, 37.469566], [126.985294, 37.46911], [126.986002, 37.468576], [126.986598, 37.468018], [126.986665, 37.467957], [126.986793, 37.467814], [126.986836, 37.467765], [126.987061, 37.467512], [126.987464, 37.467047], [126.987755, 37.466716], [126.987895, 37.466479], [126.988119, 37.466113]], [[126.982636, 37.496599], [126.98259, 37.496408], [126.982563, 37.496206], [126.982668, 37.490872], [126.982644, 37.49013], [126.982633, 37.489887], [126.982593, 37.489549], [126.982563, 37.489312], [126.982486, 37.488927], [126.9824, 37.488487], [126.982338, 37.488155], [126.982295, 37.487512], [126.982285, 37.487423], [126.982255, 37.487024], [126.982237, 37.48678], [126.982207, 37.486367], [126.982113, 37.485147], [126.982024, 37.483909], [126.981955, 37.482736], [126.981906, 37.481695], [126.98189, 37.481344], [126.981861, 37.479598], [126.981842, 37.479191], [126.98184, 37.478838], [126.981825, 37.478411]], [[126.983281, 37.498754], [126.983258, 37.498531], [126.98321, 37.498274], [126.983151, 37.49807], [126.983123, 37.49799], [126.982636, 37.496599]], [[126.981486, 37.501416], [126.981721, 37.501234], [126.982121, 37.500923], [126.982424, 37.500684], [126.982607, 37.500484], [126.982756, 37.500278], [126.982927, 37.50004], [126.983052, 37.499848], [126.983164, 37.499633], [126.983243, 37.499401], [126.983295, 37.499187], [126.983313, 37.499034], [126.983281, 37.498754]], [[126.980227, 37.504506], [126.980196, 37.504234], [126.980201, 37.50405], [126.980219, 37.503812], [126.980231, 37.50364], [126.980309, 37.503327], [126.980412, 37.502987], [126.980641, 37.502493], [126.980868, 37.502121], [126.980987, 37.501965], [126.981145, 37.50177], [126.981486, 37.501416]], [[126.983258, 37.516015], [126.983237, 37.515817], [126.983111, 37.515243], [126.982312, 37.512216], [126.980803, 37.506605], [126.980364, 37.505156], [126.980227, 37.504506]], [[126.983299, 37.51695], [126.983296, 37.516506], [126.98328, 37.516213], [126.983258, 37.516015]], [[126.983309, 37.5184], [126.9833, 37.51704], [126.983299, 37.51695]], [[126.972819, 37.55389], [126.972806, 37.553583], [126.972762, 37.553307], [126.972585, 37.552523], [126.972489, 37.552192], [126.972188, 37.550956], [126.972021, 37.550214], [126.971853, 37.549296], [126.971834, 37.547253], [126.971974, 37.545142], [126.972197, 37.544277], [126.974247, 37.536666], [126.97429, 37.536434], [126.974286, 37.536164], [126.974257, 37.536018], [126.974202, 37.53585], [126.974097, 37.535676], [126.97295, 37.534439], [126.972427, 37.533862], [126.968624, 37.529904], [126.968211, 37.529496], [126.96786, 37.529132], [126.966795, 37.528099], [126.966699, 37.527974], [126.966577, 37.527806], [126.966457, 37.527601], [126.966392, 37.527482], [126.966328, 37.527288], [126.9663, 37.527156], [126.966285, 37.526962], [126.966278, 37.526727], [126.966286, 37.526528], [126.96633, 37.526329], [126.966418, 37.526089], [126.966531, 37.52586], [126.966667, 37.525635], [126.966809, 37.525466], [126.966971, 37.525287], [126.967138, 37.525142], [126.967286, 37.525045], [126.969861, 37.5236], [126.970291, 37.523411], [126.970658, 37.523319], [126.97136, 37.52323], [126.972087, 37.523105], [126.973634, 37.522661], [126.981796, 37.520102], [126.982397, 37.519865], [126.982458, 37.519838], [126.982529, 37.519799], [126.982774, 37.519654], [126.982811, 37.519627], [126.982842, 37.519596], [126.982948, 37.519466], [126.98298, 37.519422], [126.983, 37.519386], [126.983097, 37.519198], [126.983227, 37.518896], [126.98324, 37.518854], [126.983247, 37.518823], [126.983309, 37.5184]], [[126.98883, 37.56112], [126.986294, 37.560874], [126.98306, 37.560589], [126.982526, 37.560515], [126.982054, 37.560354], [126.980948, 37.559755], [126.98062, 37.559653], [126.979923, 37.559435], [126.97968, 37.559369], [126.979256, 37.559241], [126.978926, 37.559075], [126.978669, 37.55891], [126.97848, 37.55874], [126.978264, 37.558523], [126.978069, 37.558322], [126.977851, 37.558117], [126.977744, 37.558033], [126.977616, 37.557943], [126.977385, 37.557817], [126.977313, 37.557789], [126.975369, 37.557035], [126.975233, 37.556983], [126.974936, 37.556872], [126.974812, 37.55682], [126.973692, 37.556403], [126.973457, 37.556288], [126.973257, 37.556168], [126.973128, 37.556047], [126.973039, 37.555953], [126.972943, 37.555797], [126.97287, 37.555659], [126.972798, 37.555522], [126.972718, 37.555307], [126.97269, 37.555212], [126.972678, 37.555115], [126.972668, 37.55493], [126.972682, 37.554626], [126.972761, 37.554256], [126.972819, 37.55389]], [[126.992405, 37.561037], [126.992313, 37.561037], [126.991255, 37.561033], [126.991118, 37.561039], [126.989839, 37.561165], [126.989328, 37.561155], [126.98905, 37.56113], [126.98883, 37.56112]], [[126.996313, 37.561725], [126.995809, 37.561605], [126.994143, 37.561194], [126.993617, 37.561074], [126.993095, 37.561026], [126.992597, 37.561032], [126.992405, 37.561037]], [[127.009865, 37.569851], [127.009929, 37.569602], [127.009952, 37.569401], [127.00994, 37.569103], [127.009907, 37.568857], [127.009879, 37.568673], [127.009837, 37.568463], [127.009794, 37.568139], [127.00973, 37.567866], [127.009621, 37.567552], [127.009518, 37.567318], [127.009418, 37.567113], [127.009145, 37.566655], [127.008909, 37.566199], [127.008683, 37.565834], [127.008369, 37.565467], [127.008086, 37.565176], [127.007712, 37.564751], [127.007434, 37.564434], [127.007383, 37.564372], [127.007325, 37.564318], [127.007247, 37.564258], [127.007191, 37.564224], [127.007113, 37.564183], [127.00703, 37.56414], [127.006891, 37.56407], [127.006662, 37.563967], [127.006547, 37.563922], [127.006404, 37.563893], [127.005953, 37.563855], [127.005495, 37.563803], [127.003943, 37.5635], [127.001817, 37.563002], [126.997783, 37.562057], [126.997481, 37.561989], [126.996313, 37.561725]], [[127.008202, 37.572281], [127.008956, 37.571402], [127.00918, 37.571109], [127.009417, 37.570774], [127.009554, 37.570547], [127.009634, 37.570427], [127.009718, 37.57026], [127.009865, 37.569851]], [[127.00742, 37.588994], [127.00621, 37.588433], [127.005433, 37.588092], [127.005253, 37.588031], [127.004502, 37.587829], [127.003981, 37.587649], [127.002983, 37.58722], [127.002663, 37.587023], [127.002302, 37.586765], [127.001992, 37.58642], [127.001703, 37.586073], [127.001562, 37.585892], [127.001435, 37.585675], [127.001394, 37.585445], [127.001389, 37.585264], [127.001412, 37.585106], [127.001458, 37.584823], [127.001615, 37.583802], [127.001946, 37.582497], [127.00198, 37.582146], [127.002106, 37.580894], [127.002167, 37.579405], [127.002236, 37.57773], [127.002256, 37.577555], [127.002301, 37.577313], [127.002364, 37.577117], [127.002484, 37.576863], [127.002592, 37.576682], [127.002672, 37.576582], [127.002752, 37.576497], [127.002828, 37.576444], [127.002959, 37.576373], [127.003605, 37.576177], [127.004466, 37.575926], [127.005025, 37.575629], [127.005437, 37.575248], [127.006129, 37.574519], [127.008202, 37.572281]], [[127.042118, 37.651858], [127.041223, 37.651682], [127.037642, 37.651407], [127.037368, 37.651363], [127.037293, 37.65134], [127.036925, 37.651226], [127.036744, 37.651138], [127.036583, 37.651064], [127.036412, 37.650951], [127.036256, 37.650849], [127.036049, 37.650678], [127.035936, 37.650541], [127.035763, 37.650273], [127.034601, 37.648411], [127.033146, 37.645955], [127.032645, 37.645121], [127.031978, 37.644011], [127.03143, 37.643378], [127.030181, 37.642212], [127.025736, 37.637969], [127.023775, 37.636199], [127.023442, 37.635744], [127.023305, 37.635517], [127.023236, 37.635237], [127.023363, 37.634043], [127.023486, 37.633406], [127.023652, 37.632856], [127.024124, 37.631633], [127.025385, 37.628501], [127.025612, 37.627937], [127.025729, 37.627644], [127.02618, 37.626496], [127.026595, 37.625439], [127.029843, 37.617195], [127.029891, 37.616762], [127.030124, 37.613173], [127.030363, 37.611163], [127.03036, 37.610498], [127.030277, 37.609718], [127.030138, 37.609198], [127.029827, 37.608603], [127.028419, 37.607022], [127.027743, 37.606351], [127.025903, 37.604795], [127.025679, 37.604577], [127.025571, 37.604427], [127.025515, 37.604318], [127.025468, 37.604198], [127.025252, 37.603796], [127.024912, 37.603147], [127.024508, 37.602388], [127.021922, 37.59771], [127.021458, 37.596865], [127.021342, 37.596652], [127.021048, 37.596255], [127.019876, 37.595198], [127.018741, 37.594204], [127.018339, 37.593838], [127.017771, 37.593385], [127.017423, 37.593136], [127.016971, 37.592867], [127.016772, 37.592765], [127.016418, 37.592633], [127.015748, 37.592459], [127.014838, 37.592363], [127.014199, 37.59222], [127.013983, 37.592163], [127.013775, 37.592082], [127.012491, 37.591445], [127.010316, 37.59031], [127.008336, 37.589418], [127.008263, 37.589385], [127.007546, 37.589049], [127.00742, 37.588994]], [[127.046631, 37.65292], [127.042118, 37.651858]], [[127.048863, 37.653446], [127.04882, 37.653437], [127.047736, 37.653182], [127.046631, 37.65292]], [[127.06452, 37.65659], [127.063409, 37.656339], [127.06221, 37.65606], [127.061634, 37.655933], [127.06133, 37.655866], [127.060339, 37.655643], [127.058002, 37.655118], [127.05625, 37.654724], [127.055705, 37.654606], [127.055339, 37.654544], [127.054838, 37.654497], [127.05332, 37.654408], [127.052864, 37.65436], [127.052164, 37.654228], [127.048863, 37.653446]], [[127.075835, 37.663924], [127.075655, 37.662996], [127.075591, 37.662824], [127.075505, 37.662656], [127.075403, 37.662522], [127.075225, 37.662312], [127.074856, 37.661983], [127.074246, 37.661475], [127.074168, 37.661406], [127.073761, 37.66106], [127.073541, 37.660846], [127.073408, 37.660715], [127.073292, 37.660595], [127.072658, 37.659918], [127.071921, 37.659158], [127.071666, 37.658974], [127.071503, 37.658875], [127.071357, 37.658785], [127.071168, 37.658697], [127.070842, 37.658582], [127.070285, 37.658446], [127.069647, 37.658312], [127.069368, 37.658242], [127.069129, 37.658184], [127.068654, 37.658063], [127.068577, 37.658034], [127.068359, 37.657947], [127.067892, 37.6577], [127.067576, 37.657562], [127.066657, 37.657115], [127.066189, 37.65695], [127.065592, 37.656819], [127.064758, 37.656639], [127.06452, 37.65659]], [[127.079716, 37.670916], [127.079111, 37.670267], [127.078957, 37.6701], [127.07842, 37.669484], [127.078366, 37.669419], [127.078289, 37.669327], [127.078039, 37.669029], [127.077948, 37.66892], [127.076366, 37.667026], [127.076148, 37.66669], [127.07605, 37.666478], [127.075981, 37.66622], [127.075968, 37.666029], [127.075974, 37.664899], [127.075904, 37.664406], [127.075835, 37.663924]], [[126.791935, 37.32561], [126.791545, 37.325728]], [[126.791545, 37.325728], [126.791021, 37.325949], [126.790429, 37.326181], [126.787888, 37.327315]], [[126.789133, 37.327027], [126.790179, 37.326553], [126.790549, 37.326373], [126.791602, 37.32584], [126.791791, 37.325755]], [[126.791791, 37.325755], [126.792008, 37.325624]], [[127.08076, 37.671931], [127.080698, 37.671871], [127.080674, 37.671847], [127.080615, 37.67179], [127.080525, 37.671701], [127.080426, 37.671606], [127.0801, 37.671288], [127.07988, 37.671081], [127.079787, 37.670989], [127.079716, 37.670916]], [[127.08076, 37.671931], [127.081041, 37.672227], [127.081141, 37.672342], [127.081187, 37.672394], [127.081394, 37.672647], [127.081518, 37.67285], [127.081594, 37.67299], [127.081663, 37.67313], [127.08173, 37.673364], [127.081765, 37.673592], [127.081775, 37.673831], [127.081773, 37.674009], [127.081763, 37.674245], [127.08162, 37.674962], [127.081525, 37.675469]], [[127.081525, 37.675469], [127.081481, 37.675976], [127.081458, 37.676339], [127.081462, 37.676604], [127.081509, 37.67687], [127.081597, 37.677122], [127.081688, 37.677382], [127.081808, 37.677644], [127.081957, 37.677868], [127.082239, 37.678134], [127.082641, 37.678449], [127.083144, 37.678714], [127.083761, 37.6789], [127.084413, 37.678981], [127.084947, 37.679006], [127.085492, 37.678983], [127.085956, 37.678893], [127.086447, 37.678749], [127.086874, 37.67856], [127.087756, 37.678054], [127.091277, 37.675874], [127.097798, 37.672474], [127.09836, 37.672181], [127.098878, 37.671911], [127.099373, 37.671653], [127.09971, 37.671478], [127.100321, 37.671159], [127.108502, 37.666894], [127.10888, 37.66672], [127.109463, 37.666506], [127.109963, 37.666362], [127.110557, 37.666247], [127.110865, 37.666202], [127.111233, 37.666156], [127.111468, 37.666133], [127.111658, 37.666124], [127.111885, 37.666117], [127.11215, 37.666147], [127.112354, 37.666202], [127.112661, 37.666302], [127.113699, 37.666699], [127.114861, 37.667188], [127.116952, 37.668094], [127.117169, 37.668201], [127.11744, 37.668309], [127.118169, 37.668622], [127.141578, 37.679582], [127.143441, 37.680552], [127.145675, 37.681923], [127.152796, 37.686574], [127.15442, 37.687574], [127.161114, 37.691832]], [[127.161114, 37.691832], [127.162353, 37.692617], [127.163001, 37.693006], [127.163623, 37.693369], [127.165732, 37.694505], [127.166423, 37.694866], [127.166806, 37.695058], [127.167145, 37.695219], [127.168363, 37.695792], [127.168975, 37.696066], [127.169506, 37.696293], [127.171376, 37.697072], [127.17316, 37.697801], [127.174725, 37.69845], [127.178374, 37.699955], [127.179019, 37.700207], [127.17907, 37.700227]], [[127.17907, 37.700227], [127.179538, 37.700412], [127.179783, 37.700508], [127.179913, 37.70056]], [[127.179913, 37.70056], [127.180124, 37.700643], [127.185057, 37.702575], [127.187879, 37.7038], [127.18987, 37.704642], [127.19219, 37.705662], [127.192346, 37.705734], [127.192982, 37.706032], [127.197487, 37.708133], [127.198166, 37.708519], [127.198726, 37.708839], [127.201419, 37.710374], [127.202245, 37.710998], [127.202657, 37.711517], [127.203204, 37.712611], [127.203434, 37.713206], [127.203514, 37.713591], [127.20359, 37.713927], [127.203625, 37.714712], [127.203644, 37.715704], [127.203633, 37.716019], [127.203654, 37.71718], [127.203641, 37.717309], [127.203593, 37.717814], [127.203569, 37.718096], [127.203253, 37.720292], [127.203163, 37.721203]], [[127.203314, 37.718868], [127.203354, 37.718566], [127.203372, 37.718445], [127.203431, 37.717981], [127.203486, 37.717563], [127.20352, 37.717134], [127.203529, 37.716953], [127.203545, 37.716756], [127.203538, 37.715688], [127.203492, 37.714002], [127.203417, 37.713566], [127.203288, 37.713089], [127.202889, 37.712206], [127.202743, 37.711888], [127.202511, 37.71155], [127.202275, 37.711222], [127.202007, 37.710943], [127.201198, 37.710365], [127.20046, 37.709888], [127.197799, 37.708396], [127.197567, 37.708266], [127.197387, 37.708165], [127.192579, 37.705898], [127.192167, 37.705707], [127.190118, 37.70481], [127.189816, 37.704681], [127.185025, 37.702643], [127.18369, 37.702088], [127.179891, 37.700593]], [[127.179891, 37.700593], [127.179042, 37.700265]], [[127.179042, 37.700265], [127.178313, 37.699983], [127.174702, 37.698486], [127.173135, 37.697847], [127.171887, 37.697335], [127.171415, 37.697134], [127.169654, 37.696403], [127.169072, 37.696159], [127.168542, 37.695923], [127.167102, 37.695253], [127.166538, 37.694975], [127.165754, 37.694575], [127.163561, 37.693402], [127.162308, 37.692633], [127.161091, 37.691853]], [[127.161091, 37.691853], [127.160613, 37.691561], [127.154403, 37.687625], [127.152742, 37.686623], [127.145595, 37.681973], [127.143407, 37.680617], [127.141552, 37.679651], [127.118086, 37.66867], [127.117644, 37.668475], [127.11741, 37.668369], [127.117151, 37.668249], [127.115423, 37.667498], [127.11482, 37.667233], [127.113086, 37.666522], [127.112363, 37.666277], [127.112121, 37.666215], [127.111883, 37.666192], [127.11166, 37.666189], [127.111378, 37.666214], [127.110973, 37.666258], [127.110154, 37.666381], [127.109534, 37.66656], [127.108928, 37.666765], [127.098766, 37.672045], [127.098451, 37.672209], [127.098012, 37.672436], [127.097294, 37.67281], [127.091298, 37.675925], [127.087787, 37.678106], [127.086913, 37.67862], [127.086482, 37.678833], [127.086124, 37.678966], [127.085853, 37.679062], [127.085599, 37.679128], [127.085255, 37.679196], [127.084948, 37.679231], [127.084593, 37.679249], [127.084195, 37.679228], [127.083594, 37.679128], [127.083241, 37.679045], [127.08295, 37.678943], [127.082673, 37.678827], [127.082398, 37.678674], [127.082104, 37.678472], [127.081711, 37.678111], [127.081472, 37.677776], [127.081285, 37.677384], [127.08114, 37.676875], [127.081102, 37.676587], [127.081114, 37.676227], [127.081191, 37.675897], [127.081405, 37.67545]], [[127.080722, 37.671961], [127.080901, 37.672143], [127.080938, 37.672181], [127.080975, 37.672218], [127.081135, 37.672386], [127.081156, 37.672412], [127.081348, 37.672679], [127.081496, 37.672917], [127.081578, 37.673116], [127.081648, 37.67338], [127.081689, 37.673597], [127.081706, 37.673794], [127.081712, 37.674004], [127.081685, 37.674241], [127.081521, 37.67501], [127.081405, 37.67545]], [[127.080722, 37.671961], [127.080393, 37.671637], [127.080063, 37.671312], [127.079797, 37.67105], [127.078909, 37.670112], [127.07844, 37.669575]], [[127.078353, 37.669575], [127.078403, 37.66955], [127.078898, 37.670121], [127.07974, 37.670998], [127.079688, 37.671029], [127.078847, 37.670147], [127.078353, 37.669575]], [[126.933161, 37.357962], [126.934372, 37.358613], [126.93533, 37.359236]], [[126.935303, 37.359271], [126.934222, 37.358816], [126.933947, 37.358668], [126.932999, 37.358156]]]}, "properties": {"ref": "4", "name": "수도권 전철 4호선: 불암산 → 오이도", "operator": "서울교통공사;한국철도공사", "color": "#009BCE"}}, {"type": "Feature", "geometry": {"type": "MultiLineString", "coordinates": [[[126.795022, 37.577886], [126.795541, 37.578066], [126.796824, 37.578434]], [[126.794141, 37.57764], [126.795022, 37.577886]], [[126.794141, 37.57764], [126.793288, 37.577398], [126.791998, 37.577034], [126.791604, 37.57694], [126.791056, 37.576847], [126.790362, 37.576753], [126.786143, 37.576256], [126.785813, 37.57621], [126.785561, 37.576161], [126.785161, 37.576047], [126.784711, 37.575862], [126.784391, 37.575701]], [[126.801536, 37.561972], [126.801408, 37.561979], [126.80059, 37.562023], [126.799675, 37.562085], [126.799256, 37.562131], [126.798571, 37.562206], [126.797435, 37.562347], [126.796284, 37.562568], [126.794996, 37.563173], [126.784403, 37.572182], [126.784317, 37.572263], [126.784157, 37.572414], [126.783748, 37.572857], [126.783597, 37.573116], [126.78355, 37.573304], [126.78347, 37.573828], [126.783502, 37.574331], [126.783604, 37.574876], [126.783802, 37.575187], [126.784091, 37.575499], [126.784391, 37.575701]], [[126.801536, 37.561972], [126.803191, 37.561885], [126.806274, 37.561739], [126.807076, 37.561742], [126.807806, 37.561816], [126.808366, 37.562011], [126.809027, 37.562351], [126.809756, 37.562886], [126.81017, 37.563193], [126.810422, 37.563416], [126.810882, 37.563815], [126.811103, 37.564079], [126.812199, 37.565429], [126.81284, 37.566255], [126.813269, 37.566663], [126.813728, 37.567012], [126.814243, 37.567293], [126.814728, 37.567454], [126.815213, 37.567491], [126.816409, 37.567484], [126.816738, 37.567482], [126.817829, 37.567406], [126.819086, 37.567322], [126.820843, 37.567219], [126.8227, 37.56706], [126.823958, 37.566966], [126.825227, 37.566865], [126.826219, 37.566805], [126.827714, 37.566667], [126.829054, 37.566561], [126.830898, 37.566466], [126.831678, 37.566463], [126.832453, 37.566456], [126.833233, 37.566531], [126.834041, 37.566862], [126.83441, 37.567087], [126.835033, 37.567537], [126.835532, 37.567939], [126.836401, 37.568504], [126.83685, 37.568722], [126.837441, 37.568922], [126.838065, 37.569054], [126.838689, 37.569094], [126.839449, 37.569058], [126.840021, 37.568964], [126.840474, 37.568834], [126.841012, 37.568573], [126.841202, 37.568478], [126.842629, 37.567641], [126.843637, 37.567112], [126.845183, 37.566285], [126.846482, 37.565631], [126.847543, 37.565058], [126.849218, 37.564151]], [[126.849218, 37.564151], [126.850281, 37.563595], [126.851536, 37.562925], [126.851812, 37.562794], [126.852926, 37.562214], [126.855062, 37.561126], [126.858121, 37.55946], [126.859739, 37.558569], [126.86193, 37.557422], [126.862439, 37.557151], [126.862693, 37.556993], [126.862902, 37.556798], [126.863036, 37.55657], [126.863073, 37.556366], [126.863116, 37.556165], [126.863239, 37.55523], [126.863258, 37.554961], [126.863374, 37.55432], [126.863429, 37.554031], [126.863486, 37.553729], [126.863632, 37.552967], [126.863728, 37.552574], [126.863779, 37.552252], [126.863819, 37.551927], [126.863902, 37.551687], [126.864089, 37.551449], [126.864316, 37.551324], [126.864571, 37.551189], [126.865449, 37.550774], [126.866382, 37.550324], [126.869718, 37.548233], [126.870414, 37.547834], [126.871096, 37.54755], [126.871534, 37.547398], [126.872514, 37.54712], [126.873097, 37.547023], [126.873681, 37.546968], [126.874214, 37.546971], [126.875443, 37.547005], [126.878195, 37.547194], [126.87832, 37.547203], [126.879175, 37.547137], [126.879801, 37.546986], [126.880145, 37.546851], [126.880686, 37.54666], [126.881173, 37.546428], [126.881659, 37.546087], [126.882085, 37.545715], [126.882259, 37.545554], [126.882552, 37.545204], [126.882913, 37.544744], [126.883185, 37.544227], [126.88367, 37.543386], [126.883893, 37.543019], [126.884183, 37.542657], [126.884642, 37.542301], [126.885127, 37.542003], [126.885844, 37.541655], [126.889487, 37.540133], [126.890448, 37.539653], [126.89146, 37.539065], [126.892579, 37.53849], [126.893864, 37.537856], [126.895174, 37.53719], [126.896349, 37.536616], [126.897712, 37.535923], [126.898728, 37.53538], [126.900026, 37.534752], [126.900846, 37.534382], [126.901196, 37.534228], [126.903775, 37.53291], [126.90433, 37.532641]], [[126.90433, 37.532641], [126.904893, 37.532388], [126.905187, 37.532264], [126.905692, 37.532118], [126.906272, 37.531973], [126.914436, 37.530425], [126.914994, 37.530246], [126.915436, 37.530075], [126.915926, 37.529854], [126.916345, 37.529593], [126.918425, 37.527437], [126.918834, 37.527053], [126.924105, 37.521707], [126.927608, 37.518108], [126.928199, 37.517496], [126.928396, 37.517282], [126.928497, 37.517177], [126.929096, 37.516557], [126.929534, 37.516069], [126.930175, 37.515636], [126.931044, 37.515091], [126.931956, 37.514606], [126.932843, 37.514224], [126.932946, 37.514179], [126.934029, 37.513831], [126.935368, 37.513483], [126.936321, 37.513368], [126.937252, 37.513331], [126.938049, 37.513365]], [[126.938049, 37.513365], [126.940327, 37.513513], [126.940613, 37.513531], [126.94187, 37.513607], [126.943809, 37.513716], [126.944099, 37.513732]], [[126.944099, 37.513732], [126.944558, 37.513753], [126.944979, 37.513747], [126.945338, 37.51369], [126.947729, 37.513185], [126.949541, 37.512762], [126.950015, 37.512701], [126.950524, 37.512697], [126.951033, 37.512728], [126.953579, 37.512949], [126.955258, 37.513099], [126.955942, 37.513107], [126.956176, 37.513097], [126.956399, 37.513065], [126.956779, 37.512954], [126.957992, 37.51242], [126.958983, 37.512131], [126.959993, 37.511897], [126.960678, 37.511628], [126.961164, 37.511355], [126.961708, 37.510897], [126.963277, 37.509006], [126.96393, 37.508366], [126.964827, 37.507746], [126.965078, 37.507607], [126.965185, 37.507548], [126.965399, 37.50743], [126.967331, 37.506669], [126.968965, 37.505984], [126.969103, 37.505939], [126.969821, 37.505705], [126.970273, 37.505598], [126.970744, 37.505544], [126.971501, 37.505553], [126.97209, 37.505562], [126.972542, 37.505486], [126.972957, 37.505364], [126.973366, 37.505205], [126.974656, 37.504703], [126.976439, 37.503791]], [[126.976439, 37.503791], [126.978868, 37.502603], [126.979878, 37.502072]], [[126.979878, 37.502072], [126.980006, 37.502005], [126.980793, 37.501592], [126.981809, 37.501131], [126.982286, 37.500975], [126.982859, 37.50085], [126.983144, 37.500799], [126.983419, 37.500768], [126.983742, 37.500755], [126.983906, 37.50076], [126.984076, 37.500769], [126.984473, 37.500816], [126.984885, 37.500898], [126.986789, 37.50127], [126.988853, 37.501713], [126.989381, 37.501826], [126.991661, 37.502314], [126.996426, 37.50358], [127.001307, 37.505049], [127.002999, 37.505552]], [[127.002999, 37.505552], [127.004741, 37.506075], [127.005416, 37.506282]], [[127.005416, 37.506282], [127.006656, 37.506663], [127.006858, 37.506709], [127.007102, 37.506741], [127.007314, 37.506749], [127.007599, 37.506747], [127.007889, 37.506725], [127.00817, 37.506698], [127.008433, 37.506664], [127.008721, 37.506613], [127.00902, 37.506548], [127.009301, 37.50646], [127.009968, 37.506197], [127.013623, 37.504866], [127.013951, 37.504746]], [[127.013951, 37.504746], [127.014209, 37.504621], [127.014391, 37.504536], [127.014585, 37.504467], [127.014816, 37.504367], [127.015377, 37.504105], [127.015512, 37.504042], [127.015722, 37.503958], [127.015986, 37.503839]], [[127.015986, 37.503839], [127.016852, 37.503368], [127.017199, 37.503233], [127.017661, 37.503092], [127.018088, 37.50302], [127.018997, 37.503007], [127.019541, 37.503038], [127.019804, 37.503082], [127.020121, 37.503153], [127.021138, 37.503427], [127.021452, 37.503521], [127.021829, 37.503634], [127.022494, 37.503841], [127.022737, 37.503911], [127.023585, 37.504158], [127.024557, 37.504449], [127.024874, 37.504546], [127.02539, 37.504702], [127.027698, 37.50541], [127.028902, 37.505778], [127.02939, 37.505923]], [[127.02939, 37.505923], [127.029823, 37.506039], [127.031252, 37.506476], [127.031464, 37.506548], [127.032172, 37.506779], [127.033118, 37.507067], [127.033654, 37.50723], [127.034115, 37.50737]], [[127.034115, 37.50737], [127.038542, 37.508678], [127.043437, 37.510114], [127.044254, 37.510354], [127.050376, 37.512155], [127.05183, 37.512606]], [[127.05183, 37.512606], [127.052096, 37.512658], [127.052397, 37.512724], [127.05319, 37.512963], [127.053452, 37.513027], [127.053712, 37.513074], [127.054066, 37.513131], [127.054287, 37.513172], [127.054514, 37.513219], [127.054689, 37.513263]], [[127.054689, 37.513263], [127.054918, 37.513295], [127.055235, 37.513347], [127.060177, 37.514155], [127.061045, 37.514309], [127.066152, 37.515233], [127.068378, 37.515472], [127.068588, 37.515464], [127.068806, 37.515427], [127.069017, 37.515367], [127.069293, 37.515231], [127.069725, 37.514984], [127.072734, 37.51326], [127.074791, 37.512081]], [[127.074791, 37.512081], [127.075234, 37.511855]], [[127.075234, 37.511855], [127.075844, 37.511546], [127.07675, 37.511123]], [[127.07675, 37.511123], [127.07717, 37.510927], [127.077648, 37.510663], [127.078142, 37.510367], [127.078476, 37.510067], [127.07874, 37.509757], [127.078904, 37.509385], [127.079151, 37.508497], [127.079584, 37.506901], [127.079727, 37.506702], [127.079879, 37.506596], [127.080062, 37.506533], [127.085364, 37.505033]], [[127.085364, 37.505033], [127.085947, 37.504827], [127.087186, 37.504478], [127.088075, 37.504228], [127.090182, 37.503632], [127.090787, 37.503494]], [[127.090787, 37.503494], [127.092431, 37.503026], [127.092982, 37.502879], [127.093534, 37.502738], [127.094167, 37.502609], [127.094956, 37.50249], [127.095238, 37.502462], [127.095823, 37.502421], [127.096565, 37.502417], [127.097649, 37.502415], [127.098246, 37.502471], [127.098782, 37.50253], [127.100156, 37.502765], [127.100558, 37.502864], [127.103306, 37.503748], [127.105284, 37.504393], [127.105708, 37.504547], [127.106857, 37.505045], [127.10712, 37.505159], [127.107905, 37.505611], [127.109004, 37.506336], [127.109397, 37.506628], [127.110383, 37.507626], [127.111107, 37.508531], [127.112192, 37.509971]], [[127.113764, 37.512477], [127.113388, 37.512051], [127.112883, 37.51123], [127.112433, 37.5105], [127.112385, 37.510422], [127.112192, 37.509971]], [[127.113764, 37.512477], [127.11448, 37.513893], [127.115785, 37.51615], [127.115992, 37.516384], [127.116281, 37.516711], [127.116727, 37.516984], [127.117647, 37.517425], [127.118378, 37.517558], [127.119206, 37.5176], [127.120098, 37.51749], [127.120827, 37.517297], [127.121663, 37.516844], [127.122162, 37.516364], [127.123185, 37.515297], [127.124193, 37.514703], [127.125341, 37.514299], [127.126178, 37.514187], [127.127412, 37.51417], [127.128424, 37.514395], [127.129178, 37.514776], [127.129905, 37.51549], [127.130302, 37.51608], [127.13083, 37.516864], [127.132888, 37.519992], [127.133399, 37.520486], [127.134071, 37.520814], [127.134742, 37.520914], [127.135603, 37.520885], [127.136266, 37.520685], [127.136381, 37.520662], [127.136587, 37.520595], [127.138329, 37.519853], [127.138835, 37.519643], [127.140883, 37.518785], [127.141272, 37.518679], [127.14171, 37.518604], [127.142152, 37.518573], [127.142594, 37.518596], [127.143017, 37.518678], [127.143293, 37.518749], [127.143533, 37.518829], [127.143712, 37.518899], [127.143866, 37.518988], [127.144222, 37.519245], [127.144625, 37.519617], [127.144829, 37.51983], [127.144971, 37.520038], [127.145178, 37.520495], [127.145575, 37.52144], [127.146707, 37.524206], [127.147033, 37.525061], [127.148021, 37.527652], [127.148286, 37.52827]], [[127.148235, 37.528283], [127.147973, 37.527664], [127.147319, 37.525951]], [[127.147319, 37.525951], [127.147171, 37.525563], [127.146658, 37.524218], [127.145526, 37.521453], [127.145129, 37.520508], [127.144926, 37.520057], [127.1448, 37.51985], [127.144595, 37.519633], [127.144185, 37.519274], [127.143836, 37.519017], [127.14368, 37.518926], [127.143509, 37.518866], [127.143269, 37.518779], [127.143012, 37.518712], [127.142587, 37.518636], [127.142156, 37.518607], [127.141718, 37.518645], [127.14128, 37.518713], [127.140902, 37.518823], [127.138858, 37.519678], [127.138351, 37.519889], [127.136402, 37.520699], [127.135613, 37.520925], [127.134739, 37.520955], [127.134052, 37.520853], [127.133365, 37.520517], [127.132845, 37.520015], [127.130785, 37.516883], [127.130258, 37.516101], [127.129862, 37.515513], [127.129143, 37.514806], [127.128403, 37.514432], [127.127405, 37.514211], [127.126182, 37.514228], [127.125356, 37.514339], [127.124219, 37.514738], [127.123221, 37.515326], [127.122202, 37.516389], [127.121698, 37.516875], [127.12085, 37.517334], [127.12011, 37.51753], [127.119209, 37.51764], [127.118372, 37.517598], [127.117629, 37.517464], [127.116698, 37.517017], [127.116242, 37.516738], [127.116022, 37.516489], [127.11595, 37.516406], [127.115741, 37.51617], [127.114434, 37.513911], [127.113431, 37.512588]], [[127.113431, 37.512588], [127.11318, 37.512149], [127.112674, 37.511337], [127.112165, 37.510524], [127.111873, 37.510087]], [[127.111873, 37.510087], [127.111063, 37.508551], [127.110341, 37.507649], [127.109359, 37.506656], [127.108971, 37.506366], [127.107874, 37.505643], [127.107093, 37.505194], [127.106834, 37.505081], [127.105685, 37.504583], [127.105264, 37.50443], [127.103287, 37.503785], [127.10054, 37.502902], [127.100143, 37.502804], [127.098773, 37.50257], [127.098239, 37.502511], [127.097646, 37.502455], [127.096565, 37.502457], [127.095825, 37.502462], [127.095243, 37.502502], [127.094964, 37.50253], [127.094178, 37.502649], [127.093548, 37.502777], [127.092998, 37.502917], [127.092448, 37.503064], [127.090797, 37.503534]], [[127.090797, 37.503534], [127.088713, 37.504128], [127.087921, 37.504353], [127.087218, 37.504552], [127.085383, 37.505071]], [[127.085383, 37.505071], [127.08008, 37.506571], [127.079906, 37.50663], [127.079767, 37.506728], [127.079633, 37.506915], [127.0792, 37.508521], [127.078952, 37.50941], [127.078783, 37.509787], [127.078518, 37.510097], [127.078179, 37.510401], [127.077686, 37.510697], [127.077202, 37.510964], [127.076779, 37.511164], [127.075881, 37.511587]], [[127.075881, 37.511587], [127.075264, 37.511892]], [[127.075264, 37.511892], [127.074818, 37.512121]], [[127.074818, 37.512121], [127.073905, 37.512644], [127.072942, 37.513197], [127.071629, 37.513949], [127.070691, 37.514486], [127.06976, 37.51502], [127.069327, 37.515268], [127.069042, 37.515408], [127.068821, 37.515471], [127.068596, 37.515509], [127.068377, 37.515518], [127.066142, 37.515277], [127.061031, 37.514353], [127.060164, 37.514196], [127.055507, 37.513437], [127.054909, 37.51334], [127.054678, 37.513308]], [[127.054678, 37.513308], [127.054043, 37.513219], [127.053688, 37.513162], [127.05342, 37.513113], [127.053147, 37.513046], [127.052355, 37.512807], [127.051811, 37.512648]], [[127.051811, 37.512648], [127.050356, 37.512197], [127.044235, 37.510396], [127.043417, 37.510157], [127.038522, 37.50872], [127.038285, 37.508637], [127.034096, 37.507412], [127.033634, 37.507272]], [[127.033634, 37.507272], [127.03215, 37.506821], [127.03142, 37.506621], [127.031215, 37.506563], [127.029998, 37.50619], [127.029786, 37.506125], [127.029356, 37.505981]], [[127.029356, 37.505981], [127.02924, 37.505942], [127.028882, 37.505821], [127.027678, 37.505452], [127.026196, 37.504999]], [[127.026196, 37.504999], [127.024537, 37.504492], [127.024153, 37.504371], [127.024162, 37.504379], [127.023566, 37.5042], [127.023118, 37.50407], [127.022728, 37.503957]], [[127.022728, 37.503957], [127.022474, 37.503883], [127.021809, 37.503676], [127.021432, 37.503563], [127.021119, 37.503469], [127.020597, 37.503328], [127.020106, 37.503196], [127.019831, 37.503132], [127.01979, 37.503126], [127.019531, 37.503083], [127.018992, 37.503051], [127.018094, 37.503065], [127.017679, 37.503135], [127.01722, 37.503275], [127.016879, 37.503408], [127.016008, 37.503882]], [[127.016008, 37.503882], [127.01557, 37.504121], [127.015079, 37.504352], [127.014874, 37.504446], [127.014639, 37.504547], [127.014441, 37.504618], [127.013982, 37.504785]], [[127.013982, 37.504785], [127.009996, 37.506235], [127.009317, 37.506503], [127.009034, 37.506592], [127.008732, 37.506657], [127.008443, 37.506708], [127.008175, 37.506742], [127.007894, 37.50677], [127.007604, 37.506792], [127.007313, 37.506794], [127.007095, 37.506786], [127.006848, 37.506753], [127.006636, 37.506705], [127.005395, 37.506323]], [[127.005395, 37.506323], [127.004116, 37.505933], [127.002981, 37.505595]], [[127.002981, 37.505595], [127.001737, 37.505224], [127.001286, 37.50509], [126.99641, 37.503623], [126.991646, 37.502357], [126.990503, 37.502098], [126.986776, 37.501313], [126.984874, 37.500942], [126.984464, 37.50086], [126.984071, 37.500814], [126.983742, 37.500799], [126.983425, 37.500812], [126.983153, 37.500843], [126.982872, 37.500893], [126.982306, 37.501017], [126.981836, 37.50117], [126.980821, 37.50163], [126.979906, 37.502111]], [[126.979906, 37.502111], [126.978902, 37.502638], [126.977728, 37.503223], [126.97657, 37.503796]], [[126.97657, 37.503796], [126.974685, 37.504741], [126.972979, 37.505405], [126.972558, 37.505529], [126.972106, 37.505604], [126.971502, 37.505598], [126.970746, 37.505589], [126.970288, 37.50564], [126.969844, 37.505746], [126.968988, 37.506024], [126.967358, 37.506708], [126.965426, 37.507468], [126.964863, 37.50778], [126.963968, 37.508398], [126.96332, 37.509035], [126.96175, 37.510926], [126.961203, 37.511386], [126.960711, 37.511663], [126.960018, 37.511937], [126.959008, 37.512171], [126.958017, 37.51246], [126.956806, 37.512993], [126.956413, 37.513108], [126.956185, 37.513141], [126.955945, 37.513151], [126.955256, 37.513144], [126.953572, 37.512993], [126.95103, 37.512772], [126.950523, 37.512741], [126.950017, 37.512745], [126.949553, 37.512805], [126.947744, 37.513228], [126.947152, 37.513353], [126.945355, 37.513732], [126.944989, 37.51379], [126.944559, 37.513797], [126.944092, 37.513774]], [[126.944092, 37.513774], [126.941866, 37.513651], [126.940323, 37.513557], [126.938366, 37.513447], [126.938126, 37.513437], [126.938061, 37.513435]], [[126.938061, 37.513435], [126.937242, 37.513401], [126.936343, 37.51341], [126.935712, 37.513471], [126.934319, 37.513797], [126.932973, 37.514219], [126.932006, 37.514651], [126.931147, 37.515107], [126.929588, 37.516103], [126.928448, 37.517309], [126.927856, 37.517972], [126.926256, 37.519626], [126.924376, 37.521569], [126.924155, 37.521796], [126.924046, 37.521909], [126.923461, 37.522501], [126.921359, 37.524777], [126.919544, 37.526569], [126.918764, 37.527339], [126.917637, 37.528469], [126.916678, 37.529385], [126.916397, 37.529648], [126.915989, 37.529897], [126.915037, 37.530307], [126.91448, 37.530472], [126.913827, 37.530612], [126.912326, 37.530921], [126.909186, 37.531493], [126.907063, 37.531906], [126.906323, 37.532063], [126.905308, 37.532314], [126.903303, 37.53326], [126.90226, 37.533785], [126.901568, 37.534124], [126.901035, 37.534418], [126.899308, 37.535278], [126.8982, 37.535837], [126.896193, 37.536841], [126.894384, 37.537717], [126.893937, 37.537943], [126.89321, 37.538277], [126.892253, 37.538736], [126.89098, 37.539434], [126.890469, 37.539728], [126.889577, 37.540175], [126.888745, 37.5405], [126.886959, 37.541267], [126.885049, 37.542117], [126.884252, 37.542691], [126.883676, 37.543536], [126.88325, 37.544246], [126.883233, 37.544275], [126.882989, 37.544683], [126.882662, 37.545226], [126.882374, 37.545562], [126.88186, 37.546023], [126.881155, 37.546486], [126.880657, 37.546709], [126.879839, 37.547036], [126.879157, 37.547194], [126.878251, 37.547249], [126.877631, 37.547192], [126.876238, 37.547105], [126.875434, 37.547066], [126.875207, 37.547055], [126.873786, 37.547], [126.873247, 37.547044], [126.872706, 37.547135], [126.871615, 37.547408], [126.871126, 37.547581], [126.870732, 37.54777], [126.870148, 37.548092], [126.869798, 37.548296], [126.868916, 37.548822], [126.866679, 37.550191], [126.865872, 37.550632], [126.865427, 37.55086], [126.864747, 37.551176], [126.864626, 37.551238], [126.864412, 37.551348], [126.864171, 37.55155], [126.863947, 37.551952], [126.863842, 37.552495], [126.863706, 37.553275], [126.863543, 37.554097], [126.863332, 37.555462], [126.863164, 37.556318], [126.863102, 37.556588], [126.862963, 37.556804], [126.862734, 37.557026], [126.862428, 37.557233], [126.861974, 37.557453], [126.861009, 37.557972], [126.859793, 37.558599], [126.85798, 37.559607], [126.857276, 37.55999], [126.856483, 37.560442], [126.856049, 37.560686], [126.855092, 37.561199], [126.854841, 37.561334], [126.854107, 37.561691], [126.851582, 37.563008], [126.850499, 37.56357], [126.849818, 37.563931], [126.848306, 37.564771], [126.84635, 37.565796], [126.845196, 37.566384], [126.844933, 37.566525], [126.843497, 37.567308], [126.842264, 37.567967], [126.841223, 37.568551], [126.840699, 37.568834], [126.840054, 37.56908], [126.83948, 37.569179], [126.838684, 37.569232], [126.838379, 37.569223], [126.83781, 37.569142], [126.837377, 37.569038], [126.836761, 37.568819], [126.836351, 37.568603], [126.835446, 37.568023], [126.83414, 37.567085], [126.833173, 37.566722], [126.832442, 37.566622], [126.831685, 37.566589], [126.830892, 37.566606], [126.829012, 37.566631], [126.827733, 37.566761], [126.821126, 37.56729], [126.816725, 37.567561], [126.816196, 37.567569], [126.815102, 37.567572], [126.814647, 37.567484], [126.814098, 37.56727], [126.813662, 37.567005], [126.813261, 37.566713], [126.81279, 37.566284], [126.811886, 37.565146], [126.811003, 37.564155], [126.810767, 37.563911], [126.810346, 37.563521], [126.810211, 37.563417], [126.809991, 37.563258], [126.809059, 37.562548], [126.80811, 37.561997], [126.807765, 37.561892], [126.806831, 37.561808], [126.806277, 37.561808]], [[126.806277, 37.561808], [126.803679, 37.561817], [126.801528, 37.561911]], [[127.148189, 37.528298], [127.148069, 37.528003], [127.14785, 37.527444], [127.147319, 37.525951]], [[127.113431, 37.512588], [127.113235, 37.512124], [127.11273, 37.511302], [127.112232, 37.510494], [127.111873, 37.510087]], [[127.085383, 37.505071], [127.085989, 37.504939], [127.087233, 37.504588], [127.088116, 37.504338], [127.090225, 37.503738], [127.090797, 37.503534]], [[127.054678, 37.513308], [127.054495, 37.513292], [127.054248, 37.513276], [127.054032, 37.513263], [127.053676, 37.513206], [127.053404, 37.513156], [127.053125, 37.513088], [127.052333, 37.512849], [127.052056, 37.512738], [127.051811, 37.512648]], [[127.026196, 37.504999], [127.025715, 37.504882], [127.025398, 37.504825], [127.025088, 37.504772], [127.024777, 37.504708], [127.024458, 37.504614], [127.023699, 37.504386], [127.023479, 37.504287], [127.02329, 37.504191], [127.023143, 37.504125], [127.022989, 37.504062], [127.022728, 37.503957]], [[127.016008, 37.503882], [127.015802, 37.504032], [127.0156, 37.50416], [127.014902, 37.504485], [127.014666, 37.504587], [127.014467, 37.504658], [127.014269, 37.504707], [127.013982, 37.504785]], [[126.801528, 37.561911], [126.799668, 37.562034], [126.798735, 37.562132], [126.797216, 37.56245], [126.796358, 37.562644], [126.795104, 37.563226], [126.794186, 37.564012], [126.791577, 37.566243], [126.789337, 37.56825], [126.786419, 37.570713], [126.784385, 37.572266], [126.78394, 37.572772], [126.78376, 37.572999], [126.783626, 37.573255], [126.783512, 37.573833], [126.78354, 37.574329], [126.783674, 37.574857], [126.783854, 37.575154], [126.784124, 37.57545], [126.784419, 37.575673]], [[126.784419, 37.575673], [126.784745, 37.575841], [126.78518, 37.57602], [126.785542, 37.57612], [126.785833, 37.576183], [126.786142, 37.576227], [126.790382, 37.576716], [126.791222, 37.576842], [126.791923, 37.576973], [126.79266, 37.57717], [126.794163, 37.577587]], [[126.794163, 37.577587], [126.795056, 37.577825]], [[126.795056, 37.577825], [126.795592, 37.577931], [126.796901, 37.57831]], [[127.013951, 37.504746], [127.014416, 37.504577], [127.014612, 37.504507], [127.014845, 37.504406], [127.015541, 37.504081], [127.015986, 37.503839]], [[127.05183, 37.512606], [127.052376, 37.512766], [127.053168, 37.513004], [127.053436, 37.51307], [127.0537, 37.513118], [127.054055, 37.513175], [127.054689, 37.513263]], [[127.085364, 37.505033], [127.087201, 37.504514], [127.087903, 37.504315], [127.088092, 37.504261], [127.090787, 37.503494]], [[127.112192, 37.509971], [127.112444, 37.510397], [127.112947, 37.511211], [127.113443, 37.512025], [127.113764, 37.512477]]]}, "properties": {"ref": "9", "name": "서울 지하철 9호선: 개화 → 중앙보훈병원", "operator": "서울시메트로9호선;서울교통공사", "color": "#A49D87"}}, {"type": "Feature", "geometry": {"type": "MultiLineString", "coordinates": [[[127.128024, 37.641803], [127.128665, 37.64124], [127.130862, 37.639201], [127.131686, 37.638659], [127.132468, 37.638215], [127.133377, 37.637764], [127.135505, 37.636841], [127.137779, 37.636001], [127.144234, 37.633248], [127.145024, 37.632878], [127.146041, 37.632268], [127.147366, 37.6312], [127.148599, 37.630212], [127.149366, 37.629588], [127.149706, 37.629256], [127.150002, 37.628829], [127.150127, 37.628553], [127.150194, 37.628151], [127.150226, 37.627621], [127.150175, 37.626968], [127.149958, 37.62547], [127.149826, 37.624909], [127.149619, 37.623748], [127.149529, 37.623011], [127.149421, 37.621845], [127.149301, 37.620999], [127.149184, 37.620584], [127.14906, 37.620388], [127.148898, 37.62019], [127.148672, 37.619939], [127.148367, 37.619635], [127.148061, 37.619408], [127.147817, 37.619254], [127.145836, 37.618329], [127.143953, 37.617401], [127.142279, 37.616701], [127.141232, 37.616262], [127.140195, 37.615806], [127.139492, 37.615419], [127.138953, 37.615137], [127.138469, 37.614697], [127.138234, 37.614344], [127.138114, 37.613846], [127.137961, 37.612851], [127.13791, 37.611787], [127.1379, 37.611516], [127.137941, 37.611106], [127.138011, 37.610653], [127.138135, 37.610174], [127.138274, 37.609773], [127.138439, 37.609271], [127.138826, 37.608091], [127.139009, 37.607559], [127.140469, 37.603096], [127.141019, 37.601637], [127.141266, 37.60105], [127.141321, 37.600932], [127.142134, 37.599722], [127.142461, 37.59923], [127.142636, 37.598973], [127.142752, 37.598652], [127.142788, 37.598391], [127.142769, 37.598104], [127.142671, 37.597854], [127.142498, 37.597525], [127.142187, 37.597163], [127.14084, 37.595938], [127.14024, 37.595386], [127.139386, 37.594616], [127.139038, 37.594207], [127.138618, 37.59375], [127.138325, 37.593323], [127.13808, 37.592864], [127.137893, 37.592386], [127.137855, 37.592114], [127.137864, 37.587952], [127.137848, 37.58649], [127.137939, 37.579645], [127.138111, 37.577776], [127.13826, 37.576748], [127.139661, 37.566739], [127.139788, 37.566158], [127.140348, 37.562681], [127.140459, 37.561983], [127.140539, 37.561316], [127.140643, 37.560586], [127.140746, 37.559963], [127.140756, 37.559591], [127.140702, 37.559257], [127.140618, 37.558925], [127.14048, 37.558679], [127.140308, 37.558399], [127.14009, 37.558176], [127.139758, 37.557927], [127.139537, 37.557812], [127.139315, 37.557703], [127.138704, 37.55746], [127.138068, 37.557272], [127.137583, 37.557154], [127.137085, 37.557013], [127.136513, 37.556897], [127.136229, 37.556865], [127.135757, 37.556821], [127.135164, 37.55682], [127.134877, 37.556823], [127.134645, 37.556845], [127.134399, 37.556867], [127.133997, 37.556922], [127.133453, 37.556987], [127.132877, 37.557104], [127.132508, 37.55714], [127.132152, 37.557145], [127.131827, 37.55713], [127.131506, 37.557087], [127.131247, 37.557039], [127.130989, 37.556958], [127.13076, 37.556862], [127.130523, 37.55673], [127.130321, 37.556613], [127.130007, 37.556364], [127.129765, 37.556132], [127.129625, 37.555906], [127.129504, 37.555619], [127.129274, 37.555008], [127.12902, 37.554396], [127.128774, 37.553757]], [[127.128774, 37.553757], [127.127989, 37.551547], [127.127775, 37.550943], [127.127075, 37.549003]], [[127.127075, 37.549003], [127.125843, 37.54548], [127.12481, 37.542644], [127.124058, 37.540577], [127.123447, 37.53876], [127.123204, 37.538074], [127.12254, 37.536257], [127.121366, 37.533045], [127.120721, 37.531061], [127.120598, 37.530682], [127.120445, 37.53027], [127.120319, 37.530021], [127.119045, 37.52778], [127.118553, 37.52695], [127.118051, 37.526258], [127.11767, 37.525777], [127.117452, 37.525491], [127.116378, 37.524057], [127.115837, 37.523197], [127.115533, 37.522587], [127.115252, 37.522068], [127.115005, 37.521552], [127.114729, 37.520751], [127.114576, 37.520203], [127.114447, 37.519862], [127.114143, 37.519189], [127.113883, 37.518755], [127.113513, 37.518345], [127.113286, 37.518088], [127.113096, 37.5179], [127.112913, 37.517737], [127.11265, 37.51755], [127.112439, 37.517456], [127.10585, 37.515214], [127.103496, 37.514319]], [[127.103496, 37.514319], [127.102967, 37.514131], [127.102489, 37.513927], [127.102182, 37.513775], [127.101952, 37.513625], [127.101794, 37.513515], [127.101689, 37.513401], [127.101599, 37.513233], [127.101511, 37.513009], [127.10145, 37.512839], [127.101418, 37.512688], [127.101394, 37.512335], [127.101401, 37.512029], [127.101437, 37.511654], [127.101486, 37.511351], [127.101534, 37.5112], [127.101604, 37.511034], [127.101968, 37.510513], [127.102159, 37.51025], [127.10238, 37.509951], [127.102584, 37.509729], [127.102795, 37.509509], [127.103163, 37.509186], [127.103398, 37.509042], [127.103743, 37.508778], [127.104251, 37.508369], [127.104797, 37.507809], [127.107093, 37.505304], [127.112251, 37.499621], [127.114814, 37.496774], [127.115692, 37.495794], [127.116034, 37.495431], [127.118148, 37.493186], [127.118679, 37.492499], [127.119244, 37.491808], [127.119392, 37.491603], [127.120035, 37.490623], [127.120654, 37.489564], [127.121467, 37.487938], [127.121856, 37.487157], [127.122484, 37.48585], [127.124206, 37.482529], [127.126037, 37.478893], [127.126735, 37.477607], [127.126821, 37.477389], [127.126886, 37.477183], [127.126969, 37.476859], [127.127049, 37.476361], [127.127062, 37.476], [127.127043, 37.475684], [127.126975, 37.474822], [127.126724, 37.472072], [127.126696, 37.471696], [127.12661, 37.470157], [127.126579, 37.469747], [127.126501, 37.468765], [127.126522, 37.468445], [127.126566, 37.468184], [127.126602, 37.468049], [127.126665, 37.467923], [127.126745, 37.467833], [127.126842, 37.46774], [127.126922, 37.467674], [127.127034, 37.467624], [127.127394, 37.46754], [127.127761, 37.467491], [127.128119, 37.467364], [127.128496, 37.467191], [127.129021, 37.466955], [127.130474, 37.466315], [127.133742, 37.465029]], [[127.136825, 37.46378], [127.133742, 37.465029]], [[127.137093, 37.463674], [127.13699, 37.463715], [127.136825, 37.46378]], [[127.139861, 37.462432], [127.139797, 37.462472], [127.138942, 37.462891], [127.138373, 37.463157], [127.137093, 37.463674]], [[127.140086, 37.462305], [127.139861, 37.462432]], [[127.141308, 37.46161], [127.140896, 37.461853], [127.14084, 37.461886], [127.140086, 37.462305]], [[127.141442, 37.461531], [127.141392, 37.46156], [127.141308, 37.46161]], [[127.144435, 37.459859], [127.143442, 37.460424], [127.142646, 37.46085], [127.141442, 37.461531]], [[127.130316, 37.434034], [127.134361, 37.434702], [127.135178, 37.434854], [127.135756, 37.435001], [127.136599, 37.435287], [127.13703, 37.435479], [127.137674, 37.43577], [127.138381, 37.436164], [127.140665, 37.437457], [127.143956, 37.439322], [127.145816, 37.44031], [127.146212, 37.440489], [127.147406, 37.440936], [127.147625, 37.441014], [127.14836, 37.441281], [127.149627, 37.441678], [127.15048, 37.441958], [127.15132, 37.442267], [127.152238, 37.442658], [127.155468, 37.444249], [127.155847, 37.444452], [127.156378, 37.444795], [127.156755, 37.445093], [127.156924, 37.445364], [127.157355, 37.446143], [127.157762, 37.446918], [127.157827, 37.447047], [127.159804, 37.451584], [127.160612, 37.4534], [127.160639, 37.453671], [127.160603, 37.453836], [127.160532, 37.453997], [127.160454, 37.454106], [127.160037, 37.454602], [127.159376, 37.455112], [127.158992, 37.455353], [127.158496, 37.455648], [127.157916, 37.455915], [127.157456, 37.456051], [127.15671, 37.456215], [127.156124, 37.456304], [127.150674, 37.456825], [127.150358, 37.45684], [127.150065, 37.456845], [127.149908, 37.456848], [127.149692, 37.456865], [127.149486, 37.456903], [127.149163, 37.457027], [127.14876, 37.457209], [127.148482, 37.45733], [127.148219, 37.457482], [127.147851, 37.457726], [127.14719, 37.458208], [127.146256, 37.458781], [127.14475, 37.459673], [127.144435, 37.459859]], [[127.130328, 37.433994], [127.134372, 37.434662], [127.135192, 37.434815], [127.135773, 37.434964], [127.136621, 37.435251], [127.137055, 37.435444], [127.137701, 37.435736], [127.13841, 37.436131], [127.140694, 37.437424], [127.143985, 37.439289], [127.145843, 37.440275], [127.146235, 37.440453], [127.147428, 37.4409], [127.147646, 37.440977], [127.14838, 37.441244], [127.149646, 37.441641], [127.1505, 37.441921], [127.151343, 37.442231], [127.152263, 37.442623], [127.155495, 37.444215], [127.155877, 37.444419], [127.156413, 37.444765], [127.156797, 37.44507], [127.15697, 37.445347], [127.157402, 37.446127], [127.157809, 37.446903], [127.157874, 37.447033], [127.159852, 37.451571], [127.160663, 37.453392], [127.160691, 37.453673], [127.160652, 37.453847], [127.160578, 37.454013], [127.160497, 37.454128], [127.160076, 37.454628], [127.15941, 37.455142], [127.159023, 37.455385], [127.158525, 37.455682], [127.157937, 37.455952], [127.157472, 37.456089], [127.156722, 37.456254], [127.156132, 37.456344], [127.150679, 37.456865], [127.15036, 37.456881], [127.150066, 37.456885], [127.149911, 37.456888], [127.1497, 37.456905], [127.149503, 37.456941], [127.149187, 37.457063], [127.148785, 37.457244], [127.148509, 37.457364], [127.14825, 37.457514], [127.147884, 37.457756], [127.147223, 37.458239], [127.146287, 37.458813], [127.144465, 37.459892]], [[127.144465, 37.459892], [127.143471, 37.460458], [127.142675, 37.460883], [127.141472, 37.461563]], [[127.141472, 37.461563], [127.141339, 37.461642]], [[127.141339, 37.461642], [127.14087, 37.461919], [127.140115, 37.462338]], [[127.140115, 37.462338], [127.13989, 37.462457]], [[127.13989, 37.462457], [127.139765, 37.46252], [127.139037, 37.462879], [127.138669, 37.463057], [127.138397, 37.463192], [127.13712, 37.463712]], [[127.13712, 37.463712], [127.13685, 37.463818]], [[127.13685, 37.463818], [127.133765, 37.465065]], [[127.103545, 37.514276], [127.103011, 37.514085], [127.102531, 37.513884], [127.102157, 37.513679], [127.101968, 37.513559], [127.101841, 37.513468], [127.101741, 37.513375], [127.101638, 37.513207], [127.10158, 37.513052], [127.101507, 37.512823], [127.101465, 37.512616], [127.101449, 37.512325], [127.101466, 37.511996], [127.101497, 37.511661], [127.101557, 37.511387], [127.10159, 37.511224], [127.101654, 37.511049], [127.101995, 37.510567], [127.102215, 37.510271], [127.10241, 37.510014], [127.102643, 37.509783], [127.102877, 37.509546], [127.103223, 37.509231], [127.103886, 37.50878], [127.10423, 37.508488], [127.104816, 37.507889], [127.107134, 37.505328], [127.112293, 37.499644], [127.114856, 37.496797], [127.115733, 37.495818], [127.11819, 37.493208], [127.118722, 37.492521], [127.119287, 37.491829], [127.119437, 37.491623], [127.12008, 37.490641], [127.120701, 37.489579], [127.121514, 37.487952], [127.121903, 37.487172], [127.122531, 37.485865], [127.124253, 37.482545], [127.126084, 37.478908], [127.126783, 37.477622], [127.12687, 37.4774], [127.126936, 37.477192], [127.127019, 37.476866], [127.1271, 37.476364], [127.127113, 37.476], [127.127094, 37.475682], [127.127026, 37.47482], [127.126848, 37.471646], [127.126666, 37.468837], [127.126679, 37.46843], [127.126693, 37.468171], [127.126725, 37.468046], [127.126814, 37.467888], [127.126958, 37.46776], [127.127033, 37.467716], [127.12715, 37.467674], [127.127291, 37.467631], [127.127407, 37.467595], [127.127777, 37.467529], [127.128142, 37.4674], [127.128522, 37.467226], [127.129046, 37.466991], [127.130498, 37.466351], [127.133765, 37.465065]], [[127.1278, 37.550672], [127.125891, 37.545469], [127.124859, 37.542633], [127.124107, 37.540566], [127.123496, 37.53875], [127.123253, 37.538063], [127.122589, 37.536246], [127.121415, 37.533034], [127.12077, 37.531051], [127.120647, 37.530671], [127.120493, 37.530257], [127.120366, 37.530005], [127.119254, 37.527714], [127.118936, 37.527015], [127.118542, 37.526339], [127.118224, 37.525765], [127.117831, 37.525098], [127.117132, 37.52417], [127.116393, 37.523051], [127.115838, 37.522291], [127.115499, 37.521722], [127.115209, 37.521157], [127.114875, 37.520478], [127.114611, 37.519785], [127.1142, 37.519039], [127.114009, 37.518754], [127.113833, 37.518545], [127.113644, 37.518345], [127.113372, 37.51807], [127.113142, 37.517845], [127.112932, 37.517654], [127.112688, 37.517472], [127.112486, 37.517386], [127.105871, 37.515177], [127.103545, 37.514276]], [[127.128941, 37.553734], [127.128839, 37.553458], [127.128204, 37.551735], [127.128126, 37.551522], [127.127891, 37.550909], [127.1278, 37.550672]], [[127.128941, 37.553734], [127.129079, 37.554312], [127.129309, 37.554956], [127.129593, 37.555683], [127.129673, 37.555887], [127.129819, 37.55607], [127.130072, 37.55633], [127.13039, 37.556568], [127.130569, 37.556679], [127.130809, 37.556804], [127.131039, 37.556888], [127.13127, 37.556961], [127.131514, 37.557008], [127.131843, 37.557057], [127.132169, 37.557077], [127.132421, 37.557071], [127.133013, 37.557014], [127.133368, 37.556946], [127.133756, 37.556885], [127.134144, 37.556835], [127.134359, 37.556811], [127.134648, 37.556779], [127.134889, 37.556757], [127.135187, 37.556735], [127.135787, 37.556761], [127.136202, 37.556791], [127.136597, 37.556837], [127.137056, 37.556928], [127.137291, 37.556987], [127.137606, 37.557066], [127.138108, 37.557215], [127.138763, 37.557422], [127.139353, 37.557656], [127.139814, 37.557862], [127.140151, 37.558093], [127.140381, 37.558331], [127.140549, 37.558599], [127.140693, 37.558898], [127.140777, 37.559233], [127.140823, 37.559559], [127.140822, 37.559957], [127.140738, 37.560508], [127.140659, 37.561281], [127.140551, 37.561982], [127.140439, 37.56273], [127.139871, 37.566223], [127.139837, 37.566775], [127.139424, 37.569748], [127.138498, 37.576757], [127.138263, 37.577786], [127.138071, 37.579726], [127.137974, 37.586483], [127.137971, 37.587981], [127.13797, 37.58843], [127.137973, 37.592092], [127.137996, 37.592357], [127.13814, 37.592775], [127.138454, 37.593336], [127.138746, 37.593727], [127.139013, 37.594046], [127.139454, 37.594563], [127.140112, 37.595183], [127.14097, 37.595894], [127.142185, 37.597055], [127.14255, 37.597458], [127.142747, 37.597778], [127.142824, 37.597968], [127.142884, 37.598175], [127.142881, 37.598401], [127.142848, 37.598627], [127.142734, 37.598983], [127.142556, 37.599286], [127.142226, 37.599744], [127.141385, 37.600971], [127.141218, 37.601379], [127.14102, 37.601863], [127.140554, 37.603109], [127.140432, 37.603446], [127.139437, 37.606544], [127.139276, 37.607054], [127.139094, 37.60764], [127.138837, 37.608398], [127.138621, 37.609052], [127.138404, 37.609705], [127.138217, 37.610387], [127.138089, 37.610931], [127.138034, 37.611341], [127.138026, 37.611762], [127.138021, 37.612224], [127.138069, 37.612828], [127.138208, 37.613698], [127.138352, 37.6142], [127.138629, 37.614633], [127.139063, 37.615014], [127.139606, 37.615331], [127.140137, 37.615591], [127.141236, 37.61617], [127.14388, 37.6173], [127.145838, 37.618208], [127.147861, 37.619174], [127.148363, 37.619498], [127.148635, 37.619753], [127.148897, 37.620016], [127.149073, 37.62019], [127.149271, 37.620537], [127.149385, 37.620853], [127.149424, 37.621097], [127.149545, 37.622268], [127.149669, 37.623468], [127.149702, 37.623786], [127.149929, 37.624893], [127.150253, 37.627007], [127.150306, 37.627594], [127.150296, 37.628159], [127.150206, 37.62857], [127.15007, 37.62887], [127.149914, 37.62914], [127.149742, 37.629351], [127.149084, 37.629938], [127.148635, 37.630302], [127.147407, 37.631264], [127.146057, 37.632348], [127.145072, 37.632975], [127.144176, 37.633426], [127.137855, 37.636048], [127.135589, 37.636927], [127.133343, 37.637837], [127.132458, 37.638308], [127.131738, 37.638735], [127.130997, 37.639254], [127.12988, 37.640231], [127.128084, 37.641849], [127.126698, 37.643004]]]}, "properties": {"ref": "8", "name": "서울 지하철 8호선: 별내 → 모란", "operator": "서울교통공사", "color": "#D11D70"}}, {"type": "Feature", "geometry": {"type": "MultiLineString", "coordinates": [[[126.915702, 37.598774], [126.915806, 37.599015], [126.915976, 37.599189], [126.916279, 37.599407], [126.916709, 37.59959], [126.917426, 37.59985], [126.918933, 37.600256], [126.919907, 37.600745], [126.92023, 37.60107], [126.922801, 37.606054], [126.923392, 37.607088], [126.923686, 37.607326], [126.923945, 37.607465], [126.924768, 37.607825], [126.925704, 37.608278], [126.926053, 37.60852], [126.927411, 37.609389], [126.928208, 37.609838], [126.928766, 37.610392], [126.928974, 37.610599], [126.929222, 37.610738], [126.929599, 37.610949], [126.931186, 37.611858], [126.931282, 37.611933], [126.931351, 37.612023], [126.932694, 37.614932], [126.93284, 37.615258], [126.932911, 37.615456], [126.933164, 37.617393], [126.93319, 37.617851], [126.933153, 37.618139], [126.933058, 37.618452], [126.932962, 37.618624], [126.932864, 37.618778], [126.932583, 37.619194], [126.932249, 37.619644], [126.932066, 37.619875], [126.931441, 37.620662], [126.930395, 37.621288], [126.929012, 37.62153], [126.926925, 37.621346], [126.925229, 37.620862], [126.924283, 37.620386], [126.922313, 37.619162], [126.921355, 37.618906], [126.920531, 37.618629], [126.920206, 37.61845], [126.919957, 37.618108], [126.917968, 37.61507], [126.917194, 37.611362], [126.9171, 37.61104], [126.916897, 37.610416], [126.916192, 37.609329], [126.915724, 37.608604], [126.915396, 37.607778], [126.915334, 37.607088], [126.915683, 37.60437], [126.91615, 37.600749], [126.915473, 37.598438]], [[126.915473, 37.598438], [126.915391, 37.598097], [126.915337, 37.597895], [126.914127, 37.5934], [126.913868, 37.592625], [126.91378, 37.592277], [126.91348, 37.591087], [126.913414, 37.590781], [126.9132, 37.589684], [126.91306, 37.588998], [126.912736, 37.58742], [126.912402, 37.58673], [126.912077, 37.586273], [126.911478, 37.585628], [126.90986, 37.584129], [126.906941, 37.581375], [126.901439, 37.576216], [126.900697, 37.57551], [126.899745, 37.573756], [126.899514, 37.572698], [126.899299, 37.570215], [126.899294, 37.570161], [126.899417, 37.567756], [126.899694, 37.566819], [126.900366, 37.566089], [126.901543, 37.565331], [126.902028, 37.564918], [126.903374, 37.563516], [126.910122, 37.555981], [126.911667, 37.554221], [126.91321, 37.549526], [126.913458, 37.549205], [126.913627, 37.549019], [126.913876, 37.548872], [126.914176, 37.548756], [126.918344, 37.547908], [126.922922, 37.547739], [126.931673, 37.54746], [126.932001, 37.547449], [126.934134, 37.547394], [126.934936, 37.547404], [126.935225, 37.54741], [126.935522, 37.547432], [126.935732, 37.547464], [126.935921, 37.547506], [126.936328, 37.547653], [126.937447, 37.548028], [126.938057, 37.548245], [126.938631, 37.548443], [126.938911, 37.548515], [126.939269, 37.548582], [126.939596, 37.548606], [126.939787, 37.548607], [126.939935, 37.548604], [126.940066, 37.548592], [126.940237, 37.548566], [126.940421, 37.548511], [126.94062, 37.548429], [126.941626, 37.547989], [126.942317, 37.547689]], [[126.942317, 37.547689], [126.951521, 37.54364]], [[126.951521, 37.54364], [126.95576, 37.541745], [126.958141, 37.540626], [126.961353, 37.539312], [126.9642, 37.538517], [126.966403, 37.537976], [126.970978, 37.53658], [126.973546, 37.535754], [126.973899, 37.535591], [126.974506, 37.53528], [126.975437, 37.534682], [126.975641, 37.534615], [126.975803, 37.534579], [126.97598, 37.534563], [126.981702, 37.534792], [126.985661, 37.53492], [126.986497, 37.534733], [126.987092, 37.534527], [126.987591, 37.534287], [126.988218, 37.534097], [126.989273, 37.534154], [126.994386, 37.534481], [126.995907, 37.534563], [126.997158, 37.534638], [126.997675, 37.534695], [126.997954, 37.534767], [126.998222, 37.534892], [126.999019, 37.535447], [126.999706, 37.536013], [127.000303, 37.536568], [127.000545, 37.53682], [127.001056, 37.537437], [127.001303, 37.537765], [127.001468, 37.538013], [127.001699, 37.538675], [127.001763, 37.53982]], [[127.001763, 37.53982], [127.001773, 37.539987], [127.00206, 37.542075], [127.002017, 37.542567], [127.001983, 37.54303], [127.001931, 37.543424], [127.001955, 37.543741], [127.002008, 37.544112], [127.00208, 37.544375], [127.002143, 37.544619], [127.002283, 37.544992], [127.002424, 37.54532], [127.002695, 37.545707], [127.002959, 37.546003], [127.003281, 37.546289], [127.003619, 37.54662], [127.004034, 37.546908], [127.004408, 37.547129], [127.004705, 37.547284], [127.005102, 37.547467], [127.005441, 37.547613], [127.005773, 37.547756], [127.006097, 37.547894], [127.006343, 37.548021], [127.006677, 37.548226], [127.006924, 37.548417], [127.007137, 37.54865], [127.007365, 37.548998], [127.00766, 37.549526], [127.008263, 37.550538], [127.008705, 37.551244], [127.009311, 37.552315], [127.009736, 37.553002], [127.010013, 37.553474], [127.010396, 37.55416], [127.010778, 37.555017], [127.013854, 37.560286], [127.015486, 37.563147], [127.016006, 37.564099], [127.016244, 37.565332], [127.016222, 37.566404], [127.016131, 37.567123], [127.016015, 37.56803], [127.015874, 37.570226], [127.015803, 37.571413], [127.015649, 37.573127], [127.015644, 37.573367], [127.015728, 37.574844], [127.015634, 37.575892], [127.015513, 37.576811], [127.015419, 37.577851], [127.015383, 37.578679], [127.015273, 37.579786], [127.015194, 37.580425], [127.015213, 37.581198], [127.015591, 37.58282], [127.015813, 37.583188], [127.016249, 37.583573], [127.017333, 37.584376], [127.018, 37.584781], [127.018813, 37.585067], [127.019333, 37.585262], [127.020596, 37.585717], [127.02108, 37.585916], [127.02147, 37.586044], [127.022445, 37.586278], [127.023667, 37.586439], [127.024822, 37.586258], [127.025277, 37.586212], [127.027456, 37.586197], [127.029329, 37.586282]], [[127.029329, 37.586282], [127.032708, 37.586404], [127.032911, 37.586469], [127.035611, 37.589151], [127.03573, 37.589271], [127.035863, 37.589505], [127.035936, 37.58975], [127.036147, 37.590891], [127.036227, 37.591781], [127.036372, 37.592379], [127.037141, 37.593395], [127.039019, 37.596911], [127.039632, 37.598233], [127.039779, 37.598571], [127.040363, 37.599861], [127.041013, 37.601053]], [[127.041013, 37.601053], [127.041352, 37.601674], [127.041489, 37.601924], [127.041823, 37.602364], [127.042386, 37.602839], [127.043192, 37.603454], [127.043635, 37.603738], [127.044088, 37.60403], [127.048257, 37.606207], [127.05649, 37.610534], [127.060937, 37.612933], [127.062121, 37.61359], [127.062645, 37.613891], [127.06332, 37.614201], [127.064727, 37.614654], [127.065768, 37.614876], [127.068565, 37.615489], [127.070132, 37.615822], [127.07216, 37.61644], [127.073654, 37.616935], [127.074528, 37.617225], [127.075092, 37.617419], [127.075283, 37.617485], [127.076183, 37.617794], [127.076493, 37.617901], [127.076539, 37.617917], [127.076847, 37.618023], [127.078646, 37.618642], [127.080363, 37.619169], [127.082262, 37.619538], [127.083717, 37.619756], [127.085024, 37.619912], [127.085462, 37.619845], [127.086302, 37.619562], [127.091075, 37.617393]], [[127.091107, 37.617441], [127.089776, 37.618043], [127.08633, 37.619602], [127.085477, 37.619896], [127.085016, 37.619961], [127.083704, 37.619807], [127.082245, 37.619585], [127.080338, 37.619222], [127.078624, 37.618691], [127.077084, 37.618158], [127.076691, 37.618022], [127.075413, 37.61758], [127.074505, 37.617266], [127.073633, 37.616976], [127.072152, 37.616475], [127.070119, 37.615865], [127.068539, 37.61553], [127.065758, 37.614918], [127.065423, 37.614846], [127.064714, 37.614686], [127.06444, 37.614614], [127.063295, 37.614242], [127.062617, 37.613932], [127.062083, 37.613636], [127.061786, 37.613471], [127.061232, 37.613161], [127.060897, 37.612974], [127.056461, 37.610571], [127.048232, 37.606239], [127.044053, 37.60407], [127.043509, 37.603749], [127.043152, 37.603496], [127.043068, 37.603432], [127.042331, 37.602851], [127.041779, 37.602387], [127.041446, 37.60195], [127.040988, 37.601086], [127.040311, 37.599881], [127.039727, 37.598605], [127.039582, 37.598248], [127.03897, 37.596957], [127.037092, 37.593418], [127.036315, 37.592391], [127.036148, 37.591778], [127.036068, 37.590932], [127.035949, 37.590198], [127.035859, 37.589791], [127.035784, 37.589503], [127.035693, 37.589293], [127.035564, 37.589155], [127.03289, 37.5865], [127.032689, 37.586434], [127.029336, 37.586316]], [[127.029336, 37.586316], [127.027445, 37.58624], [127.025278, 37.586253], [127.02483, 37.586297], [127.023663, 37.586491], [127.022429, 37.586316], [127.021451, 37.586091], [127.021067, 37.585968], [127.020584, 37.585755], [127.019314, 37.585301], [127.018792, 37.585108], [127.017974, 37.584821], [127.017303, 37.58441], [127.016231, 37.583623], [127.015785, 37.583228], [127.015541, 37.58282], [127.015163, 37.581213], [127.01515, 37.580437], [127.015221, 37.579782], [127.015336, 37.578678], [127.015375, 37.577851], [127.015465, 37.576814], [127.015579, 37.575892], [127.015675, 37.574834], [127.015561, 37.573362], [127.015566, 37.573133], [127.015573, 37.573043], [127.015706, 37.571397], [127.015809, 37.570233], [127.015826, 37.57001], [127.015973, 37.568027], [127.016169, 37.566405], [127.016193, 37.565337], [127.015964, 37.564099], [127.015462, 37.563164], [127.013808, 37.560305], [127.010729, 37.555047], [127.010276, 37.55422], [127.009931, 37.553532], [127.009222, 37.552374], [127.008673, 37.551404], [127.008136, 37.550554], [127.007607, 37.549654], [127.007244, 37.549021], [127.006987, 37.548663], [127.006784, 37.548477], [127.006597, 37.548306], [127.006335, 37.548142], [127.006053, 37.547986], [127.005788, 37.547858], [127.00555, 37.547766], [127.005289, 37.547659], [127.004926, 37.547522], [127.004584, 37.547384], [127.004254, 37.547194], [127.003932, 37.546995], [127.003569, 37.546714], [127.003218, 37.546421], [127.002974, 37.546208], [127.002629, 37.54582], [127.002375, 37.545495], [127.002239, 37.545201], [127.002108, 37.544889], [127.002003, 37.544503], [127.001924, 37.544302], [127.001852, 37.544022], [127.001803, 37.543714], [127.001778, 37.543463], [127.001836, 37.542944], [127.001891, 37.542535], [127.001899, 37.542264], [127.001892, 37.542072], [127.001909, 37.541741], [127.00185, 37.541167], [127.001718, 37.539995], [127.001712, 37.539825]], [[127.001712, 37.539825], [127.001655, 37.538685], [127.001419, 37.538024], [127.001261, 37.53778], [127.001014, 37.537455], [127.000499, 37.536848], [127.000259, 37.536595], [126.999669, 37.536039], [126.998983, 37.535486], [126.998179, 37.534927], [126.997921, 37.534807], [126.997647, 37.534738], [126.997139, 37.534683], [126.995885, 37.534608], [126.994373, 37.534526], [126.989266, 37.534203], [126.988215, 37.534143], [126.987614, 37.534322], [126.987127, 37.534558], [126.986525, 37.534771], [126.985661, 37.534964], [126.981681, 37.53483], [126.976346, 37.534625], [126.975906, 37.534644], [126.975606, 37.534687], [126.975406, 37.534776], [126.974545, 37.535309], [126.97394, 37.535626], [126.973569, 37.535795], [126.971011, 37.536623], [126.966409, 37.538018], [126.964204, 37.538569], [126.961401, 37.539337], [126.95817, 37.540664], [126.955782, 37.541789], [126.954303, 37.542451], [126.951546, 37.543686]], [[126.951546, 37.543686], [126.942358, 37.547723]], [[126.942358, 37.547723], [126.940643, 37.548465], [126.94045, 37.548537], [126.940246, 37.548601], [126.940069, 37.548631], [126.93994, 37.548635], [126.939785, 37.548648], [126.939597, 37.548643], [126.939275, 37.548622], [126.938905, 37.548558], [126.938615, 37.548473], [126.938041, 37.548282], [126.937425, 37.548065], [126.936303, 37.547682], [126.935906, 37.54755], [126.935724, 37.547508], [126.935515, 37.547474], [126.935236, 37.547452], [126.93493, 37.547444], [126.934124, 37.54743], [126.933276, 37.547453], [126.93199, 37.547487], [126.926041, 37.547678], [126.924379, 37.547732], [126.922924, 37.547779], [126.918354, 37.547952], [126.914183, 37.548786], [126.913898, 37.548895], [126.913683, 37.549042], [126.913575, 37.549155], [126.913255, 37.549537], [126.913132, 37.549913], [126.911716, 37.554249], [126.910178, 37.556007], [126.903414, 37.56353], [126.902057, 37.564939], [126.901563, 37.565358], [126.900383, 37.566126], [126.899745, 37.56684], [126.899466, 37.567759], [126.899332, 37.570148], [126.899552, 37.572682], [126.899782, 37.573749], [126.900737, 37.575501], [126.901479, 37.576189], [126.906981, 37.581349], [126.909893, 37.584098], [126.911501, 37.585604], [126.912115, 37.586248], [126.912456, 37.586712], [126.912846, 37.587414], [126.913245, 37.589107], [126.913589, 37.590565], [126.913994, 37.592256], [126.91458, 37.59453], [126.914887, 37.595717], [126.915245, 37.597134], [126.915293, 37.597324], [126.91548, 37.598096], [126.915702, 37.598774]], [[127.103408, 37.61279], [127.103892, 37.612638], [127.104646, 37.612403]], [[127.103408, 37.61279], [127.102959, 37.612989]], [[127.102452, 37.613148], [127.102653, 37.613082], [127.102731, 37.613058], [127.102959, 37.612989]], [[127.102016, 37.613343], [127.102353, 37.6132], [127.102452, 37.613148]], [[127.102016, 37.613343], [127.101987, 37.613353], [127.10193, 37.613371], [127.101832, 37.613403]], [[127.101832, 37.613403], [127.101096, 37.613635]], [[127.101096, 37.613635], [127.100402, 37.613858]], [[127.100402, 37.613858], [127.100312, 37.613888]], [[127.100312, 37.613888], [127.099098, 37.61427]], [[127.099098, 37.61427], [127.09862, 37.614423]], [[127.09862, 37.614423], [127.097753, 37.61471], [127.097485, 37.614805], [127.097312, 37.614864], [127.097012, 37.614999], [127.096237, 37.615324]], [[127.091107, 37.617441], [127.091231, 37.617388], [127.095184, 37.615708], [127.095866, 37.615459], [127.096237, 37.615324]], [[127.091075, 37.617393], [127.095129, 37.615658], [127.096137, 37.615168]], [[127.096137, 37.615168], [127.097611, 37.614694], [127.098537, 37.614394], [127.098606, 37.614373]], [[127.098606, 37.614373], [127.099082, 37.614232]], [[127.099082, 37.614232], [127.09922, 37.614191], [127.099937, 37.613959], [127.100305, 37.613842]], [[127.100305, 37.613842], [127.100387, 37.613814]], [[127.100387, 37.613814], [127.101067, 37.613603]], [[127.101067, 37.613603], [127.101807, 37.613358]], [[127.101807, 37.613358], [127.101991, 37.613299]], [[127.101991, 37.613299], [127.102191, 37.613212], [127.102234, 37.613193], [127.102433, 37.613113], [127.102628, 37.613035], [127.103408, 37.61279]]]}, "properties": {"ref": "6", "name": "서울 지하철 6호선: 응암순환 → 봉화산", "operator": "서울교통공사", "color": "#7C4932"}}, {"type": "Feature", "geometry": {"type": "MultiLineString", "coordinates": [[[127.134203, 37.522259], [127.133561, 37.520503], [127.133422, 37.520089], [127.133293, 37.519753], [127.133196, 37.519566], [127.133092, 37.519378], [127.130964, 37.516132], [127.126072, 37.508618], [127.125562, 37.50782], [127.124669, 37.506424], [127.124433, 37.505755], [127.124396, 37.505215], [127.124471, 37.504892], [127.124863, 37.504355], [127.125807, 37.503577], [127.127842, 37.502233], [127.130836, 37.500244], [127.134845, 37.498105], [127.143771, 37.49338], [127.144316, 37.493092], [127.144633, 37.493031], [127.149139, 37.492869], [127.149247, 37.492877], [127.149402, 37.492923], [127.149568, 37.493009], [127.152751, 37.494989]], [[127.130967, 37.536353], [127.13246, 37.535919], [127.132638, 37.535863], [127.132932, 37.535768], [127.134225, 37.535429], [127.135217, 37.535142], [127.135912, 37.534923], [127.136222, 37.534801], [127.136486, 37.534678], [127.137079, 37.53431], [127.13725, 37.534184], [127.137418, 37.534045], [127.137573, 37.533895], [127.137855, 37.533491], [127.138014, 37.533197], [127.138095, 37.532935], [127.138163, 37.532519], [127.138176, 37.532293], [127.138133, 37.532103], [127.138058, 37.531901], [127.137894, 37.531583], [127.137754, 37.53132], [127.137458, 37.530837], [127.137261, 37.530355], [127.137167, 37.530068], [127.137024, 37.529631], [127.136801, 37.529073], [127.136285, 37.527788], [127.134203, 37.522259]], [[127.135363, 37.534886], [127.132596, 37.535768]], [[127.134134, 37.522273], [127.136208, 37.52781], [127.136647, 37.528975], [127.136962, 37.529811], [127.137186, 37.530463], [127.13734, 37.530845], [127.137608, 37.531343], [127.137742, 37.531583], [127.137891, 37.531925], [127.137967, 37.532182], [127.138001, 37.532408], [127.13798, 37.532655], [127.137889, 37.532924], [127.137652, 37.533393], [127.13743, 37.533701], [127.13723, 37.533919], [127.13702, 37.534095], [127.136372, 37.534469], [127.135363, 37.534886]], [[127.152787, 37.494956], [127.149587, 37.492951], [127.149399, 37.492859], [127.149257, 37.492818], [127.149155, 37.492813], [127.144626, 37.492974], [127.144277, 37.493039], [127.143726, 37.49333], [127.13481, 37.498043], [127.130797, 37.5002], [127.127801, 37.502196], [127.12578, 37.503543], [127.124829, 37.504332], [127.124425, 37.504867], [127.124337, 37.50521], [127.124382, 37.505761], [127.12461, 37.506441], [127.125068, 37.507161], [127.125275, 37.507487], [127.125277, 37.50749], [127.125362, 37.507625], [127.126011, 37.508645], [127.130899, 37.51616], [127.133047, 37.519405], [127.13315, 37.519588], [127.133241, 37.519762], [127.13336, 37.520095], [127.13351, 37.520507], [127.134134, 37.522273]], [[127.165091, 37.556661], [127.162796, 37.556319], [127.162285, 37.556227], [127.158799, 37.555703], [127.156306, 37.555355], [127.153787, 37.555003], [127.152646, 37.554855], [127.151879, 37.554753], [127.151699, 37.554747], [127.151452, 37.554784], [127.148783, 37.555512], [127.148307, 37.555588], [127.147948, 37.555612], [127.147573, 37.555633], [127.147335, 37.555616], [127.146906, 37.555563]], [[127.146906, 37.555563], [127.146348, 37.555425], [127.145939, 37.55527], [127.145731, 37.555168], [127.145532, 37.555061], [127.145369, 37.554938], [127.145159, 37.554762], [127.145019, 37.554644], [127.144761, 37.554342], [127.144494, 37.553962], [127.14437, 37.553714], [127.144307, 37.553534], [127.144218, 37.553223], [127.144127, 37.55265]], [[127.144127, 37.55265], [127.144053, 37.551925], [127.143928, 37.550811], [127.143306, 37.547121], [127.143152, 37.546378], [127.142931, 37.54566], [127.140159, 37.538355], [127.139762, 37.537276], [127.139591, 37.536814], [127.139374, 37.536223], [127.139277, 37.536031], [127.139084, 37.535731], [127.138883, 37.53548], [127.138715, 37.535323], [127.138436, 37.535112], [127.138172, 37.534948], [127.137926, 37.53484], [127.137417, 37.534726], [127.137087, 37.534693], [127.136776, 37.534674], [127.136488, 37.534693], [127.136196, 37.534736], [127.135385, 37.534958], [127.134511, 37.535227], [127.132615, 37.535815]], [[127.132615, 37.535815], [127.130967, 37.536353]], [[127.130967, 37.536353], [127.127171, 37.537503], [127.125885, 37.537852], [127.123428, 37.538615], [127.12271, 37.538863], [127.122054, 37.539138], [127.12177, 37.539282], [127.1206, 37.540062], [127.119714, 37.540615], [127.11822, 37.541718], [127.117585, 37.542019], [127.108045, 37.544576], [127.106788, 37.544505], [127.106214, 37.544571], [127.105112, 37.54484], [127.103517, 37.545333], [127.093849, 37.548677], [127.093457, 37.548817], [127.09316, 37.548924], [127.091941, 37.549383], [127.091381, 37.54972], [127.090534, 37.550452], [127.090346, 37.550713], [127.089822, 37.551702], [127.089567, 37.552248], [127.089415, 37.552553], [127.088993, 37.553028], [127.088637, 37.553427], [127.08618, 37.554589], [127.079565, 37.557169]], [[127.079565, 37.557169], [127.072306, 37.560055], [127.070562, 37.560658], [127.064595, 37.561508], [127.06089, 37.562067], [127.058884, 37.562415], [127.058496, 37.5626], [127.057414, 37.563375], [127.052707, 37.566849], [127.051924, 37.567407], [127.049779, 37.568994], [127.049486, 37.569135], [127.049224, 37.569232], [127.048945, 37.569299], [127.04865, 37.56932], [127.048376, 37.569271], [127.048089, 37.56918], [127.047335, 37.568832], [127.04675, 37.568486], [127.04289, 37.566119], [127.041667, 37.565407], [127.039702, 37.563928], [127.036235, 37.561341], [127.035756, 37.561058], [127.03232, 37.559016], [127.03064, 37.558017], [127.029945, 37.557603], [127.026293, 37.555905], [127.024097, 37.554811], [127.023476, 37.554569], [127.023162, 37.554488], [127.022819, 37.554423], [127.022224, 37.554355], [127.021765, 37.554308], [127.021366, 37.55429], [127.021038, 37.554311], [127.020267, 37.554456], [127.019369, 37.554632], [127.018487, 37.555069], [127.018085, 37.555382], [127.017717, 37.555702], [127.017302, 37.556387], [127.017192, 37.556852], [127.01683, 37.557874], [127.01636, 37.558738], [127.015615, 37.559419], [127.014944, 37.559825], [127.013711, 37.560299], [127.012065, 37.560985], [127.011695, 37.561185], [127.011241, 37.561449], [127.01084, 37.561765], [127.010551, 37.56201], [127.009893, 37.562648], [127.009438, 37.563079], [127.009184, 37.563271], [127.008683, 37.563592], [127.00771, 37.564109], [127.007534, 37.564176], [127.00729, 37.564263], [127.006417, 37.564524], [127.005526, 37.564702], [127.004613, 37.564797], [127.001106, 37.564566], [127.000485, 37.564522], [127.000404, 37.564532], [127.000256, 37.564551], [126.99995, 37.564625], [126.999559, 37.564753], [126.999066, 37.565043], [126.998834, 37.565177], [126.9983, 37.565765], [126.998204, 37.566127], [126.998133, 37.566936], [126.998029, 37.5685], [126.997884, 37.569289], [126.997863, 37.569539], [126.997792, 37.570054], [126.997713, 37.570248], [126.997615, 37.570423], [126.997508, 37.570552], [126.997368, 37.570696], [126.997142, 37.570871], [126.996949, 37.570991], [126.996722, 37.57113], [126.996116, 37.571432], [126.995848, 37.571532], [126.995537, 37.571658], [126.994912, 37.571853], [126.994134, 37.572102], [126.993242, 37.572357], [126.992954, 37.572429], [126.99268, 37.57249], [126.992184, 37.572544]], [[126.992184, 37.572544], [126.991222, 37.572579], [126.9908, 37.572577], [126.988728, 37.572572]], [[126.93251, 37.526866], [126.933059, 37.527222], [126.933559, 37.527649], [126.934018, 37.528071], [126.939386, 37.533525], [126.942891, 37.537086], [126.943522, 37.537724], [126.944253, 37.538383], [126.945958, 37.53964], [126.949441, 37.542143], [126.949766, 37.542435], [126.950785, 37.543669], [126.951789, 37.544961], [126.953265, 37.547003], [126.953406, 37.547249], [126.954433, 37.549034], [126.956671, 37.553447], [126.957952, 37.555982], [126.958301, 37.556321], [126.961844, 37.55927], [126.962116, 37.559495], [126.962494, 37.559819], [126.962696, 37.560048], [126.964006, 37.562154], [126.965381, 37.564159], [126.96661, 37.565809], [126.966961, 37.566169], [126.968088, 37.56732], [126.969036, 37.568196], [126.969189, 37.568337], [126.970077, 37.568934], [126.972854, 37.570882], [126.973151, 37.571067], [126.973417, 37.571225], [126.973645, 37.571344], [126.974111, 37.571509], [126.974541, 37.571628], [126.976914, 37.571633], [126.980912, 37.571634], [126.983021, 37.57204], [126.984098, 37.572224], [126.986401, 37.572606], [126.987564, 37.57261], [126.988728, 37.572572]], [[126.910373, 37.520317], [126.911625, 37.519126], [126.912233, 37.518657], [126.912288, 37.518623], [126.912394, 37.518555], [126.91266, 37.518357], [126.912925, 37.518235], [126.913375, 37.518016], [126.913761, 37.517911], [126.914239, 37.517816], [126.914562, 37.51774], [126.914997, 37.517679], [126.915453, 37.517623], [126.915963, 37.517567], [126.916381, 37.51756], [126.916596, 37.517571], [126.9168, 37.517584], [126.917171, 37.517646], [126.917517, 37.517732], [126.917884, 37.517862], [126.918476, 37.518133], [126.918784, 37.518287], [126.920781, 37.519505], [126.923517, 37.521268], [126.928473, 37.524329], [126.93251, 37.526866]], [[126.896417, 37.524048], [126.897367, 37.523907], [126.905131, 37.52272], [126.907239, 37.522413], [126.907599, 37.52234], [126.907798, 37.522287], [126.907982, 37.522232], [126.908171, 37.522164], [126.908349, 37.522091], [126.908524, 37.522006], [126.908693, 37.521909], [126.908837, 37.521811], [126.908978, 37.521702], [126.909117, 37.521583], [126.909447, 37.521183], [126.910373, 37.520317]], [[126.896417, 37.524048], [126.886125, 37.525654], [126.883796, 37.52601], [126.883611, 37.526033], [126.883416, 37.526038], [126.88323, 37.526031], [126.883055, 37.526009], [126.882899, 37.525977], [126.882737, 37.525928], [126.878454, 37.524482], [126.878139, 37.524395], [126.877801, 37.524348], [126.877317, 37.524337], [126.876558, 37.524389], [126.876322, 37.524405]], [[126.812772, 37.577385], [126.81233, 37.576191], [126.811908, 37.575063], [126.811586, 37.574484], [126.811415, 37.574241], [126.811241, 37.574017], [126.810988, 37.573782], [126.810609, 37.573546], [126.81031, 37.573387], [126.809974, 37.57323], [126.809618, 37.573102], [126.809232, 37.573003], [126.808166, 37.572837], [126.807583, 37.57271], [126.807377, 37.572649], [126.80696, 37.572495], [126.806539, 37.57232], [126.806087, 37.57209], [126.805822, 37.571949], [126.805425, 37.571679], [126.805195, 37.571465], [126.804988, 37.571223], [126.804764, 37.570794], [126.801399, 37.56326], [126.801268, 37.562866], [126.801311, 37.562473], [126.801354, 37.562129], [126.801406, 37.561951], [126.801519, 37.561603], [126.801705, 37.561206], [126.801941, 37.560853], [126.802262, 37.560564], [126.802774, 37.560192], [126.803363, 37.559905], [126.804144, 37.559667], [126.804513, 37.559599], [126.804878, 37.559553], [126.805564, 37.559526], [126.806234, 37.559632], [126.806568, 37.559774], [126.808978, 37.56105], [126.809234, 37.561152], [126.809655, 37.561285], [126.809967, 37.561343], [126.810211, 37.561384], [126.810548, 37.56141], [126.811999, 37.561289], [126.820018, 37.560497], [126.823966, 37.560332], [126.824745, 37.560271], [126.826903, 37.560075], [126.827455, 37.560125], [126.828068, 37.56013], [126.828546, 37.56017], [126.82905, 37.560226], [126.829668, 37.560324], [126.830488, 37.56054], [126.831927, 37.560787], [126.832365, 37.560868], [126.832703, 37.56091], [126.83295, 37.560927], [126.833263, 37.560936], [126.83359, 37.560932], [126.833988, 37.560893], [126.834294, 37.560834], [126.834692, 37.56074], [126.835072, 37.560625], [126.835399, 37.560506], [126.835608, 37.560406], [126.835882, 37.560253], [126.836301, 37.559947], [126.836613, 37.559701], [126.837015, 37.559258], [126.837278, 37.558906], [126.837447, 37.558609], [126.837513, 37.558457], [126.837587, 37.558283], [126.837703, 37.557878], [126.837739, 37.557564], [126.837732, 37.557251], [126.837689, 37.556919], [126.837646, 37.556605], [126.83642, 37.552779], [126.836387, 37.552559], [126.836384, 37.552337], [126.836343, 37.548867], [126.836358, 37.547181], [126.836363, 37.547031], [126.836378, 37.546771], [126.836438, 37.546428], [126.836498, 37.546181], [126.836583, 37.545982], [126.836655, 37.545817], [126.836741, 37.545667], [126.836994, 37.545243], [126.837081, 37.545138], [126.837192, 37.545005], [126.837408, 37.544761], [126.837842, 37.544312], [126.840264, 37.541893], [126.840402, 37.541712], [126.841539, 37.540251], [126.84552, 37.53382], [126.845737, 37.533472], [126.846545, 37.532107], [126.847896, 37.52979], [126.849784, 37.526302], [126.849848, 37.526201], [126.85017, 37.525768], [126.850358, 37.525529], [126.850549, 37.525318], [126.850728, 37.525145], [126.850917, 37.525016], [126.851116, 37.524908], [126.851332, 37.52482], [126.851545, 37.52475], [126.851764, 37.524693], [126.852032, 37.52464], [126.852289, 37.524602], [126.852578, 37.524578], [126.852859, 37.524593], [126.853402, 37.524673], [126.855938, 37.525065], [126.864276, 37.526161], [126.864384, 37.52616], [126.864513, 37.526141], [126.875158, 37.524576], [126.876322, 37.524405]], [[126.876316, 37.52436], [126.875148, 37.524532], [126.864508, 37.526104], [126.864384, 37.526122], [126.864277, 37.526123], [126.855955, 37.525024], [126.853407, 37.52463], [126.852873, 37.524546], [126.852578, 37.524535], [126.852307, 37.524554], [126.852045, 37.524595], [126.851763, 37.524652], [126.851535, 37.524707], [126.851323, 37.524771], [126.851108, 37.524854], [126.850899, 37.524973], [126.850701, 37.525103], [126.850518, 37.52528], [126.85032, 37.525497], [126.850132, 37.525731], [126.849802, 37.526175], [126.849746, 37.526275], [126.848462, 37.528642], [126.847848, 37.529773], [126.846498, 37.532094], [126.845446, 37.533807], [126.841509, 37.540224], [126.840364, 37.541695], [126.840231, 37.541869], [126.837805, 37.544281], [126.837365, 37.544716], [126.837137, 37.544971], [126.837029, 37.545092], [126.836936, 37.545213], [126.836678, 37.545641], [126.836525, 37.545949], [126.836439, 37.546155], [126.83637, 37.546413], [126.836308, 37.546763], [126.836289, 37.547025], [126.836286, 37.54718], [126.836294, 37.548867], [126.83634, 37.552331], [126.836341, 37.552565], [126.83637, 37.552784], [126.837589, 37.556616], [126.83763, 37.556928], [126.837671, 37.557258], [126.837678, 37.55757], [126.837646, 37.55787], [126.837526, 37.558274], [126.837458, 37.558433], [126.837392, 37.558591], [126.837217, 37.558888], [126.83696, 37.559229], [126.836565, 37.559664], [126.836246, 37.559911], [126.835836, 37.560213], [126.835565, 37.56036], [126.835361, 37.56046], [126.83505, 37.560577], [126.834666, 37.560698], [126.83428, 37.560785], [126.833974, 37.560845], [126.833583, 37.560889], [126.833253, 37.560891], [126.832947, 37.560881], [126.832714, 37.560862], [126.832384, 37.560821], [126.831947, 37.560745], [126.830512, 37.560492], [126.829675, 37.560281], [126.829077, 37.560181], [126.828548, 37.560124], [126.828084, 37.560085], [126.827449, 37.560075], [126.826891, 37.560032], [126.82474, 37.560226], [126.82397, 37.56029], [126.820014, 37.560447], [126.811996, 37.561251], [126.810553, 37.561369], [126.810217, 37.561346], [126.809985, 37.561307], [126.809665, 37.561239], [126.809294, 37.561104], [126.809035, 37.560991], [126.806586, 37.559743], [126.806251, 37.559601], [126.80557, 37.55949], [126.80487, 37.559522], [126.804502, 37.559573], [126.804132, 37.559637], [126.80336, 37.559873], [126.802751, 37.56016], [126.802228, 37.560536], [126.801898, 37.56083], [126.801657, 37.56118], [126.801474, 37.561582], [126.801353, 37.561937], [126.801302, 37.562116], [126.801236, 37.562437], [126.801214, 37.562871], [126.801328, 37.563264], [126.804709, 37.570803], [126.804934, 37.571233], [126.805137, 37.571513], [126.805375, 37.571742], [126.805706, 37.571957], [126.80601, 37.572107], [126.806572, 37.572395], [126.807514, 37.572761], [126.808161, 37.572873], [126.809226, 37.573048], [126.809599, 37.573139], [126.809961, 37.573273], [126.810272, 37.573418], [126.81058, 37.573582], [126.810948, 37.57382], [126.811202, 37.574047], [126.811374, 37.57427], [126.81154, 37.574498], [126.811858, 37.575121], [126.812273, 37.576207], [126.812691, 37.577399]], [[126.896408, 37.524012], [126.886115, 37.525618], [126.8838, 37.525974], [126.883607, 37.526001], [126.88341, 37.526001], [126.883233, 37.525999], [126.883061, 37.525975], [126.882911, 37.525941], [126.882745, 37.525888], [126.881782, 37.525563], [126.87848, 37.524448], [126.87815, 37.524356], [126.877796, 37.524303], [126.877324, 37.524297], [126.876316, 37.52436]], [[126.910316, 37.520276], [126.909396, 37.521159], [126.909074, 37.521561], [126.908942, 37.521676], [126.9088, 37.521787], [126.908658, 37.52188], [126.908502, 37.521972], [126.908339, 37.522059], [126.908151, 37.522131], [126.907966, 37.522204], [126.907786, 37.522255], [126.90759, 37.522308], [126.907225, 37.52238], [126.905124, 37.522679], [126.897351, 37.523864], [126.896408, 37.524012]], [[126.932549, 37.526837], [126.928506, 37.524316], [126.924809, 37.521944], [126.92081, 37.519475], [126.919023, 37.518357], [126.918571, 37.518103], [126.918003, 37.517839], [126.917605, 37.517677], [126.917243, 37.517592], [126.916952, 37.51753], [126.916607, 37.517496], [126.916308, 37.51749], [126.915917, 37.517508], [126.915443, 37.517552], [126.915013, 37.517609], [126.914512, 37.517675], [126.914193, 37.517729], [126.913744, 37.51782], [126.913306, 37.517957], [126.912917, 37.518143], [126.912595, 37.51831], [126.912189, 37.518593], [126.911588, 37.519101], [126.910316, 37.520276]], [[126.988727, 37.572514], [126.988576, 37.572517], [126.986404, 37.572557], [126.984108, 37.572181], [126.983034, 37.571995], [126.980925, 37.571585], [126.976913, 37.571592], [126.976655, 37.571593], [126.974545, 37.571596], [126.974117, 37.571471], [126.973661, 37.571305], [126.973441, 37.571194], [126.973173, 37.571024], [126.972894, 37.57085], [126.970105, 37.568902], [126.969225, 37.568301], [126.968131, 37.567278], [126.96667, 37.565778], [126.966238, 37.565205], [126.965437, 37.564144], [126.964085, 37.562123], [126.963608, 37.561348], [126.963254, 37.560785], [126.962939, 37.560267], [126.962677, 37.559862], [126.962173, 37.559448], [126.96188, 37.559209], [126.958331, 37.55629], [126.957997, 37.55596], [126.956732, 37.55343], [126.954485, 37.549017], [126.953322, 37.546991], [126.950836, 37.543637], [126.949824, 37.542411], [126.949481, 37.542111], [126.945997, 37.539606], [126.944307, 37.538361], [126.943578, 37.537695], [126.94295, 37.537048], [126.934064, 37.528047], [126.933602, 37.527624], [126.933104, 37.527196], [126.932549, 37.526837]], [[126.992118, 37.572463], [126.992023, 37.572468], [126.990807, 37.572527], [126.988727, 37.572514]], [[127.079535, 37.557122], [127.072281, 37.560007], [127.070553, 37.560606], [127.064842, 37.561421], [127.064591, 37.561457], [127.060868, 37.562022], [127.05884, 37.56238], [127.05847, 37.562554], [127.057368, 37.563345], [127.052648, 37.566798], [127.051858, 37.567376], [127.049737, 37.568956], [127.049461, 37.569094], [127.049199, 37.569196], [127.048938, 37.569263], [127.048656, 37.569284], [127.048388, 37.569237], [127.048111, 37.569148], [127.047358, 37.568796], [127.046789, 37.568447], [127.042923, 37.566084], [127.0417, 37.565373], [127.03974, 37.563898], [127.036269, 37.5613], [127.035791, 37.561015], [127.029979, 37.55756], [127.026371, 37.555797], [127.025016, 37.555139], [127.024075, 37.554724], [127.023489, 37.554498], [127.023167, 37.554407], [127.022705, 37.554328], [127.021878, 37.554243], [127.021383, 37.554223], [127.021045, 37.554245], [127.020256, 37.554404], [127.019339, 37.554589], [127.018443, 37.555027], [127.01804, 37.555337], [127.017671, 37.555673], [127.017242, 37.556375], [127.017129, 37.556843], [127.01677, 37.557859], [127.016298, 37.55871], [127.015573, 37.559382], [127.014914, 37.559788], [127.013694, 37.560242], [127.012169, 37.560845], [127.011724, 37.561067], [127.011213, 37.561353], [127.010748, 37.561713], [127.010443, 37.561975], [127.00982, 37.562577], [127.009431, 37.562926], [127.009095, 37.563212], [127.00863, 37.563534], [127.007909, 37.563928], [127.007422, 37.564158], [127.007257, 37.564204], [127.006389, 37.564482], [127.005534, 37.564655], [127.004622, 37.564744], [127.001116, 37.56451], [127.000486, 37.564461], [127.000253, 37.56448], [126.999952, 37.564565], [126.999528, 37.564697], [126.999035, 37.564978], [126.998783, 37.565135], [126.998241, 37.565735], [126.998136, 37.566113], [126.998071, 37.566931], [126.997919, 37.568486], [126.997867, 37.568918], [126.997795, 37.56935], [126.99775, 37.56983], [126.997733, 37.570007], [126.99766, 37.570206], [126.997539, 37.570387], [126.997399, 37.570558], [126.997163, 37.570772], [126.99691, 37.570943], [126.99664, 37.571106], [126.996077, 37.571361], [126.995519, 37.57158], [126.99488, 37.571786], [126.994048, 37.572061], [126.993269, 37.572276], [126.993176, 37.572302], [126.992649, 37.572404], [126.992118, 37.572463]], [[127.132596, 37.535768], [127.127159, 37.537457], [127.125862, 37.537808], [127.123411, 37.538572], [127.12269, 37.538826], [127.122049, 37.539086], [127.121734, 37.539253], [127.120531, 37.54003], [127.119643, 37.54059], [127.118179, 37.541672], [127.117562, 37.541974], [127.108035, 37.544522], [127.106806, 37.544454], [127.106211, 37.544514], [127.105079, 37.544798], [127.103505, 37.545267], [127.093827, 37.548631], [127.093143, 37.548877], [127.091909, 37.549332], [127.09134, 37.549674], [127.090487, 37.550406], [127.090284, 37.550698], [127.089766, 37.551676], [127.089502, 37.552241], [127.08935, 37.552537], [127.088589, 37.553394], [127.086148, 37.554547], [127.079535, 37.557122]], [[127.144188, 37.552646], [127.144107, 37.551922], [127.143988, 37.550812], [127.143374, 37.547131], [127.143209, 37.546366], [127.142983, 37.545648], [127.140227, 37.538337], [127.139685, 37.536797], [127.139437, 37.536195], [127.139342, 37.536012], [127.139127, 37.535701], [127.138943, 37.535451], [127.138745, 37.535274], [127.138511, 37.535099], [127.138216, 37.534913], [127.137948, 37.534791], [127.137467, 37.534681], [127.137152, 37.534622], [127.136785, 37.534619], [127.136487, 37.53462], [127.136139, 37.534682], [127.135363, 37.534886]], [[127.146917, 37.555477], [127.146682, 37.555431], [127.146366, 37.555349], [127.145995, 37.555227], [127.145773, 37.555121], [127.145637, 37.555042], [127.145366, 37.554854], [127.145146, 37.554674], [127.144819, 37.554336], [127.144558, 37.553949], [127.144364, 37.553553], [127.144273, 37.55321], [127.144188, 37.552646]], [[127.16264, 37.556176], [127.158801, 37.555657], [127.153795, 37.554957], [127.152661, 37.554806], [127.152096, 37.554694], [127.151869, 37.554672], [127.15164, 37.55468], [127.151429, 37.554717], [127.150064, 37.555062], [127.148774, 37.555411], [127.148303, 37.555505], [127.147868, 37.555543], [127.147559, 37.555538], [127.147238, 37.555516], [127.146917, 37.555477]], [[127.16264, 37.556176], [127.16384, 37.556402]], [[127.16384, 37.556402], [127.16448, 37.556483], [127.165856, 37.556658], [127.16651, 37.556758]], [[127.204301, 37.55277], [127.203709, 37.552017], [127.203305, 37.551558], [127.201717, 37.5498], [127.201303, 37.549067], [127.201141, 37.548161], [127.201227, 37.547157], [127.20133, 37.546561], [127.201632, 37.545678], [127.202212, 37.544655], [127.20281, 37.543978], [127.203517, 37.54342], [127.203973, 37.543208], [127.204057, 37.543166], [127.205178, 37.542609], [127.205879, 37.542255], [127.206895, 37.541759], [127.207028, 37.541695], [127.208549, 37.54096], [127.209123, 37.540691], [127.210415, 37.540049], [127.211095, 37.539711], [127.211698, 37.539411], [127.212046, 37.539252], [127.212406, 37.539172], [127.212642, 37.539167], [127.213235, 37.539169], [127.213979, 37.539349], [127.214603, 37.539646], [127.215217, 37.539935], [127.216392, 37.54045], [127.21685, 37.540624], [127.217046, 37.540689], [127.217286, 37.540759], [127.217489, 37.540777], [127.217857, 37.540784], [127.218082, 37.540768], [127.218394, 37.540714], [127.218923, 37.540598], [127.220411, 37.540323], [127.220941, 37.540223], [127.222625, 37.539904], [127.223705, 37.539712]], [[127.181823, 37.558877], [127.182539, 37.559055], [127.184233, 37.559429], [127.186432, 37.559929], [127.187135, 37.560065], [127.187677, 37.560251], [127.188169, 37.560624], [127.1885, 37.561083], [127.188796, 37.561492], [127.189262, 37.561886], [127.189791, 37.562193], [127.190277, 37.562413], [127.190577, 37.562533], [127.192775, 37.563058], [127.194476, 37.563485], [127.195441, 37.563732], [127.196292, 37.563791], [127.197179, 37.563776], [127.197894, 37.563669], [127.198415, 37.56352], [127.198706, 37.563322], [127.19898, 37.56305], [127.199664, 37.562242], [127.200724, 37.561151], [127.202677, 37.559383], [127.203998, 37.558218], [127.20512, 37.55721], [127.205597, 37.556745], [127.205804, 37.556511], [127.205998, 37.555977], [127.206069, 37.555595], [127.206067, 37.555221], [127.205871, 37.554779], [127.204846, 37.553469], [127.20463, 37.553192], [127.20446, 37.552975], [127.204326, 37.552805], [127.204301, 37.55277]], [[127.181823, 37.558877], [127.18169, 37.558847], [127.18007, 37.558479], [127.179175, 37.558278], [127.17846, 37.558117], [127.176375, 37.557648], [127.176095, 37.557585], [127.175752, 37.557508], [127.174935, 37.55732], [127.174275, 37.5572], [127.173084, 37.557133], [127.171278, 37.557095], [127.170408, 37.557125]], [[127.169178, 37.55705], [127.169787, 37.557104], [127.170408, 37.557125]], [[127.168477, 37.557053], [127.169178, 37.55705]], [[127.168477, 37.557053], [127.1667, 37.556892], [127.165091, 37.556661]], [[127.168043, 37.55686], [127.166288, 37.556653], [127.1649, 37.556452], [127.16264, 37.556176]], [[127.170175, 37.557039], [127.169248, 37.556979], [127.168043, 37.55686]], [[127.176539, 37.557577], [127.176141, 37.55749], [127.17522, 37.55729], [127.174686, 37.557179], [127.174302, 37.557109], [127.173176, 37.557044], [127.17229, 37.557022], [127.171201, 37.557013], [127.170175, 37.557039]], [[127.181833, 37.558842], [127.180905, 37.558626], [127.180097, 37.558413], [127.179757, 37.558341], [127.176539, 37.557577]], [[127.181833, 37.558842], [127.18648, 37.559905], [127.187154, 37.560029], [127.187704, 37.560216], [127.188209, 37.560609], [127.188841, 37.561473], [127.189282, 37.561865], [127.189798, 37.562156], [127.190246, 37.562366], [127.190576, 37.562492]], [[127.190576, 37.562492], [127.192823, 37.562947], [127.194512, 37.563446], [127.195491, 37.563698], [127.196338, 37.56374], [127.197207, 37.563734], [127.197865, 37.563642], [127.198391, 37.563501], [127.198643, 37.563313], [127.198903, 37.562994], [127.199589, 37.562219], [127.200625, 37.561085], [127.202561, 37.559359], [127.20394, 37.558171], [127.205069, 37.557158], [127.20554, 37.556741], [127.205723, 37.556486], [127.205939, 37.55596], [127.206016, 37.555578], [127.206, 37.555225], [127.205833, 37.554792], [127.205695, 37.554634], [127.20476, 37.553414], [127.204462, 37.553026], [127.204414, 37.552964], [127.204301, 37.552817], [127.204272, 37.55278]], [[127.204272, 37.55278], [127.203884, 37.552296], [127.203806, 37.552204], [127.203536, 37.551894], [127.203341, 37.551669], [127.203019, 37.551297], [127.201658, 37.54982], [127.201469, 37.549481], [127.20133, 37.549238], [127.201241, 37.54908], [127.201064, 37.548168], [127.201136, 37.547136], [127.201247, 37.546548], [127.20155, 37.545663], [127.202145, 37.544633], [127.202734, 37.543945], [127.203451, 37.543351], [127.203895, 37.543115], [127.205527, 37.542308], [127.206869, 37.541667], [127.206984, 37.541611], [127.208502, 37.540867], [127.209043, 37.54061], [127.210354, 37.539976], [127.210999, 37.539655], [127.211626, 37.539348], [127.212016, 37.53919], [127.212408, 37.5391], [127.213241, 37.539105], [127.213999, 37.539279], [127.214652, 37.539577], [127.216412, 37.540373], [127.216857, 37.540543], [127.217307, 37.540669], [127.217465, 37.54068], [127.217852, 37.540687], [127.218083, 37.540666], [127.218334, 37.540621], [127.218979, 37.540497], [127.220391, 37.540244], [127.221525, 37.540041], [127.223675, 37.539641]]]}, "properties": {"ref": "5", "name": "서울 지하철 5호선: 마천 → 강동", "operator": "서울교통공사", "color": "#794698"}}, {"type": "Feature", "geometry": {"type": "MultiLineString", "coordinates": [[[126.884699, 37.416985], [126.884976, 37.417497], [126.88507, 37.417672], [126.885141, 37.417802]], [[126.885141, 37.417802], [126.885262, 37.418026], [126.885443, 37.418357]], [[126.885986, 37.419036], [126.885612, 37.418624], [126.885443, 37.418357]], [[126.885986, 37.419036], [126.886741, 37.420449], [126.887554, 37.421847], [126.888103, 37.422531]], [[126.888103, 37.422531], [126.889376, 37.42489], [126.89706, 37.438941], [126.897183, 37.43917], [126.897581, 37.439913]], [[126.897581, 37.439913], [126.897931, 37.440646], [126.898195, 37.441354], [126.898377, 37.442053], [126.898515, 37.442896], [126.898555, 37.443783], [126.898461, 37.444705], [126.89829, 37.4456], [126.898011, 37.446431], [126.897161, 37.448378]], [[126.897161, 37.448378], [126.89654, 37.44984], [126.896139, 37.450736]], [[126.896139, 37.450736], [126.895834, 37.451388], [126.895589, 37.451951]], [[126.895589, 37.451951], [126.895245, 37.452734], [126.895154, 37.452941]], [[126.894626, 37.453853], [126.895154, 37.452941]], [[126.894626, 37.453853], [126.894544, 37.454023], [126.894278, 37.454622], [126.893483, 37.456396]], [[126.893483, 37.456396], [126.891872, 37.460293], [126.891619, 37.460924], [126.891533, 37.461123], [126.891205, 37.461921], [126.890986, 37.462449], [126.890699, 37.463117], [126.889843, 37.465045], [126.889036, 37.46688], [126.887001, 37.471446], [126.883637, 37.47906], [126.88296, 37.480583], [126.882164, 37.48238]], [[126.882164, 37.48238], [126.881923, 37.482905], [126.881476, 37.483939], [126.880558, 37.486001], [126.880288, 37.486687], [126.880122, 37.487164], [126.880044, 37.487621], [126.879946, 37.488359], [126.879878, 37.489314], [126.87979, 37.490658], [126.879755, 37.491102], [126.879714, 37.491623], [126.879685, 37.492067], [126.879646, 37.49265], [126.879564, 37.493812]], [[126.879564, 37.493812], [126.879573, 37.49429], [126.879534, 37.49502], [126.879492, 37.49547], [126.879411, 37.495883], [126.879285, 37.496404], [126.87914, 37.496911], [126.878858, 37.498035]], [[126.878858, 37.498035], [126.878731, 37.498549], [126.878679, 37.498866], [126.878675, 37.499088], [126.878693, 37.499348], [126.878751, 37.499623], [126.878819, 37.499852], [126.878955, 37.500139], [126.879134, 37.500411], [126.879308, 37.500623], [126.879625, 37.500944], [126.88005, 37.501312]], [[126.88005, 37.501312], [126.88134, 37.502419], [126.881826, 37.50286], [126.882368, 37.503346]], [[126.882368, 37.503346], [126.882942, 37.503869], [126.883227, 37.504097], [126.883352, 37.504204], [126.883588, 37.504384], [126.883887, 37.504585], [126.884229, 37.504785], [126.884617, 37.504992], [126.885107, 37.505245]], [[126.885107, 37.505245], [126.885339, 37.505363], [126.885655, 37.505524]], [[126.885655, 37.505524], [126.885994, 37.505739], [126.886542, 37.506094], [126.88721, 37.506495]], [[126.88721, 37.506495], [126.887557, 37.506714], [126.88813, 37.507076], [126.88918, 37.507734], [126.889999, 37.50823], [126.890317, 37.508412], [126.890715, 37.508615], [126.89134, 37.508899], [126.892039, 37.509195]], [[126.892039, 37.509195], [126.892566, 37.509418]], [[126.892566, 37.509418], [126.893617, 37.509868], [126.893887, 37.509983], [126.896352, 37.511024], [126.897436, 37.511482], [126.898801, 37.51203]], [[126.898801, 37.51203], [126.899674, 37.512375], [126.899818, 37.512437]], [[126.899818, 37.512437], [126.900425, 37.51265]], [[126.900756, 37.512792], [126.900425, 37.51265]], [[126.900756, 37.512792], [126.901356, 37.512987], [126.901927, 37.513171]], [[126.901927, 37.513171], [126.902437, 37.513381], [126.902868, 37.513569]], [[126.902868, 37.513569], [126.903595, 37.51389], [126.905641, 37.514767], [126.906756, 37.515229]], [[126.906756, 37.515229], [126.907286, 37.515448]], [[127.060746, 37.947105], [127.060793, 37.947099], [127.060858, 37.947543], [127.060866, 37.947604], [127.060944, 37.948175], [127.061032, 37.948931], [127.060969, 37.948931], [127.0609, 37.948289], [127.060785, 37.947448], [127.060746, 37.947105]], [[127.060722, 37.947162], [127.060697, 37.947011], [127.060605, 37.946584], [127.060532, 37.94639], [127.060457, 37.946187]], [[127.060457, 37.946187], [127.060177, 37.94556], [127.059988, 37.945225], [127.05947, 37.944605], [127.058907, 37.944047]], [[127.058042, 37.943131], [127.058907, 37.944047]], [[127.056714, 37.941682], [127.05714, 37.942148], [127.05772, 37.94278], [127.058042, 37.943131]], [[127.056455, 37.94136], [127.056714, 37.941682]], [[127.055073, 37.939007], [127.055191, 37.939245], [127.055199, 37.939262], [127.055533, 37.939965], [127.055987, 37.940717], [127.056257, 37.941087], [127.056455, 37.94136]], [[127.054799, 37.938382], [127.055073, 37.939007]], [[127.053735, 37.935803], [127.053832, 37.936146], [127.053933, 37.93641], [127.054135, 37.936932], [127.054443, 37.937598], [127.054668, 37.938102], [127.054799, 37.938382]], [[127.053735, 37.935803], [127.053704, 37.935649], [127.053682, 37.93554], [127.053676, 37.935512], [127.053662, 37.935409], [127.053635, 37.935207], [127.053605, 37.934651], [127.05363, 37.934182], [127.053677, 37.933842], [127.053781, 37.933235], [127.053872, 37.93278]], [[127.05404, 37.931859], [127.053962, 37.932262], [127.053872, 37.93278]], [[127.05407, 37.931702], [127.05404, 37.931859]], [[127.05407, 37.931702], [127.054152, 37.931431], [127.054207, 37.931258]], [[127.054207, 37.931258], [127.054242, 37.931047], [127.054365, 37.93041]], [[127.054365, 37.93041], [127.054397, 37.930248], [127.054553, 37.929412], [127.054688, 37.92844], [127.05502, 37.926692], [127.055285, 37.925272], [127.055472, 37.924311]], [[127.055472, 37.924311], [127.055491, 37.9242], [127.055521, 37.92403]], [[127.055521, 37.92403], [127.055573, 37.923763], [127.055602, 37.923618], [127.055681, 37.923217], [127.055802, 37.922593]], [[127.055802, 37.922593], [127.056016, 37.921479], [127.056569, 37.918231], [127.05709, 37.915314], [127.057244, 37.914476], [127.057321, 37.913671], [127.057334, 37.913301], [127.057335, 37.91251], [127.057265, 37.911476], [127.056771, 37.904567], [127.056722, 37.904064]], [[127.056722, 37.904064], [127.056642, 37.903102], [127.056491, 37.900856], [127.056347, 37.899201]], [[127.056347, 37.899201], [127.056327, 37.898791], [127.056168, 37.896422], [127.056041, 37.895048], [127.056005, 37.894579]], [[127.056005, 37.894579], [127.055776, 37.891526], [127.055633, 37.889711]], [[127.055633, 37.889711], [127.055408, 37.886585], [127.055089, 37.882432], [127.055081, 37.882203], [127.055095, 37.881474], [127.05511, 37.8811], [127.055194, 37.880605], [127.055306, 37.880169], [127.055444, 37.879747], [127.055822, 37.878928], [127.056117, 37.878426], [127.056397, 37.87804], [127.057585, 37.876434], [127.058146, 37.875662], [127.058337, 37.875336]], [[127.058337, 37.875336], [127.058444, 37.875159], [127.05902, 37.874197], [127.059233, 37.873637], [127.06042, 37.870462]], [[127.06042, 37.870462], [127.060855, 37.869296], [127.061148, 37.868327], [127.061275, 37.867766], [127.061298, 37.867353], [127.061281, 37.866332], [127.061134, 37.863525], [127.061007, 37.861603], [127.060806, 37.85704], [127.060679, 37.853326], [127.06066, 37.852271]], [[127.06066, 37.852271], [127.060716, 37.850609], [127.060969, 37.848569], [127.061163, 37.846875], [127.061185, 37.846678], [127.06122, 37.846368], [127.061285, 37.845778]], [[127.061285, 37.845778], [127.061462, 37.844369], [127.061681, 37.84242], [127.062025, 37.839258]], [[127.062025, 37.839258], [127.062054, 37.839009], [127.062113, 37.83851], [127.062248, 37.837369]], [[127.062248, 37.837369], [127.062304, 37.836891], [127.062546, 37.834837], [127.062954, 37.831269], [127.062934, 37.830577], [127.062931, 37.830469], [127.062827, 37.829705], [127.062629, 37.828994], [127.062381, 37.828385], [127.062034, 37.827759], [127.061505, 37.827014], [127.060105, 37.825456], [127.059222, 37.824331], [127.058536, 37.8232], [127.057259, 37.820105], [127.05723, 37.820034], [127.05716, 37.819864], [127.057092, 37.819694]], [[127.057092, 37.819694], [127.056402, 37.817964], [127.056354, 37.817852]], [[127.056354, 37.817852], [127.056279, 37.817677], [127.055877, 37.816806], [127.055497, 37.816064], [127.055127, 37.815532], [127.054564, 37.81481], [127.052008, 37.812202], [127.051727, 37.811925], [127.051087, 37.81119], [127.050753, 37.810603], [127.050468, 37.809927], [127.050323, 37.809404], [127.050266, 37.809123], [127.050241, 37.808806], [127.050235, 37.808504], [127.050243, 37.808332], [127.050262, 37.80813], [127.050288, 37.807894], [127.050329, 37.807621], [127.050381, 37.80733], [127.050619, 37.806116], [127.050661, 37.805851], [127.050712, 37.805517], [127.050747, 37.805226], [127.050765, 37.804918], [127.050763, 37.804619], [127.050755, 37.804317], [127.050729, 37.803988], [127.050686, 37.803707], [127.05064, 37.80341], [127.050598, 37.803196], [127.050549, 37.802993], [127.050497, 37.802815], [127.050408, 37.802533], [127.050243, 37.802012]], [[127.050243, 37.802012], [127.049516, 37.799791], [127.049414, 37.799465], [127.049312, 37.799115], [127.049245, 37.798773], [127.049204, 37.798439], [127.049183, 37.798173], [127.049178, 37.797904], [127.049191, 37.797616], [127.049212, 37.797402], [127.049258, 37.797055], [127.049333, 37.796688], [127.049412, 37.796349], [127.049513, 37.795982], [127.049706, 37.795359], [127.049853, 37.79488], [127.050052, 37.794185], [127.05021, 37.79354], [127.050333, 37.793076], [127.050451, 37.792668], [127.050918, 37.791063], [127.051021, 37.790682], [127.051083, 37.790407], [127.051126, 37.790154], [127.051159, 37.789901], [127.051187, 37.789601], [127.05119, 37.789255], [127.051172, 37.788958], [127.051131, 37.788589], [127.050986, 37.787592], [127.050897, 37.787011], [127.050802, 37.786442]], [[127.050802, 37.786442], [127.050772, 37.786273], [127.050744, 37.786133], [127.050695, 37.785916], [127.050642, 37.785729], [127.050595, 37.78558], [127.050534, 37.785417], [127.050432, 37.785171], [127.050265, 37.784839], [127.050133, 37.784619], [127.050007, 37.784428], [127.04982, 37.784174], [127.049594, 37.783906], [127.049438, 37.783737], [127.049245, 37.783546], [127.048373, 37.782736], [127.047592, 37.782018], [127.047176, 37.781639], [127.046794, 37.781275], [127.046546, 37.781037], [127.046318, 37.78079], [127.046117, 37.780551], [127.045896, 37.780258], [127.045713, 37.779979], [127.045619, 37.779833]], [[127.045619, 37.779833], [127.045542, 37.779686], [127.045447, 37.779467], [127.045328, 37.779159], [127.04523, 37.778842], [127.045167, 37.778568], [127.045132, 37.778349], [127.045098, 37.778098], [127.045061, 37.777801], [127.045036, 37.777523], [127.045016, 37.777297], [127.044978, 37.776865], [127.044968, 37.776756], [127.044956, 37.776615]], [[127.044956, 37.776615], [127.044931, 37.776084], [127.044919, 37.775833], [127.044862, 37.775131]], [[127.044862, 37.775131], [127.044779, 37.774203], [127.044704, 37.773315], [127.044697, 37.773254]], [[127.044697, 37.773254], [127.04469, 37.77316], [127.044645, 37.772559], [127.044545, 37.770999]], [[127.044545, 37.770999], [127.044534, 37.770846]], [[127.044534, 37.770846], [127.04444, 37.769746], [127.044412, 37.769254]], [[127.044412, 37.769254], [127.044405, 37.769167], [127.044349, 37.768468], [127.044332, 37.768253], [127.044293, 37.767795], [127.044248, 37.767442], [127.044216, 37.76721], [127.044181, 37.766996], [127.04415, 37.766824], [127.044115, 37.766667], [127.044068, 37.76649], [127.043999, 37.766245], [127.04334, 37.764131], [127.042798, 37.762387], [127.042681, 37.761966], [127.042604, 37.761654], [127.042541, 37.761352], [127.042472, 37.760997], [127.042433, 37.760752], [127.042419, 37.760594], [127.042399, 37.760383], [127.042396, 37.760357]], [[127.042396, 37.760357], [127.042323, 37.758501], [127.042321, 37.758449], [127.042321, 37.758437]], [[127.042321, 37.758437], [127.042274, 37.757631], [127.042238, 37.75468], [127.042276, 37.75422], [127.042336, 37.753768], [127.042493, 37.753097], [127.042688, 37.752544], [127.04298, 37.751829], [127.043223, 37.751299], [127.043382, 37.750927], [127.043457, 37.750753], [127.043625, 37.750361], [127.043769, 37.750023], [127.04386, 37.749811], [127.043865, 37.7498], [127.043949, 37.749603], [127.044067, 37.749325]], [[127.044067, 37.749325], [127.044262, 37.74887], [127.04459, 37.747983], [127.044704, 37.747656], [127.044761, 37.747482]], [[127.044761, 37.747482], [127.044864, 37.747143], [127.044978, 37.746774], [127.045067, 37.746368], [127.045157, 37.74588], [127.045226, 37.745452], [127.045445, 37.743775]], [[127.045445, 37.743775], [127.045526, 37.743145], [127.045813, 37.740915]], [[127.045813, 37.740915], [127.045828, 37.74082], [127.045846, 37.740704]], [[127.045846, 37.740704], [127.0459, 37.740269], [127.045941, 37.739954], [127.045952, 37.739874], [127.04601, 37.73943], [127.046093, 37.738982]], [[127.046093, 37.738982], [127.046156, 37.738541], [127.046427, 37.736637], [127.046458, 37.736421]], [[127.046458, 37.736421], [127.046463, 37.736366], [127.046561, 37.735396], [127.046599, 37.734887], [127.046648, 37.734059], [127.046673, 37.733799]], [[127.046673, 37.733799], [127.046683, 37.733422]], [[127.046683, 37.733422], [127.046696, 37.733286]], [[127.046696, 37.733286], [127.046706, 37.733213]], [[127.046706, 37.733213], [127.046746, 37.7329]], [[127.046746, 37.7329], [127.046793, 37.732546], [127.046849, 37.73212], [127.047047, 37.7305]], [[127.047047, 37.7305], [127.047167, 37.729552]], [[127.047167, 37.729552], [127.047182, 37.729393], [127.047194, 37.729258], [127.047212, 37.729062], [127.047215, 37.729039]], [[127.047215, 37.729039], [127.047225, 37.728947], [127.047231, 37.728896], [127.047246, 37.728758], [127.047275, 37.728487], [127.047314, 37.728123], [127.04744, 37.727046], [127.047476, 37.726723], [127.047491, 37.726418], [127.047505, 37.725897]], [[127.047505, 37.725897], [127.047498, 37.725617], [127.047492, 37.725371], [127.047472, 37.724973], [127.04745, 37.724817]], [[127.04745, 37.724817], [127.047443, 37.724722], [127.047412, 37.724466]], [[127.047412, 37.724466], [127.047387, 37.724246]], [[127.047387, 37.724246], [127.047357, 37.723995], [127.04724, 37.723076], [127.047022, 37.721617], [127.046907, 37.720817]], [[127.046907, 37.720817], [127.046903, 37.720791], [127.0469, 37.720765]], [[127.0469, 37.720765], [127.04646, 37.717717], [127.046436, 37.717401], [127.046422, 37.716957], [127.04643, 37.716135], [127.046437, 37.71584], [127.046461, 37.715595], [127.046507, 37.715284], [127.046566, 37.714925]], [[127.046566, 37.714925], [127.046581, 37.714834], [127.046643, 37.714481]], [[127.046643, 37.714481], [127.046819, 37.713416]], [[127.046819, 37.713416], [127.047169, 37.711552]], [[127.047169, 37.711552], [127.047594, 37.709404], [127.047646, 37.709123], [127.047669, 37.708998]], [[127.047669, 37.708998], [127.04771, 37.708753], [127.047736, 37.708506], [127.047757, 37.708208], [127.04778, 37.707798], [127.047775, 37.707406], [127.047751, 37.707053], [127.04769, 37.706597]], [[127.04769, 37.706597], [127.046838, 37.702615]], [[127.046838, 37.702615], [127.046255, 37.699728]], [[127.046255, 37.699728], [127.046062, 37.698819], [127.045786, 37.697462], [127.045702, 37.696982], [127.045662, 37.696673]], [[127.045662, 37.696673], [127.04564, 37.696433]], [[127.04564, 37.696433], [127.045634, 37.696341], [127.045625, 37.696191], [127.045612, 37.695821], [127.045631, 37.695421], [127.045717, 37.694481], [127.045774, 37.693507], [127.04579, 37.693364]], [[127.04579, 37.693364], [127.045873, 37.692377], [127.046001, 37.690985], [127.046118, 37.689658], [127.046161, 37.68908]], [[127.046161, 37.68908], [127.046186, 37.688786], [127.046202, 37.688572]], [[127.046202, 37.688572], [127.046221, 37.688324], [127.046236, 37.687298]], [[127.046236, 37.687298], [127.04629, 37.686517], [127.046356, 37.685943], [127.046387, 37.685677]], [[127.046387, 37.685677], [127.046394, 37.685498], [127.046404, 37.684935], [127.046384, 37.684318], [127.046358, 37.683971], [127.046321, 37.683614], [127.046273, 37.683295], [127.045781, 37.680446]], [[127.045781, 37.680446], [127.045547, 37.679101], [127.045385, 37.678177], [127.045351, 37.677991]], [[127.045351, 37.677991], [127.045339, 37.677919], [127.045314, 37.677768], [127.044578, 37.673459], [127.044275, 37.671581], [127.044219, 37.67114]], [[127.044219, 37.67114], [127.044173, 37.67045], [127.044163, 37.67007], [127.044171, 37.669736], [127.044173, 37.669702]], [[127.044173, 37.669702], [127.044179, 37.669458]], [[127.044179, 37.669458], [127.044182, 37.66938], [127.044202, 37.669143], [127.044228, 37.668891]], [[127.044228, 37.668891], [127.044253, 37.668639], [127.044407, 37.66676], [127.044427, 37.666534], [127.044466, 37.666094]], [[127.044466, 37.666094], [127.04447, 37.666028]], [[127.04447, 37.666028], [127.044484, 37.665867], [127.044503, 37.665611], [127.04462, 37.664067], [127.044775, 37.662244]], [[127.044775, 37.662244], [127.044787, 37.662082]], [[127.044787, 37.662082], [127.044799, 37.661883], [127.044826, 37.661542], [127.044841, 37.66128], [127.044864, 37.661028], [127.044875, 37.660908], [127.044894, 37.660757], [127.044914, 37.660613], [127.044942, 37.660443], [127.045142, 37.659562], [127.045201, 37.659355], [127.045261, 37.659132], [127.045354, 37.658849], [127.045447, 37.658599], [127.045664, 37.658086], [127.045769, 37.657831], [127.045895, 37.657525], [127.045973, 37.657336], [127.046057, 37.657144], [127.046321, 37.656535], [127.046476, 37.656167]], [[127.046476, 37.656167], [127.046658, 37.655722], [127.046923, 37.6551], [127.047207, 37.654433], [127.047303, 37.654197], [127.047687, 37.653321]], [[127.047687, 37.653321], [127.04819, 37.652219], [127.048315, 37.651941], [127.048509, 37.651434]], [[127.048509, 37.651434], [127.048607, 37.651174], [127.04881, 37.650682], [127.048916, 37.650443], [127.049082, 37.650045], [127.049248, 37.649673], [127.049461, 37.649179]], [[127.049461, 37.649179], [127.049652, 37.648738], [127.049933, 37.648133], [127.050734, 37.646236], [127.050958, 37.645712]], [[127.050958, 37.645712], [127.051012, 37.645579]], [[127.051012, 37.645579], [127.051687, 37.643984], [127.051813, 37.643683]], [[127.051813, 37.643683], [127.051831, 37.643642], [127.051853, 37.64359], [127.051877, 37.643534]], [[127.051877, 37.643534], [127.051927, 37.643416], [127.052208, 37.642796], [127.052314, 37.642576], [127.052388, 37.642449], [127.052486, 37.642282], [127.052588, 37.642124]], [[127.052588, 37.642124], [127.052802, 37.641795], [127.052994, 37.641557], [127.053196, 37.641297], [127.053392, 37.641068], [127.053543, 37.640902], [127.053686, 37.640749], [127.053905, 37.640523], [127.054155, 37.640277]], [[127.054155, 37.640277], [127.054384, 37.640062], [127.054582, 37.639882], [127.054844, 37.639668], [127.05495, 37.639588], [127.055655, 37.63901], [127.056083, 37.638671], [127.056682, 37.638187]], [[127.056682, 37.638187], [127.057154, 37.637789], [127.057647, 37.637293], [127.058061, 37.636792]], [[127.058061, 37.636792], [127.058158, 37.636622], [127.058259, 37.636454], [127.058326, 37.636334], [127.058393, 37.636204], [127.058458, 37.636073], [127.058509, 37.635954], [127.058575, 37.635788], [127.058668, 37.635546], [127.058761, 37.635225], [127.058828, 37.634937], [127.058882, 37.634645], [127.058921, 37.634373]], [[127.058921, 37.634373], [127.058939, 37.63427], [127.058944, 37.634113], [127.058934, 37.633917]], [[127.058934, 37.633917], [127.058863, 37.632315], [127.058853, 37.632113], [127.058848, 37.632027]], [[127.058848, 37.632027], [127.058839, 37.631904]], [[127.058839, 37.631904], [127.058847, 37.631548], [127.058855, 37.631163], [127.058881, 37.630935], [127.05894, 37.630573], [127.059015, 37.630222], [127.059079, 37.629971], [127.059135, 37.629807], [127.059277, 37.629425], [127.059481, 37.62892], [127.059571, 37.628714], [127.059914, 37.627963], [127.060041, 37.627695]], [[127.060041, 37.627695], [127.060089, 37.627586]], [[127.06072, 37.626249], [127.060528, 37.626646], [127.060351, 37.627008], [127.060226, 37.627288], [127.060089, 37.627586]], [[127.06072, 37.626249], [127.060894, 37.625868], [127.060988, 37.625664], [127.061093, 37.625422], [127.061269, 37.62502]], [[127.061269, 37.62502], [127.061424, 37.624677], [127.062069, 37.623203]], [[127.062069, 37.623203], [127.062112, 37.623109], [127.062518, 37.622207], [127.063001, 37.621108]], [[127.063001, 37.621108], [127.063243, 37.620586], [127.063426, 37.620188], [127.063505, 37.620022], [127.06365, 37.61962], [127.063741, 37.619393], [127.06385, 37.619151]], [[127.06385, 37.619151], [127.064013, 37.618838], [127.064155, 37.618563], [127.064332, 37.618173]], [[127.064332, 37.618173], [127.064438, 37.61794]], [[127.064438, 37.61794], [127.0646, 37.617584], [127.064853, 37.617038]], [[127.064853, 37.617038], [127.064976, 37.616758]], [[127.064976, 37.616758], [127.065077, 37.616545], [127.065163, 37.616372], [127.065292, 37.616123], [127.065391, 37.61593], [127.06576, 37.615115], [127.065859, 37.614879]], [[127.065859, 37.614879], [127.066062, 37.614397], [127.066148, 37.614182], [127.066195, 37.614064]], [[127.066195, 37.614064], [127.066282, 37.61385], [127.066349, 37.613686], [127.066378, 37.613621]], [[127.066378, 37.613621], [127.066415, 37.613536], [127.067161, 37.61185], [127.067276, 37.611539], [127.067466, 37.610762], [127.067579, 37.610304]], [[127.067579, 37.610304], [127.067665, 37.609801], [127.06771, 37.609361], [127.067745, 37.608555], [127.067792, 37.606625], [127.0678, 37.606124], [127.067839, 37.605015], [127.067839, 37.604579], [127.067837, 37.604119], [127.067819, 37.603746], [127.067788, 37.603442], [127.06776, 37.603156], [127.067746, 37.603039]], [[127.067746, 37.603039], [127.06773, 37.602944], [127.067691, 37.602754], [127.067649, 37.602581], [127.0676, 37.602406], [127.067506, 37.602145], [127.067415, 37.601898], [127.067337, 37.601701]], [[127.067337, 37.601701], [127.067315, 37.601648], [127.067208, 37.601395], [127.067106, 37.601181]], [[127.067106, 37.601181], [127.067087, 37.601144]], [[127.067087, 37.601144], [127.06698, 37.600931], [127.066786, 37.600595], [127.066638, 37.600352], [127.06636, 37.599939], [127.066058, 37.599506], [127.065828, 37.59916], [127.065592, 37.598831], [127.065368, 37.598531], [127.06525, 37.598368], [127.065179, 37.598261], [127.064903, 37.597837], [127.064623, 37.597438], [127.063374, 37.595633], [127.063104, 37.595242], [127.06296, 37.595048], [127.062567, 37.59449], [127.062166, 37.593915], [127.06133, 37.592749], [127.061071, 37.592363], [127.060808, 37.591982], [127.060567, 37.59166], [127.06045, 37.591516], [127.060335, 37.591381], [127.060275, 37.591314], [127.060194, 37.591238], [127.059949, 37.590997], [127.059686, 37.590767], [127.059487, 37.590617], [127.059218, 37.590427], [127.058955, 37.590254], [127.058799, 37.590166], [127.058718, 37.590121], [127.057311, 37.589357], [127.05699, 37.58919], [127.056798, 37.58909], [127.056429, 37.588907], [127.056056, 37.588706], [127.055684, 37.588506], [127.055299, 37.588301], [127.054886, 37.588068], [127.054491, 37.58782], [127.054413, 37.58778], [127.054084, 37.587556], [127.05377, 37.587325], [127.053452, 37.587076], [127.053157, 37.586827], [127.052856, 37.586552], [127.052582, 37.586277], [127.052353, 37.58603], [127.052192, 37.585836], [127.052049, 37.585655], [127.052022, 37.58562]], [[127.051762, 37.585291], [127.052022, 37.58562]], [[127.051762, 37.585291], [127.051737, 37.585265], [127.051574, 37.585101], [127.051449, 37.584974], [127.051277, 37.584786], [127.051152, 37.584652], [127.051047, 37.584539], [127.050762, 37.584212]], [[127.050762, 37.584212], [127.050569, 37.583981], [127.050372, 37.583755], [127.050185, 37.583537], [127.049973, 37.583307], [127.049832, 37.583157], [127.049727, 37.583049], [127.049635, 37.582963]], [[127.049635, 37.582963], [127.049478, 37.582808], [127.048643, 37.582011], [127.04823, 37.581624], [127.047843, 37.581336], [127.047566, 37.581152], [127.047411, 37.581057], [127.047222, 37.580953], [127.046857, 37.58077]], [[127.046857, 37.58077], [127.046432, 37.580601], [127.046212, 37.5805], [127.045864, 37.580342], [127.045363, 37.580128], [127.044991, 37.580003], [127.044429, 37.579821], [127.043623, 37.579581]], [[127.043623, 37.579581], [127.043267, 37.579493], [127.04307, 37.579446], [127.04295, 37.579411], [127.042765, 37.579358], [127.042404, 37.579246], [127.039282, 37.578234], [127.03905, 37.578156], [127.038864, 37.578123], [127.038538, 37.578062], [127.03828, 37.578021], [127.038065, 37.577994], [127.037898, 37.577973], [127.037699, 37.577964], [127.037366, 37.577972], [127.037065, 37.577994], [127.036851, 37.578028], [127.036521, 37.578087], [127.036267, 37.578139], [127.035922, 37.578201], [127.035605, 37.578252], [127.035277, 37.5783], [127.034964, 37.57833], [127.034682, 37.578345], [127.034483, 37.57835], [127.034289, 37.578355], [127.034024, 37.578342], [127.03379, 37.57833], [127.033546, 37.578309], [127.033369, 37.578283], [127.033082, 37.578244], [127.032746, 37.578191], [127.032294, 37.578096], [127.031918, 37.57802], [127.031343, 37.577899], [127.030435, 37.577681], [127.026169, 37.576486], [127.025522, 37.576286], [127.024002, 37.575832], [127.023491, 37.575647], [127.023372, 37.575607], [127.023339, 37.575596], [127.022726, 37.575349], [127.021919, 37.575038], [127.021165, 37.57474], [127.018487, 37.573821], [127.018166, 37.573717], [127.017587, 37.573518], [127.017272, 37.573424], [127.016917, 37.573328], [127.016146, 37.573135]], [[127.016146, 37.573135], [127.015993, 37.573091], [127.015213, 37.572876], [127.012766, 37.572162], [127.012562, 37.572102], [127.012279, 37.572035], [127.01122, 37.571782], [127.010991, 37.571733], [127.009959, 37.571505], [127.00974, 37.571449], [127.00857, 37.571158], [127.008309, 37.571115], [127.00805, 37.571094], [127.007796, 37.571087], [127.002902, 37.570993], [127.001911, 37.570963], [127.001176, 37.57093], [126.997443, 37.570678], [126.99699, 37.57064], [126.995718, 37.570559]], [[126.995718, 37.570559], [126.99511, 37.570519], [126.993334, 37.570471], [126.992386, 37.570431], [126.990832, 37.570336], [126.9906, 37.570323], [126.988374, 37.570223], [126.987662, 37.570198], [126.986167, 37.570168], [126.984754, 37.570162], [126.984239, 37.570156], [126.983572, 37.570142], [126.982978, 37.570136], [126.982112, 37.570119], [126.981705, 37.57012], [126.981316, 37.570123]], [[126.981316, 37.570123], [126.980752, 37.570104], [126.980399, 37.570094], [126.980038, 37.570087], [126.979721, 37.570087], [126.979416, 37.570097], [126.979267, 37.570104], [126.979098, 37.570122], [126.978921, 37.570156], [126.978672, 37.570201], [126.978445, 37.57022], [126.978252, 37.570217], [126.978083, 37.570199], [126.977956, 37.570167], [126.977789, 37.57013], [126.9776, 37.570052], [126.97738, 37.569928], [126.977168, 37.569769], [126.977008, 37.569596], [126.976928, 37.569465], [126.976849, 37.569308], [126.976796, 37.569109], [126.976789, 37.568881], [126.976833, 37.568672], [126.976901, 37.568439], [126.976979, 37.568227], [126.977046, 37.568061], [126.977107, 37.567881], [126.977176, 37.567609]], [[126.977176, 37.567609], [126.977235, 37.567319], [126.977253, 37.567163], [126.977263, 37.566882], [126.977227, 37.566426], [126.977182, 37.566069], [126.977167, 37.565817], [126.977157, 37.565353], [126.977145, 37.564777], [126.977121, 37.564622], [126.977077, 37.564467], [126.977005, 37.56424], [126.976826, 37.56375], [126.97652, 37.562997], [126.976144, 37.56205]], [[126.976144, 37.56205], [126.976047, 37.561809], [126.975853, 37.561381], [126.975751, 37.561207], [126.975622, 37.560991], [126.975446, 37.560748], [126.975207, 37.560455], [126.974897, 37.560096], [126.974323, 37.559296], [126.973461, 37.55823], [126.973377, 37.558127], [126.973206, 37.557916], [126.973168, 37.557869], [126.972966, 37.557609], [126.972892, 37.557492], [126.972779, 37.557248], [126.972619, 37.556829], [126.972481, 37.556296], [126.97237, 37.555859], [126.972275, 37.555322], [126.972217, 37.554824]], [[126.972217, 37.554824], [126.972187, 37.554627], [126.972121, 37.55397], [126.972072, 37.553578], [126.972039, 37.553171]], [[126.972039, 37.553171], [126.972042, 37.552909], [126.972036, 37.552881], [126.97199, 37.552639], [126.971904, 37.552244], [126.971856, 37.551966], [126.971793, 37.551691], [126.971718, 37.551431], [126.971704, 37.551386]], [[126.971704, 37.551386], [126.971566, 37.550996], [126.971538, 37.550884], [126.971504, 37.550762], [126.971479, 37.550644], [126.97146, 37.55054], [126.971412, 37.550241], [126.971382, 37.550002], [126.971379, 37.549953]], [[126.971379, 37.549953], [126.971363, 37.549718], [126.971357, 37.549559], [126.971358, 37.548007]], [[126.971358, 37.548007], [126.971358, 37.547515], [126.971372, 37.545545], [126.971373, 37.545167], [126.971377, 37.544889], [126.971357, 37.544243], [126.971347, 37.544001], [126.971335, 37.543432], [126.971347, 37.54307], [126.97136, 37.542721], [126.971378, 37.542281], [126.971372, 37.541872]], [[126.971372, 37.541872], [126.971372, 37.541648]], [[126.971372, 37.541648], [126.971408, 37.539569], [126.971397, 37.53899], [126.971381, 37.53868], [126.971347, 37.538233], [126.971307, 37.53782], [126.971264, 37.537424], [126.971227, 37.537082], [126.971184, 37.536691], [126.971129, 37.536322], [126.971058, 37.535914], [126.97099, 37.535577], [126.970931, 37.535357], [126.970836, 37.535096], [126.97075, 37.534874], [126.970626, 37.534644], [126.970442, 37.534348], [126.970251, 37.534087], [126.970096, 37.533896], [126.969912, 37.533698], [126.969699, 37.533496], [126.969505, 37.533327], [126.968799, 37.53275], [126.968617, 37.532613], [126.967937, 37.532065], [126.967292, 37.531594]], [[126.967292, 37.531594], [126.966663, 37.531131], [126.966319, 37.530883], [126.966244, 37.53083], [126.96619, 37.530791]], [[126.96619, 37.530791], [126.963351, 37.528731], [126.963208, 37.528632]], [[126.963208, 37.528632], [126.96253, 37.528127], [126.96229, 37.52797], [126.961381, 37.527345], [126.960993, 37.527082], [126.960095, 37.526454], [126.958858, 37.525648], [126.957873, 37.524929], [126.9571, 37.524288], [126.956432, 37.523672]], [[126.956432, 37.523672], [126.948122, 37.516157]], [[126.948122, 37.516157], [126.947981, 37.516045], [126.94736, 37.515556], [126.946646, 37.515122], [126.946267, 37.514959], [126.945671, 37.514739], [126.944972, 37.514564], [126.944513, 37.514482], [126.943591, 37.51438]], [[126.943591, 37.51438], [126.942481, 37.514271], [126.941298, 37.514146], [126.94019, 37.514033], [126.93995, 37.514007], [126.939504, 37.513957]], [[126.939504, 37.513957], [126.938546, 37.513835], [126.937948, 37.51378], [126.93659, 37.513713], [126.933892, 37.513655], [126.930684, 37.513573], [126.927681, 37.513444], [126.926218, 37.513403], [126.926105, 37.5134], [126.925799, 37.513401], [126.925411, 37.513407], [126.92504, 37.513426], [126.924625, 37.513495], [126.924173, 37.513596], [126.923702, 37.513753], [126.923228, 37.513972], [126.922836, 37.514192], [126.922545, 37.514391], [126.922142, 37.514688], [126.920839, 37.515714], [126.920509, 37.51594], [126.920105, 37.516196], [126.91966, 37.516438], [126.919138, 37.516664], [126.918737, 37.516815], [126.918264, 37.516953], [126.917837, 37.517044], [126.917477, 37.51712], [126.916911, 37.517176], [126.916452, 37.517196], [126.9158, 37.5172], [126.915233, 37.517175], [126.914227, 37.517106], [126.914118, 37.517099]], [[126.914118, 37.517099], [126.91185, 37.516931], [126.910614, 37.51685], [126.909988, 37.516751], [126.909463, 37.51661], [126.908711, 37.516308]], [[126.908711, 37.516308], [126.9066, 37.515461], [126.906, 37.515213], [126.905808, 37.515132], [126.904609, 37.514596], [126.903456, 37.514056], [126.901728, 37.513297], [126.899652, 37.512412], [126.898299, 37.511871]], [[126.898299, 37.511871], [126.898217, 37.511838]], [[126.898217, 37.511838], [126.897409, 37.511517], [126.896328, 37.511062], [126.893866, 37.510015], [126.892547, 37.509453]], [[126.892547, 37.509453], [126.892017, 37.509228]], [[126.892017, 37.509228], [126.891323, 37.508932], [126.890694, 37.508644], [126.890295, 37.508449], [126.88996, 37.508264], [126.889153, 37.507771], [126.888091, 37.507109]], [[126.888091, 37.507109], [126.887576, 37.506789]], [[126.887576, 37.506789], [126.886507, 37.506128], [126.885958, 37.505787], [126.885031, 37.505282], [126.884595, 37.505044]], [[126.884595, 37.505044], [126.883831, 37.504628], [126.883531, 37.504431], [126.88328, 37.504248], [126.88282, 37.503908], [126.882256, 37.5034]], [[126.882256, 37.5034], [126.88145, 37.502674], [126.88125, 37.502494], [126.879696, 37.50113], [126.879228, 37.500759], [126.878838, 37.500498], [126.878362, 37.500249], [126.877708, 37.499937], [126.87722, 37.499713]], [[126.87722, 37.499713], [126.87688, 37.499562], [126.876078, 37.499208], [126.872936, 37.497769], [126.872346, 37.497487], [126.871615, 37.49707]], [[126.871615, 37.49707], [126.87096, 37.496733], [126.870561, 37.496496], [126.870182, 37.496303], [126.86914, 37.495824], [126.868919, 37.495722], [126.86598, 37.494365], [126.865605, 37.494212], [126.865206, 37.494072], [126.864713, 37.493939]], [[126.864713, 37.493939], [126.864221, 37.493841], [126.863727, 37.49377], [126.863223, 37.49374], [126.8627, 37.493753], [126.862123, 37.493823], [126.861521, 37.49392], [126.860512, 37.494111], [126.860406, 37.494132], [126.858164, 37.494576], [126.857847, 37.494639], [126.857666, 37.494675], [126.856751, 37.494858], [126.856069, 37.495], [126.854983, 37.495253], [126.853785, 37.495533], [126.852924, 37.495694], [126.852431, 37.495752], [126.85182, 37.495769], [126.851174, 37.495711], [126.850534, 37.495591], [126.849621, 37.495405], [126.849053, 37.495282]], [[126.849053, 37.495282], [126.84798, 37.495042], [126.846487, 37.494662], [126.845967, 37.494539], [126.843444, 37.493986], [126.84269, 37.493808], [126.841898, 37.493655], [126.841455, 37.493569]], [[126.841455, 37.493569], [126.841304, 37.49354], [126.841189, 37.493518], [126.840084, 37.49329], [126.8396, 37.493203], [126.839114, 37.493123], [126.838494, 37.493057], [126.837863, 37.493025], [126.829184, 37.492964], [126.826957, 37.492933], [126.826616, 37.492909], [126.82631, 37.49287], [126.825995, 37.492824], [126.825655, 37.492748], [126.825432, 37.49269], [126.825127, 37.492606], [126.824044, 37.492299], [126.822957, 37.491993], [126.822846, 37.491961], [126.822517, 37.491855], [126.822249, 37.491751], [126.821976, 37.491637], [126.821742, 37.491503], [126.821471, 37.491331], [126.820763, 37.490753], [126.816543, 37.487322], [126.816211, 37.487074], [126.815516, 37.486577], [126.815148, 37.486375], [126.814747, 37.486169], [126.814349, 37.485987], [126.813645, 37.485698], [126.813252, 37.485552], [126.811108, 37.484854], [126.810954, 37.484804], [126.810139, 37.484572], [126.809634, 37.484406], [126.808385, 37.484001], [126.804735, 37.482795], [126.804082, 37.482619], [126.803742, 37.482529], [126.803101, 37.482429], [126.802768, 37.482395], [126.802431, 37.48239], [126.802097, 37.482391], [126.801421, 37.48242], [126.799575, 37.482679], [126.798702, 37.482741], [126.798246, 37.48275], [126.79772, 37.482745], [126.796931, 37.482689], [126.795955, 37.482658]], [[126.795955, 37.482658], [126.795483, 37.482645], [126.795067, 37.482633], [126.79489, 37.482628]], [[126.79489, 37.482628], [126.79464, 37.48262], [126.794434, 37.482614], [126.792819, 37.482584], [126.792191, 37.482606], [126.791698, 37.482635], [126.791425, 37.482669], [126.790717, 37.482782], [126.790241, 37.482866], [126.78968, 37.482951], [126.787393, 37.4833], [126.786032, 37.483516], [126.785442, 37.483593], [126.784355, 37.483737], [126.781324, 37.484194], [126.781103, 37.484227], [126.780404, 37.484378], [126.779834, 37.484479], [126.779166, 37.484567], [126.778509, 37.48466], [126.777859, 37.48474], [126.777697, 37.48476], [126.775852, 37.484965], [126.774187, 37.485164], [126.772441, 37.485425], [126.769234, 37.485909], [126.768543, 37.485988], [126.767633, 37.486095], [126.766706, 37.486196], [126.765355, 37.486388], [126.763078, 37.486741], [126.762907, 37.486767], [126.76225, 37.486871], [126.761532, 37.486975], [126.761048, 37.487045], [126.760262, 37.48713], [126.759511, 37.487184], [126.757288, 37.487322], [126.756042, 37.487393], [126.75483, 37.487433], [126.753913, 37.487456], [126.751629, 37.487602], [126.751358, 37.48762], [126.750956, 37.487647], [126.75035, 37.48771], [126.749059, 37.487844], [126.746939, 37.487999], [126.743983, 37.48819], [126.742708, 37.488275], [126.742058, 37.488291], [126.741301, 37.488326], [126.73984, 37.488419], [126.739576, 37.488435], [126.738002, 37.488561], [126.737075, 37.488627], [126.735708, 37.488705], [126.732582, 37.4889], [126.731542, 37.488957], [126.730027, 37.489059], [126.729693, 37.48908]], [[126.729693, 37.48908], [126.729249, 37.489103]], [[126.729249, 37.489103], [126.728516, 37.489161], [126.72805, 37.489186], [126.726197, 37.489236], [126.725785, 37.48925], [126.72552, 37.489267], [126.724508, 37.489331]], [[126.724508, 37.489331], [126.724321, 37.489343], [126.723708, 37.489383], [126.723378, 37.489407], [126.723019, 37.489433], [126.722583, 37.489474], [126.721684, 37.489577], [126.721212, 37.489618], [126.720396, 37.489675], [126.719178, 37.489745], [126.718778, 37.489746], [126.718156, 37.489687], [126.717585, 37.489577], [126.717264, 37.489483], [126.716825, 37.489332], [126.716372, 37.489137], [126.715966, 37.488889], [126.714761, 37.488102], [126.713782, 37.487492], [126.713088, 37.487036], [126.710056, 37.485086], [126.708904, 37.484343], [126.708665, 37.484165], [126.708036, 37.483675], [126.706961, 37.482852], [126.706386, 37.482402], [126.706077, 37.482158]], [[126.706077, 37.482158], [126.705355, 37.481557], [126.704991, 37.481254], [126.704779, 37.481073]], [[126.704779, 37.481073], [126.704529, 37.48084], [126.704118, 37.480388], [126.703806, 37.479882], [126.703624, 37.479444], [126.703511, 37.478984], [126.703468, 37.478652], [126.703168, 37.474244], [126.70309, 37.473316], [126.70306, 37.471675], [126.702978, 37.469909], [126.702967, 37.469688], [126.702889, 37.469099], [126.702867, 37.468954], [126.702795, 37.468296], [126.70275, 37.468015], [126.702662, 37.467614], [126.702487, 37.467197], [126.70222, 37.46674], [126.701842, 37.466293], [126.701466, 37.465959], [126.701115, 37.465701], [126.70084, 37.465536], [126.70041, 37.465325], [126.699933, 37.465143], [126.699602, 37.465053], [126.699262, 37.464979], [126.698945, 37.464929], [126.698558, 37.464894], [126.696809, 37.464806], [126.694584, 37.46465], [126.692477, 37.464568]], [[126.692477, 37.464568], [126.692208, 37.464557], [126.690088, 37.464502], [126.688055, 37.464415], [126.686785, 37.464406], [126.685614, 37.464471], [126.684925, 37.464515], [126.682976, 37.464727], [126.681702, 37.464844], [126.681467, 37.464853], [126.680465, 37.464892], [126.678429, 37.465075], [126.67814, 37.465102], [126.676229, 37.465278], [126.675062, 37.465423], [126.673877, 37.465551], [126.671889, 37.465747], [126.670595, 37.465842], [126.669844, 37.465875], [126.669362, 37.46591], [126.667409, 37.466099], [126.667376, 37.466104], [126.665864, 37.466319], [126.661831, 37.466713], [126.661412, 37.466742], [126.660879, 37.466761], [126.660222, 37.466751], [126.659634, 37.466736], [126.65892, 37.466695], [126.656587, 37.466695], [126.656432, 37.466695], [126.655392, 37.466717], [126.654448, 37.466781], [126.653616, 37.466781], [126.649376, 37.466727], [126.64877, 37.466738], [126.648177, 37.466763], [126.647715, 37.466807], [126.647186, 37.466897], [126.646438, 37.467042], [126.646172, 37.467109]], [[126.646172, 37.467109], [126.645659, 37.467245]], [[126.645659, 37.467245], [126.645511, 37.467296], [126.644815, 37.467535], [126.644268, 37.467759], [126.643475, 37.468145], [126.641605, 37.469062], [126.641353, 37.469186], [126.639398, 37.470187], [126.638075, 37.470841], [126.637749, 37.471019], [126.6376, 37.4711]], [[126.6376, 37.4711], [126.637283, 37.471297], [126.637269, 37.471306], [126.637087, 37.471419]], [[126.637087, 37.471419], [126.636646, 37.471742], [126.636368, 37.471971], [126.635834, 37.472457]], [[126.635834, 37.472457], [126.635771, 37.472513], [126.635236, 37.472995]], [[126.635236, 37.472995], [126.634793, 37.473393], [126.633841, 37.474257], [126.63231, 37.475616]], [[126.63231, 37.475616], [126.632187, 37.475726], [126.631724, 37.476159], [126.631, 37.476814], [126.630802, 37.476994], [126.630793, 37.477002]], [[126.630793, 37.477002], [126.630587, 37.477189]], [[126.630587, 37.477189], [126.629961, 37.477756], [126.629536, 37.478106], [126.629154, 37.478392], [126.628062, 37.479076], [126.627226, 37.479657], [126.626239, 37.480331], [126.625843, 37.480581], [126.625485, 37.480767], [126.62519, 37.480897], [126.624773, 37.481045], [126.624459, 37.481133], [126.624112, 37.481195], [126.623799, 37.481237], [126.623392, 37.481259], [126.623017, 37.481252], [126.622686, 37.481218], [126.622301, 37.481171], [126.621968, 37.481102], [126.620857, 37.480818], [126.619752, 37.480485], [126.619502, 37.480384], [126.619301, 37.48029], [126.619126, 37.480197], [126.618953, 37.480084], [126.618755, 37.479926], [126.618565, 37.479753], [126.618521, 37.479711], [126.617978, 37.479191], [126.617868, 37.479075], [126.617718, 37.478901], [126.617573, 37.478701], [126.61742, 37.47844], [126.617337, 37.478254], [126.617285, 37.478107], [126.617233, 37.477911], [126.616998, 37.476419]], [[127.04593, 37.69054], [127.046087, 37.688726], [127.046127, 37.688728], [127.045972, 37.690543], [127.04593, 37.69054]], [[127.060649, 37.947124], [127.060585, 37.947127], [127.060651, 37.947524], [127.060741, 37.948284], [127.060835, 37.948949], [127.06088, 37.948936], [127.060719, 37.947674], [127.060649, 37.947124]], [[126.617002, 37.477317], [126.61703, 37.477482], [126.617057, 37.477641], [126.617103, 37.477852], [126.617156, 37.47805], [126.617222, 37.478198], [126.617316, 37.478415], [126.617431, 37.478622], [126.617576, 37.478825], [126.617758, 37.479043]], [[126.617758, 37.479043], [126.617932, 37.47921], [126.618478, 37.479731], [126.618588, 37.479836], [126.618714, 37.479941], [126.618925, 37.480112], [126.619098, 37.480232], [126.619256, 37.480324], [126.61948, 37.480423], [126.619738, 37.480518], [126.620832, 37.48086], [126.62196, 37.481141], [126.622293, 37.481213], [126.622683, 37.481264], [126.623018, 37.48129], [126.623394, 37.481291], [126.623805, 37.481269], [126.624134, 37.481226], [126.624477, 37.481167], [126.624794, 37.481073], [126.625215, 37.480923], [126.625511, 37.480797], [126.625875, 37.480609], [126.626192, 37.480407], [126.627262, 37.479687], [126.628232, 37.479129], [126.629259, 37.478471], [126.629656, 37.478182], [126.630067, 37.477842], [126.630681, 37.47731]], [[126.630681, 37.47731], [126.630892, 37.477128]], [[126.630892, 37.477128], [126.630925, 37.4771], [126.630965, 37.477064], [126.631887, 37.476267], [126.632391, 37.475878], [126.633593, 37.474822], [126.633841, 37.474577]], [[126.633841, 37.474577], [126.634038, 37.474383], [126.634378, 37.474002], [126.634908, 37.473472], [126.635265, 37.473149], [126.63536, 37.473064]], [[126.635933, 37.472536], [126.635875, 37.472586], [126.63536, 37.473064]], [[126.63715, 37.471531], [126.636766, 37.471814], [126.636485, 37.472037], [126.635933, 37.472536]], [[126.63766, 37.471222], [126.637591, 37.471263], [126.63715, 37.471531]], [[126.645762, 37.467421], [126.644947, 37.467724], [126.644492, 37.467926], [126.643646, 37.468371], [126.643428, 37.468478], [126.641531, 37.469406], [126.640909, 37.469687], [126.639482, 37.470289], [126.63816, 37.47094], [126.63766, 37.471222]], [[126.646268, 37.467263], [126.645762, 37.467421]], [[126.694316, 37.464897], [126.692195, 37.464815], [126.690105, 37.464644], [126.688061, 37.464535], [126.686795, 37.464519], [126.685633, 37.464579], [126.684951, 37.464641], [126.682988, 37.464845], [126.682605, 37.464881], [126.681717, 37.464982], [126.681532, 37.465013], [126.68099, 37.46509], [126.680503, 37.465168], [126.680183, 37.465196], [126.678181, 37.465369], [126.677085, 37.465464], [126.675972, 37.465534], [126.674741, 37.465589], [126.674482, 37.465609], [126.673898, 37.465668], [126.671921, 37.465866], [126.670634, 37.466013], [126.669884, 37.466098], [126.669826, 37.466104], [126.667941, 37.466278], [126.667411, 37.466322], [126.66667, 37.466361], [126.665896, 37.466438], [126.66185, 37.466839], [126.661435, 37.466881], [126.660896, 37.466912], [126.660233, 37.466938], [126.659647, 37.466938], [126.658923, 37.466935], [126.658734, 37.466935], [126.656125, 37.466935], [126.655391, 37.466912], [126.653616, 37.466893], [126.649385, 37.46685], [126.648788, 37.46685], [126.648211, 37.466891], [126.647761, 37.466947], [126.647242, 37.467031], [126.646509, 37.467207], [126.646268, 37.467263]], [[126.704702, 37.481226], [126.704399, 37.48093], [126.703983, 37.480444], [126.703664, 37.479933], [126.703476, 37.479475], [126.703364, 37.479012], [126.703319, 37.478675], [126.703005, 37.474259], [126.70294, 37.473329], [126.70275, 37.471684], [126.702743, 37.471543], [126.702651, 37.469712], [126.70263, 37.469122], [126.702605, 37.468546], [126.702552, 37.468073], [126.702469, 37.467672], [126.70231, 37.467277], [126.702035, 37.466823], [126.701695, 37.466385], [126.701343, 37.466053], [126.70101, 37.465813], [126.700744, 37.465657], [126.70032, 37.465451], [126.699869, 37.465256], [126.699546, 37.465163], [126.699231, 37.465106], [126.69894, 37.465058], [126.698558, 37.465021], [126.696806, 37.46494], [126.695563, 37.464933], [126.694578, 37.464907], [126.694316, 37.464897]], [[126.705895, 37.482327], [126.705804, 37.482243], [126.704899, 37.481416], [126.704702, 37.481226]], [[126.724572, 37.48959], [126.723446, 37.48966], [126.722931, 37.489692], [126.72233, 37.489714], [126.721569, 37.489725], [126.720873, 37.489767], [126.720628, 37.489775], [126.720186, 37.489809], [126.71919, 37.489857], [126.718788, 37.489859], [126.718433, 37.489842], [126.718118, 37.489809], [126.717537, 37.489682], [126.717207, 37.489585], [126.716762, 37.489427], [126.716304, 37.489218], [126.715889, 37.488971], [126.714649, 37.488199], [126.714052, 37.487834], [126.713659, 37.487591], [126.712972, 37.487151], [126.711072, 37.485937], [126.710718, 37.485693], [126.709963, 37.485176], [126.708798, 37.484422], [126.70811, 37.484012], [126.707862, 37.483838], [126.707525, 37.483619], [126.707387, 37.483529], [126.706729, 37.483036], [126.706041, 37.482459], [126.705895, 37.482327]], [[126.729261, 37.489227], [126.728709, 37.489255], [126.72809, 37.4893], [126.726955, 37.489418], [126.72619, 37.489484], [126.725843, 37.489512], [126.724572, 37.48959]], [[126.729705, 37.489203], [126.729465, 37.489216], [126.729261, 37.489227]], [[126.794844, 37.482874], [126.794436, 37.482862], [126.792822, 37.482788], [126.792211, 37.482783], [126.791451, 37.482832], [126.789933, 37.483027], [126.787422, 37.483414], [126.786075, 37.48365], [126.784973, 37.483888], [126.784411, 37.483985], [126.784134, 37.484025], [126.781157, 37.484447], [126.780439, 37.484518], [126.779872, 37.484589], [126.778535, 37.48478], [126.77771, 37.484882], [126.775873, 37.485078], [126.774214, 37.485281], [126.772466, 37.485534], [126.768579, 37.486131], [126.76692, 37.486392], [126.765409, 37.486632], [126.765207, 37.486663], [126.762966, 37.487004], [126.762302, 37.487082], [126.761559, 37.487149], [126.760278, 37.487251], [126.757292, 37.487429], [126.756066, 37.487539], [126.75486, 37.48766], [126.753927, 37.487743], [126.753724, 37.487755], [126.752947, 37.487802], [126.751366, 37.487897], [126.750356, 37.487933], [126.749071, 37.487958], [126.746937, 37.488093], [126.743993, 37.48829], [126.743668, 37.488325], [126.742722, 37.488437], [126.742068, 37.488516], [126.74168, 37.488542], [126.739597, 37.48868], [126.738014, 37.488771], [126.737453, 37.488789], [126.736321, 37.488797], [126.735712, 37.48882], [126.732583, 37.489008], [126.730036, 37.48918], [126.729705, 37.489203]], [[126.795943, 37.482908], [126.794844, 37.482874]], [[126.849001, 37.495389], [126.848579, 37.495302], [126.848016, 37.495173], [126.847232, 37.495017], [126.846397, 37.494863], [126.845879, 37.494767], [126.845768, 37.494744], [126.843345, 37.494222], [126.842511, 37.494017], [126.84176, 37.49384], [126.841393, 37.493754], [126.840885, 37.493632], [126.840029, 37.493423], [126.839556, 37.493319], [126.839089, 37.493236], [126.838487, 37.493176], [126.83787, 37.493145], [126.829178, 37.493074], [126.826951, 37.493049], [126.826293, 37.493032], [126.825958, 37.49301], [126.825609, 37.49297], [126.825359, 37.492927], [126.825022, 37.492855], [126.824906, 37.492825], [126.824537, 37.492725], [126.823736, 37.492497], [126.82328, 37.492367], [126.822723, 37.492185], [126.822425, 37.492062], [126.8221, 37.491895], [126.821865, 37.49175], [126.821637, 37.4916], [126.821378, 37.491414], [126.820664, 37.490832], [126.816437, 37.487403], [126.816088, 37.487166], [126.815383, 37.486707], [126.815, 37.486516], [126.814625, 37.486342], [126.814239, 37.486184], [126.813509, 37.48592], [126.813122, 37.485788], [126.812886, 37.485718], [126.810844, 37.485046], [126.810026, 37.484754], [126.809556, 37.484574], [126.808336, 37.484101], [126.804687, 37.4829], [126.804028, 37.482722], [126.803707, 37.482639], [126.803076, 37.482556], [126.80276, 37.482527], [126.80244, 37.482514], [126.802114, 37.482511], [126.801437, 37.482545], [126.799605, 37.482814], [126.798719, 37.482916], [126.798258, 37.48295], [126.797711, 37.482957], [126.796928, 37.482938], [126.796728, 37.482932], [126.795943, 37.482908]], [[126.868366, 37.495685], [126.865839, 37.494537], [126.865464, 37.494394], [126.865104, 37.494259], [126.864635, 37.494152], [126.864091, 37.494064], [126.863672, 37.494015], [126.863235, 37.493998], [126.862705, 37.494011], [126.862162, 37.494057], [126.861586, 37.494159], [126.860594, 37.49437], [126.860449, 37.494398], [126.858275, 37.494827], [126.857938, 37.494893], [126.856157, 37.495202], [126.855169, 37.495373], [126.852949, 37.495796], [126.852462, 37.495848], [126.851817, 37.495879], [126.851144, 37.495826], [126.850511, 37.495716], [126.84983, 37.49557], [126.849585, 37.495517], [126.849001, 37.495389]], [[126.871655, 37.497233], [126.870549, 37.496677], [126.870384, 37.496602], [126.868366, 37.495685]], [[126.871655, 37.497233], [126.872111, 37.497455], [126.87231, 37.497555], [126.873594, 37.498154], [126.876041, 37.49926], [126.877176, 37.499773], [126.877669, 37.499995], [126.878303, 37.50033], [126.878789, 37.500626], [126.879117, 37.500856], [126.879407, 37.501099], [126.880225, 37.501788], [126.881107, 37.502571], [126.882121, 37.503483]], [[126.882121, 37.503483], [126.88269, 37.503994], [126.883131, 37.504297], [126.883178, 37.504329], [126.883447, 37.50451], [126.883779, 37.504698], [126.884541, 37.505117]], [[126.884541, 37.505117], [126.88464, 37.505169], [126.884947, 37.505333], [126.885902, 37.505843], [126.886465, 37.506169]], [[126.886465, 37.506169], [126.888051, 37.507141], [126.888554, 37.507475]], [[126.888554, 37.507475], [126.889103, 37.507838], [126.889911, 37.50834], [126.890353, 37.508601], [126.891022, 37.508945], [126.891815, 37.509285], [126.891963, 37.509351]], [[126.891963, 37.509351], [126.892466, 37.509563]], [[126.892466, 37.509563], [126.893817, 37.510144], [126.896295, 37.511114], [126.897383, 37.511552], [126.897717, 37.511685]], [[126.897717, 37.511685], [126.89963, 37.512449], [126.901703, 37.51333], [126.903437, 37.51408], [126.90457, 37.514636], [126.906577, 37.515494]], [[126.906577, 37.515494], [126.908428, 37.516244], [126.908591, 37.51631], [126.90868, 37.516348]], [[126.90868, 37.516348], [126.909447, 37.516637], [126.909978, 37.516786], [126.910613, 37.516892], [126.911843, 37.516967], [126.914114, 37.51714], [126.914786, 37.517183], [126.915232, 37.517212], [126.9158, 37.517241], [126.916433, 37.517237], [126.916915, 37.517219], [126.917703, 37.517103], [126.918271, 37.516978], [126.91875, 37.516834], [126.919152, 37.516681], [126.919672, 37.516458], [126.920132, 37.516225], [126.920552, 37.515971], [126.920879, 37.515742], [126.922177, 37.514713], [126.922572, 37.514413], [126.922859, 37.514215], [126.923249, 37.513995], [126.923721, 37.513788], [126.924014, 37.513684], [126.924244, 37.513621]], [[126.924244, 37.513621], [126.924641, 37.513532], [126.925048, 37.513461], [126.925346, 37.51344], [126.925802, 37.513433], [126.926109, 37.513433], [126.92748, 37.513471], [126.92768, 37.513476], [126.929503, 37.513561], [126.930681, 37.513615], [126.933891, 37.513696], [126.936591, 37.513758], [126.937944, 37.513821], [126.93854, 37.513877], [126.939499, 37.513999]], [[126.939499, 37.513999], [126.940177, 37.514067], [126.941234, 37.514187], [126.942661, 37.514335], [126.943584, 37.514421]], [[126.943584, 37.514421], [126.944501, 37.514521], [126.94495, 37.514607], [126.945648, 37.514773], [126.94624, 37.514986], [126.946597, 37.515147], [126.94732, 37.515584], [126.94808, 37.516178]], [[126.94808, 37.516178], [126.956395, 37.523698]], [[126.956395, 37.523698], [126.957062, 37.524311], [126.957832, 37.524954], [126.958814, 37.525665], [126.960949, 37.527109], [126.961343, 37.527375], [126.96225, 37.528003], [126.9625, 37.528155], [126.963185, 37.528656]], [[126.963185, 37.528656], [126.966044, 37.530757], [126.966164, 37.530842]], [[126.966164, 37.530842], [126.966651, 37.531185], [126.966763, 37.531264], [126.967287, 37.531639], [126.967465, 37.531779], [126.967946, 37.532122], [126.968123, 37.532265], [126.968337, 37.532438], [126.968658, 37.532697], [126.969459, 37.533349], [126.96965, 37.533515], [126.969961, 37.533816], [126.97014, 37.534023], [126.970358, 37.534316], [126.970568, 37.534651], [126.970722, 37.534947], [126.97087, 37.535335], [126.970953, 37.535638], [126.971024, 37.53599], [126.971076, 37.536281], [126.971132, 37.536681], [126.971184, 37.537111], [126.971239, 37.537815], [126.97127, 37.538331], [126.971283, 37.538839], [126.971273, 37.539506], [126.971267, 37.540488], [126.971256, 37.541535], [126.971257, 37.54163]], [[126.971257, 37.54163], [126.971254, 37.541919]], [[126.971254, 37.541919], [126.971258, 37.542398], [126.971261, 37.542899], [126.971255, 37.543407], [126.971261, 37.543669], [126.971289, 37.544218], [126.971327, 37.544884], [126.971326, 37.54517], [126.97133, 37.546871], [126.971313, 37.547581], [126.971315, 37.548009], [126.971315, 37.548075], [126.971318, 37.548561], [126.97132, 37.548721]], [[126.97132, 37.548721], [126.971318, 37.548815], [126.971316, 37.54888]], [[126.971316, 37.54888], [126.971318, 37.549592], [126.971316, 37.549699], [126.971333, 37.549905], [126.971336, 37.549951]], [[126.971336, 37.549951], [126.97134, 37.549998], [126.971367, 37.550249], [126.971435, 37.550638], [126.971478, 37.550826], [126.971555, 37.551108], [126.971644, 37.551401]], [[126.971644, 37.551401], [126.971708, 37.5516], [126.971732, 37.551729], [126.971741, 37.551817], [126.971817, 37.552359], [126.971836, 37.552497], [126.971892, 37.553172]], [[126.971892, 37.553172], [126.971899, 37.553373], [126.971927, 37.553818], [126.972033, 37.554633], [126.972058, 37.554834], [126.972086, 37.555113], [126.972119, 37.555383], [126.972194, 37.555817], [126.972296, 37.556186], [126.972421, 37.556602], [126.972478, 37.556769], [126.972609, 37.5571], [126.972668, 37.557248]], [[126.972668, 37.557248], [126.972807, 37.557523], [126.972923, 37.557692], [126.973063, 37.557927], [126.973099, 37.557971], [126.973215, 37.558121], [126.973291, 37.558209], [126.973338, 37.55827], [126.973465, 37.558443], [126.974257, 37.559349], [126.974826, 37.560161], [126.975317, 37.560791], [126.975517, 37.561054], [126.975712, 37.561334], [126.97605, 37.562097]], [[126.97605, 37.562097], [126.976444, 37.563037], [126.976665, 37.563546], [126.976768, 37.56387], [126.97686, 37.564181], [126.976996, 37.564484], [126.977083, 37.564777], [126.977106, 37.564958], [126.977108, 37.5654], [126.977135, 37.566311], [126.977149, 37.566535], [126.977152, 37.566855], [126.977155, 37.567078], [126.97714, 37.567247], [126.977087, 37.567595]], [[126.977087, 37.567595], [126.977006, 37.567836], [126.976907, 37.568099], [126.97684, 37.56825], [126.976776, 37.568423], [126.976688, 37.568709], [126.976655, 37.568908], [126.976656, 37.569106], [126.97669, 37.56925], [126.976746, 37.569385], [126.976844, 37.569566], [126.976944, 37.569697], [126.977108, 37.569857], [126.977312, 37.569998], [126.977444, 37.570082], [126.977565, 37.57014], [126.977701, 37.57019], [126.977838, 37.570228], [126.977962, 37.570261], [126.978089, 37.570284], [126.978237, 37.570296], [126.978359, 37.570291], [126.978461, 37.570292], [126.978675, 37.570267], [126.978802, 37.570242], [126.978955, 37.570218], [126.979127, 37.570195], [126.979395, 37.57018], [126.979673, 37.570169], [126.979968, 37.570165], [126.980313, 37.570171], [126.980806, 37.570181], [126.981232, 37.570196], [126.981328, 37.570194]], [[126.981328, 37.570194], [126.98169, 37.570192], [126.982022, 37.570191], [126.98377, 37.570195], [126.98424, 37.570203], [126.986145, 37.570199], [126.987639, 37.570222], [126.988412, 37.570255], [126.990598, 37.570363], [126.991116, 37.57039], [126.992381, 37.570458], [126.993332, 37.570499], [126.995105, 37.570559], [126.995711, 37.570592]], [[126.995711, 37.570592], [126.996983, 37.570679], [126.997435, 37.570717], [127.000031, 37.570881], [127.001222, 37.570973], [127.001913, 37.571004], [127.003071, 37.571033], [127.003787, 37.571047], [127.004546, 37.571059], [127.007792, 37.571127], [127.008046, 37.571134], [127.008301, 37.571155], [127.008555, 37.571196], [127.008776, 37.57125], [127.009764, 37.571498], [127.010481, 37.571659], [127.012156, 37.572044], [127.012488, 37.572119], [127.015168, 37.572906], [127.016198, 37.573193], [127.016954, 37.573395], [127.017601, 37.573569], [127.01813, 37.573755]], [[127.01813, 37.573755], [127.018465, 37.57387], [127.019737, 37.574301], [127.021141, 37.574775], [127.021963, 37.575106], [127.022924, 37.575493], [127.023274, 37.575621], [127.023354, 37.575651], [127.023602, 37.575731], [127.023771, 37.57579], [127.024004, 37.575871], [127.025512, 37.576334], [127.026148, 37.576534], [127.027511, 37.57692], [127.027938, 37.577038], [127.030446, 37.577751], [127.030627, 37.577799], [127.030926, 37.577877], [127.03143, 37.577991], [127.031852, 37.578078], [127.032145, 37.578135], [127.032333, 37.578174], [127.032547, 37.578218], [127.032783, 37.578256], [127.032959, 37.578285], [127.03312, 37.57831], [127.03331, 37.578335], [127.033486, 37.578359], [127.033694, 37.578382], [127.033994, 37.578402], [127.034155, 37.578411], [127.034337, 37.578414], [127.034473, 37.578408], [127.034627, 37.578406], [127.034982, 37.578384], [127.03523, 37.578363], [127.035397, 37.578344], [127.035629, 37.578306], [127.035911, 37.578263], [127.036141, 37.578213], [127.036437, 37.578171], [127.036676, 37.578125], [127.03695, 37.57809], [127.037133, 37.57807], [127.037375, 37.578056], [127.037539, 37.578055], [127.037684, 37.578057], [127.037923, 37.578072], [127.03817, 37.578099], [127.038377, 37.578127], [127.038503, 37.578146], [127.038755, 37.578188], [127.038936, 37.578223], [127.039122, 37.57827], [127.042365, 37.579308], [127.042395, 37.579317], [127.042913, 37.57947], [127.042975, 37.579489], [127.043345, 37.579611], [127.043584, 37.579698], [127.044234, 37.579897], [127.044837, 37.580098], [127.045369, 37.580261], [127.046164, 37.58061]], [[127.046164, 37.58061], [127.046389, 37.58071], [127.046485, 37.580753], [127.046876, 37.580942], [127.047122, 37.581093], [127.047403, 37.581273], [127.047577, 37.581388]], [[127.047577, 37.581388], [127.047835, 37.581573], [127.047898, 37.58162], [127.048147, 37.581817], [127.048919, 37.582459], [127.049293, 37.582756], [127.049599, 37.583014]], [[127.049599, 37.583014], [127.049842, 37.583244], [127.050094, 37.583508], [127.050592, 37.584069], [127.050718, 37.584214]], [[127.050718, 37.584214], [127.050879, 37.584391], [127.051018, 37.584553], [127.051243, 37.584812], [127.051417, 37.584998], [127.051537, 37.585125], [127.051686, 37.585288], [127.052, 37.585674], [127.052147, 37.585858], [127.052307, 37.586055], [127.052433, 37.586185]], [[127.052433, 37.586185], [127.052546, 37.586303], [127.05282, 37.586581], [127.053049, 37.586792], [127.053117, 37.586855], [127.053413, 37.587104], [127.053735, 37.587359], [127.05405, 37.587585], [127.054385, 37.587812], [127.054846, 37.588101], [127.055257, 37.588354], [127.055623, 37.588571], [127.055997, 37.588785], [127.056354, 37.588995], [127.056604, 37.589131], [127.05826, 37.59001], [127.058634, 37.590215], [127.058714, 37.590259], [127.058874, 37.590348], [127.059154, 37.590508], [127.059422, 37.59068], [127.059621, 37.590822], [127.059895, 37.591036], [127.060143, 37.591263], [127.060218, 37.591325], [127.060234, 37.591341], [127.060321, 37.591433], [127.0604, 37.591525], [127.060554, 37.591717], [127.060752, 37.59197], [127.06098, 37.592293], [127.061265, 37.592721], [127.062249, 37.594139], [127.06283, 37.595003], [127.063004, 37.595258], [127.064203, 37.59699], [127.064423, 37.597308], [127.064874, 37.597927], [127.065243, 37.598427], [127.065568, 37.598871], [127.065923, 37.599392], [127.066294, 37.599922], [127.066503, 37.600225], [127.066691, 37.600522], [127.066791, 37.60069], [127.066957, 37.60098], [127.067051, 37.601165]], [[127.067051, 37.601165], [127.067076, 37.601216]], [[127.067076, 37.601216], [127.067188, 37.601467], [127.067293, 37.601713]], [[127.067293, 37.601713], [127.067438, 37.602089], [127.067525, 37.602332], [127.067578, 37.602506], [127.06762, 37.602666], [127.067653, 37.602817], [127.067684, 37.602978], [127.067694, 37.603047]], [[127.067694, 37.603047], [127.067706, 37.603149], [127.067736, 37.603418], [127.067768, 37.603795], [127.067785, 37.604092], [127.067788, 37.604147], [127.067791, 37.604472], [127.067793, 37.604956], [127.067758, 37.605921], [127.067715, 37.607704], [127.067681, 37.609025], [127.067666, 37.609319], [127.067637, 37.609617], [127.067605, 37.609845], [127.067561, 37.610088], [127.067515, 37.610296]], [[127.067515, 37.610296], [127.067488, 37.610396], [127.067364, 37.610886], [127.06726, 37.611288], [127.067159, 37.611578], [127.06704, 37.611859], [127.066733, 37.612534], [127.066265, 37.613589]], [[127.066265, 37.613589], [127.066165, 37.613811], [127.066067, 37.614026]], [[127.066067, 37.614026], [127.065703, 37.614835]], [[127.065703, 37.614835], [127.065558, 37.615159], [127.065335, 37.615731], [127.065312, 37.615791], [127.065255, 37.615938], [127.065104, 37.616336], [127.064927, 37.616745]], [[127.064927, 37.616745], [127.064807, 37.617025]], [[127.064807, 37.617025], [127.064646, 37.617376], [127.064615, 37.617445]], [[127.064615, 37.617445], [127.064512, 37.617666], [127.064346, 37.618023], [127.063918, 37.61891], [127.063759, 37.619219], [127.063674, 37.619402], [127.063599, 37.619597], [127.063493, 37.619884], [127.063345, 37.620244], [127.063192, 37.620555], [127.063064, 37.620776], [127.062981, 37.620909]], [[127.062981, 37.620909], [127.062788, 37.621232], [127.062643, 37.621523], [127.062635, 37.62154], [127.061948, 37.623073], [127.061597, 37.623886], [127.06122, 37.624762], [127.061042, 37.625176], [127.060937, 37.625428], [127.060755, 37.625832]], [[127.060755, 37.625832], [127.06071, 37.625926], [127.060585, 37.626254], [127.060449, 37.626611], [127.060324, 37.626885], [127.060231, 37.627103], [127.060066, 37.627502], [127.05987, 37.627938], [127.059673, 37.62838]], [[127.059673, 37.62838], [127.059587, 37.628561], [127.059485, 37.628789], [127.059405, 37.628991], [127.059235, 37.629402], [127.059144, 37.629638], [127.059044, 37.629923], [127.058996, 37.630096], [127.05893, 37.630387], [127.058877, 37.630659], [127.058822, 37.631021], [127.058797, 37.63128], [127.058796, 37.631555], [127.058789, 37.631905]], [[127.058789, 37.631905], [127.058792, 37.632029]], [[127.058792, 37.632029], [127.058796, 37.632126], [127.058869, 37.633669], [127.058882, 37.633919]], [[127.058882, 37.633919], [127.05889, 37.634112], [127.05888, 37.634219], [127.058875, 37.634269], [127.058858, 37.634375]], [[127.058858, 37.634375], [127.058817, 37.634638], [127.058776, 37.634931], [127.058716, 37.635211], [127.058622, 37.63553], [127.058529, 37.635779], [127.058464, 37.635945], [127.058411, 37.636052], [127.05834, 37.636194], [127.058274, 37.636316], [127.058212, 37.636432], [127.058115, 37.636611], [127.058001, 37.636769]], [[127.058001, 37.636769], [127.057606, 37.637257], [127.057126, 37.637741], [127.056641, 37.638156]], [[127.056641, 37.638156], [127.056246, 37.638473], [127.056041, 37.638642], [127.05561, 37.638974], [127.054904, 37.639555], [127.054803, 37.639636], [127.054543, 37.639854], [127.054125, 37.640252]], [[127.054125, 37.640252], [127.053866, 37.640504], [127.053642, 37.640729], [127.0535, 37.640877], [127.053345, 37.641052], [127.053158, 37.641283], [127.052948, 37.641543], [127.052757, 37.641778], [127.052543, 37.642105]], [[127.052543, 37.642105], [127.05244, 37.642267], [127.05234, 37.642434], [127.052272, 37.642561], [127.052165, 37.642781], [127.051886, 37.643406], [127.051836, 37.643523]], [[127.051836, 37.643523], [127.051775, 37.643673]], [[127.051775, 37.643673], [127.05111, 37.645229], [127.050967, 37.645566]], [[127.050967, 37.645566], [127.050908, 37.645699]], [[127.050908, 37.645699], [127.050688, 37.64622], [127.049866, 37.648175], [127.049484, 37.649066], [127.049033, 37.650057]], [[127.048454, 37.651416], [127.048594, 37.651064], [127.048676, 37.650886], [127.048865, 37.650432], [127.049033, 37.650057]], [[127.047621, 37.653305], [127.048048, 37.652331], [127.048124, 37.652162], [127.048221, 37.651936], [127.048454, 37.651416]], [[127.046425, 37.656153], [127.046589, 37.655751], [127.046713, 37.655456], [127.046875, 37.655093], [127.047266, 37.654123], [127.047621, 37.653305]], [[127.046425, 37.656153], [127.046274, 37.656524], [127.046028, 37.65714], [127.045947, 37.657311], [127.045853, 37.657524], [127.045726, 37.657812], [127.045606, 37.658092], [127.045393, 37.658597], [127.045308, 37.658847], [127.045168, 37.659266], [127.045123, 37.659428], [127.045034, 37.659767], [127.044876, 37.660457], [127.044827, 37.660767], [127.044799, 37.66106], [127.044764, 37.661564], [127.044732, 37.661897], [127.044721, 37.66207]], [[127.044721, 37.66207], [127.044702, 37.662241]], [[127.044702, 37.662241], [127.044547, 37.664063], [127.044432, 37.665872], [127.044419, 37.666027]], [[127.044419, 37.666027], [127.044413, 37.666085]], [[127.044413, 37.666085], [127.044214, 37.668439], [127.044197, 37.668641], [127.044172, 37.668895]], [[127.044172, 37.668895], [127.044117, 37.66946]], [[127.044117, 37.66946], [127.044103, 37.669703]], [[127.044103, 37.669703], [127.044104, 37.669781], [127.044104, 37.670144], [127.04412, 37.670539], [127.044166, 37.671144]], [[127.044166, 37.671144], [127.044256, 37.671832], [127.044366, 37.672513], [127.045265, 37.677771], [127.045306, 37.677997]], [[127.045306, 37.677997], [127.045516, 37.679107], [127.045637, 37.679855], [127.045734, 37.680451]], [[127.045734, 37.680451], [127.046228, 37.683301], [127.04628, 37.683643], [127.046317, 37.68404], [127.046346, 37.684323], [127.046354, 37.685091], [127.046332, 37.685676]], [[127.046332, 37.685676], [127.04632, 37.685816], [127.046312, 37.685921], [127.046274, 37.686265], [127.046209, 37.687016], [127.046189, 37.687308]], [[127.046189, 37.687308], [127.046173, 37.688323], [127.046154, 37.688564]], [[127.046154, 37.688564], [127.046141, 37.688766], [127.046114, 37.689076]], [[127.046114, 37.689076], [127.046069, 37.689652], [127.045997, 37.690471], [127.045951, 37.690985], [127.045823, 37.692367], [127.045737, 37.693359]], [[127.045737, 37.693359], [127.045697, 37.694028], [127.045672, 37.694443], [127.045589, 37.695288], [127.045568, 37.695652], [127.045562, 37.696022], [127.045586, 37.696435]], [[127.045586, 37.696435], [127.045611, 37.696673]], [[127.045611, 37.696673], [127.045648, 37.696985], [127.04574, 37.697485], [127.046002, 37.698825], [127.046196, 37.699735]], [[127.046196, 37.699735], [127.046762, 37.70261]], [[127.046762, 37.70261], [127.047635, 37.706604]], [[127.047635, 37.706604], [127.047693, 37.707026], [127.047726, 37.707523], [127.047717, 37.708008], [127.047684, 37.7085], [127.047654, 37.708784], [127.04762, 37.708993]], [[127.04762, 37.708993], [127.047543, 37.70939], [127.047386, 37.7102], [127.047187, 37.711224], [127.047153, 37.711403], [127.047125, 37.711547]], [[127.047125, 37.711547], [127.04678, 37.713389]], [[127.04678, 37.713389], [127.046588, 37.71451]], [[127.046588, 37.71451], [127.04653, 37.714845], [127.046517, 37.714925]], [[127.046517, 37.714925], [127.046466, 37.715244], [127.046402, 37.715676], [127.046383, 37.715912], [127.046375, 37.716139], [127.046372, 37.716944], [127.04638, 37.717256], [127.046394, 37.717525], [127.046427, 37.717829], [127.046432, 37.71787], [127.04646, 37.718097], [127.046543, 37.718693], [127.04685, 37.720769]], [[127.04685, 37.720769], [127.046857, 37.720816]], [[127.046857, 37.720816], [127.046976, 37.72162], [127.047046, 37.722116], [127.04714, 37.722831], [127.047231, 37.723742], [127.047247, 37.724], [127.047256, 37.724162], [127.04726, 37.724246]], [[127.04726, 37.724246], [127.047272, 37.724457]], [[127.047272, 37.724457], [127.047281, 37.724627], [127.047287, 37.72473], [127.047293, 37.72487]], [[127.047293, 37.72487], [127.047311, 37.725435], [127.047321, 37.725623], [127.047321, 37.725884]], [[127.047321, 37.725884], [127.047328, 37.726003], [127.04732, 37.726585], [127.047278, 37.727463], [127.047236, 37.728123], [127.047212, 37.72849], [127.047203, 37.728631], [127.047191, 37.728759], [127.047178, 37.728895], [127.047165, 37.729026]], [[127.047165, 37.729026], [127.047162, 37.729062], [127.047144, 37.72926], [127.047131, 37.729399], [127.047117, 37.729552]], [[127.047117, 37.729552], [127.047091, 37.729755], [127.046997, 37.730497]], [[127.046997, 37.730497], [127.046968, 37.730728], [127.046829, 37.73184], [127.046757, 37.732421], [127.04674, 37.732539]], [[127.04674, 37.732539], [127.046696, 37.732897]], [[127.046696, 37.732897], [127.046681, 37.733008], [127.046652, 37.733232]], [[127.046652, 37.733232], [127.046644, 37.733282]], [[127.046644, 37.733282], [127.046622, 37.733421]], [[127.046622, 37.733421], [127.046524, 37.73427]], [[127.046524, 37.73427], [127.046252, 37.736401]], [[127.046252, 37.736401], [127.046242, 37.736473], [127.046107, 37.737498], [127.045943, 37.738839]], [[127.045943, 37.738839], [127.045928, 37.738954]], [[127.045928, 37.738954], [127.045927, 37.738985], [127.045906, 37.739486]], [[127.045906, 37.739486], [127.045895, 37.739806], [127.045876, 37.740042], [127.045853, 37.740266]], [[127.045853, 37.740266], [127.045794, 37.740712]], [[127.045794, 37.740712], [127.045767, 37.740909]], [[127.045767, 37.740909], [127.045393, 37.743775]], [[127.045393, 37.743775], [127.045161, 37.745547], [127.045051, 37.746181], [127.044986, 37.74649], [127.044937, 37.746725], [127.044841, 37.747056], [127.044713, 37.747473]], [[127.044713, 37.747473], [127.044544, 37.747977], [127.044221, 37.748857], [127.04411, 37.7491], [127.044061, 37.74922], [127.044022, 37.749308]], [[127.044022, 37.749308], [127.04397, 37.749433], [127.043902, 37.749588], [127.043807, 37.749806], [127.043716, 37.750011], [127.043569, 37.750346], [127.043409, 37.75071], [127.043394, 37.750746], [127.043321, 37.75092], [127.04317, 37.751279], [127.043152, 37.751321], [127.042779, 37.752208], [127.042648, 37.752537], [127.042448, 37.753095], [127.042286, 37.753766], [127.042227, 37.754216], [127.042193, 37.754684], [127.042232, 37.757643], [127.042273, 37.758438]], [[127.042273, 37.758438], [127.042273, 37.758455], [127.04234, 37.760297], [127.042342, 37.760359]], [[127.042342, 37.760359], [127.042343, 37.760368], [127.042369, 37.760565], [127.042399, 37.76084], [127.042439, 37.761093], [127.042499, 37.761416], [127.042576, 37.761774], [127.042649, 37.762062], [127.043109, 37.763569], [127.043969, 37.766321], [127.044056, 37.766628], [127.044115, 37.766921], [127.044155, 37.767142], [127.044195, 37.767427], [127.044234, 37.767723], [127.044263, 37.768009], [127.044281, 37.768248], [127.044359, 37.769254]], [[127.044359, 37.769254], [127.044398, 37.76986], [127.044416, 37.770139]], [[127.044416, 37.770139], [127.044461, 37.770616], [127.044466, 37.770667], [127.044498, 37.771003]], [[127.044498, 37.771003], [127.044592, 37.772543], [127.044645, 37.773252]], [[127.044645, 37.773252], [127.044792, 37.774958], [127.044809, 37.775137]], [[127.044809, 37.775137], [127.044818, 37.775242], [127.044871, 37.775847], [127.044881, 37.776002], [127.044904, 37.776623]], [[127.044904, 37.776623], [127.044919, 37.77681], [127.044961, 37.777344], [127.044963, 37.77737], [127.044991, 37.777668], [127.045024, 37.777946], [127.045071, 37.778308], [127.045129, 37.778652], [127.04519, 37.778893], [127.045295, 37.77922], [127.045395, 37.779486], [127.045501, 37.779706], [127.045623, 37.779929]], [[127.045623, 37.779929], [127.045837, 37.780258], [127.046186, 37.780715], [127.046512, 37.781065], [127.046764, 37.781311], [127.048334, 37.78276], [127.049143, 37.783507], [127.049375, 37.783735], [127.049545, 37.783917], [127.04973, 37.784127], [127.049859, 37.784296], [127.049985, 37.784471], [127.050094, 37.78464], [127.050216, 37.784842], [127.050337, 37.785078], [127.050454, 37.785331], [127.050549, 37.785595], [127.050606, 37.785772], [127.050663, 37.785983], [127.0507, 37.786155], [127.050727, 37.786291], [127.050753, 37.786445]], [[127.050753, 37.786445], [127.050846, 37.787012], [127.05094, 37.7876], [127.050969, 37.787775], [127.051088, 37.788604], [127.051123, 37.788946], [127.051141, 37.78926], [127.051141, 37.78956], [127.051119, 37.78985], [127.051083, 37.790134], [127.051021, 37.790466], [127.050949, 37.790771], [127.050872, 37.791061], [127.050353, 37.792841], [127.050151, 37.793581], [127.050009, 37.794157], [127.049886, 37.79459], [127.049824, 37.794793], [127.049706, 37.795181], [127.049494, 37.795885], [127.049377, 37.796307], [127.049288, 37.796694], [127.049212, 37.797063], [127.049165, 37.79741], [127.049131, 37.7978], [127.049131, 37.798123], [127.049152, 37.798416], [127.049192, 37.798737], [127.049253, 37.799074], [127.04933, 37.799371], [127.049426, 37.799673], [127.049968, 37.801328], [127.050139, 37.801848], [127.050196, 37.802022]], [[127.050196, 37.802022], [127.050398, 37.802658], [127.050497, 37.802995], [127.050564, 37.803292], [127.050634, 37.803703], [127.050679, 37.804019], [127.050706, 37.804298], [127.050714, 37.804722], [127.050706, 37.805064], [127.050685, 37.805352], [127.050644, 37.80565], [127.050567, 37.806107], [127.050332, 37.807324], [127.050274, 37.80763], [127.050239, 37.807845], [127.050211, 37.808093], [127.050198, 37.80826], [127.050184, 37.808501], [127.050194, 37.808802], [127.050217, 37.809114], [127.050253, 37.809421], [127.050398, 37.809944], [127.050684, 37.81062], [127.051017, 37.811207], [127.051658, 37.811943], [127.054549, 37.814861], [127.055073, 37.815542], [127.055434, 37.816054], [127.05584, 37.816816], [127.056249, 37.817675], [127.05633, 37.817863]], [[127.05633, 37.817863], [127.057001, 37.819569], [127.057054, 37.819714]], [[127.057054, 37.819714], [127.057127, 37.8199], [127.057193, 37.820067], [127.057826, 37.821582], [127.058363, 37.822857], [127.058514, 37.823217], [127.058768, 37.823691], [127.059197, 37.824362], [127.05988, 37.825244], [127.061525, 37.827123], [127.06202, 37.827835], [127.062331, 37.828408], [127.062566, 37.828979], [127.062776, 37.829717], [127.062884, 37.830511], [127.062896, 37.83125], [127.06275, 37.832609], [127.062502, 37.834921], [127.062254, 37.836888], [127.062193, 37.837367]], [[127.062193, 37.837367], [127.061995, 37.838936], [127.061966, 37.839171], [127.061942, 37.839414]], [[127.061942, 37.839414], [127.061458, 37.844009], [127.061448, 37.844106], [127.06124, 37.845759]], [[127.06124, 37.845759], [127.061185, 37.84626], [127.061114, 37.84687], [127.060849, 37.849151], [127.060667, 37.850637], [127.060593, 37.852277]], [[127.060593, 37.852277], [127.060606, 37.853268], [127.060745, 37.856981], [127.060957, 37.861582], [127.061153, 37.864813], [127.061242, 37.866361], [127.061248, 37.867381], [127.061223, 37.867759], [127.061108, 37.868317], [127.060808, 37.869295], [127.060374, 37.870458]], [[127.060374, 37.870458], [127.059182, 37.873613], [127.05896, 37.874196], [127.058301, 37.87533]], [[127.058301, 37.87533], [127.058117, 37.875627], [127.058064, 37.875699], [127.056356, 37.878026], [127.055782, 37.878912], [127.055425, 37.879708], [127.05527, 37.880153], [127.055167, 37.880598], [127.055067, 37.881094], [127.055049, 37.88147], [127.055046, 37.882247], [127.055049, 37.882418], [127.055362, 37.886702], [127.055581, 37.889724]], [[127.055581, 37.889724], [127.055653, 37.890675], [127.055732, 37.891736], [127.055853, 37.893177], [127.055874, 37.893442], [127.055961, 37.894573]], [[127.055961, 37.894573], [127.055989, 37.894915], [127.056006, 37.89511], [127.056023, 37.895319], [127.05611, 37.896462], [127.056258, 37.89848], [127.056299, 37.899205]], [[127.056299, 37.899205], [127.05635, 37.899826], [127.056506, 37.90173], [127.05656, 37.902599], [127.056584, 37.903109], [127.056669, 37.904063]], [[127.056669, 37.904063], [127.056686, 37.90425], [127.056735, 37.904801], [127.057212, 37.911484], [127.057286, 37.912514], [127.057278, 37.913641], [127.057191, 37.914473], [127.057116, 37.914935], [127.057043, 37.915322], [127.056517, 37.918235], [127.055962, 37.92136], [127.055795, 37.922325]], [[127.055795, 37.922325], [127.055577, 37.923429], [127.055483, 37.923902], [127.055459, 37.924024]], [[127.055459, 37.924024], [127.05541, 37.924315]], [[127.05541, 37.924315], [127.055335, 37.924713], [127.055138, 37.925784], [127.054973, 37.926685], [127.054635, 37.92844], [127.054581, 37.928819], [127.054467, 37.929599], [127.054283, 37.930554]], [[127.054283, 37.930554], [127.054242, 37.930785], [127.054197, 37.931041]], [[127.054197, 37.931041], [127.054153, 37.931268], [127.05407, 37.931702]], [[127.058907, 37.944047], [127.059275, 37.944483], [127.059402, 37.944654], [127.059843, 37.945184], [127.060123, 37.945568], [127.060191, 37.945701], [127.060195, 37.945708], [127.060387, 37.946212]], [[127.060387, 37.946212], [127.060539, 37.946572], [127.060656, 37.946975], [127.060694, 37.947185], [127.060705, 37.947266], [127.060721, 37.947383], [127.060747, 37.947547], [127.06079, 37.947977], [127.060901, 37.948867]], [[127.06243, 37.622123], [127.062263, 37.622502], [127.062121, 37.62282], [127.062082, 37.622907], [127.061717, 37.623744]], [[127.06243, 37.622123], [127.06254, 37.621921], [127.062639, 37.621745], [127.062689, 37.62166], [127.062757, 37.621545], [127.062852, 37.621385], [127.063001, 37.621108]], [[126.884595, 37.505044], [126.884182, 37.504852], [126.883807, 37.504654], [126.883494, 37.504456], [126.883239, 37.50428], [126.88279, 37.503933], [126.882418, 37.503601], [126.881417, 37.502705], [126.881206, 37.502516], [126.880312, 37.501769]], [[126.880312, 37.501769], [126.879396, 37.500984], [126.879198, 37.500794], [126.878997, 37.500568], [126.878834, 37.500315], [126.878717, 37.50008], [126.878623, 37.499846], [126.878555, 37.499605], [126.878512, 37.499347], [126.878509, 37.499146], [126.878532, 37.498891], [126.878569, 37.498653], [126.878681, 37.498269], [126.879071, 37.497231], [126.879388, 37.496414], [126.879545, 37.495949], [126.879663, 37.495527], [126.879727, 37.495117], [126.87978, 37.494527], [126.879982, 37.491516]], [[126.879982, 37.491516], [126.880052, 37.490239]], [[126.880052, 37.490239], [126.880081, 37.489719], [126.880149, 37.488363], [126.880208, 37.487633], [126.8803, 37.487184], [126.880449, 37.486734], [126.88073, 37.486052], [126.881231, 37.484903], [126.882275, 37.482596], [126.883021, 37.480905]], [[126.883021, 37.480905], [126.883142, 37.480632], [126.88379, 37.479105], [126.887176, 37.471493], [126.889167, 37.466993], [126.889979, 37.465173], [126.89103, 37.462744], [126.891991, 37.460474], [126.892548, 37.459141], [126.892635, 37.458906], [126.892723, 37.458745], [126.892783, 37.458611], [126.893195, 37.457688], [126.893737, 37.45656], [126.894538, 37.454749], [126.894548, 37.454727], [126.894559, 37.454701], [126.894641, 37.45449]], [[126.894641, 37.45449], [126.895038, 37.453575], [126.895271, 37.453029], [126.895718, 37.45202], [126.896126, 37.451041], [126.896577, 37.450121], [126.89691, 37.449386], [126.897026, 37.449131], [126.897492, 37.448095], [126.897637, 37.447742], [126.898267, 37.446286], [126.898786, 37.444986], [126.899478, 37.443444], [126.900683, 37.440716], [126.901316, 37.439287], [126.90169, 37.438369], [126.901875, 37.437732], [126.902037, 37.437166], [126.902193, 37.436451], [126.902564, 37.434541], [126.902646, 37.434114], [126.902705, 37.4337], [126.902819, 37.433153], [126.903009, 37.432119], [126.903331, 37.43029], [126.903682, 37.4285], [126.903789, 37.428018], [126.903879, 37.427676], [126.90406, 37.427186], [126.904209, 37.426818], [126.904723, 37.425853], [126.905275, 37.424866], [126.906063, 37.42341], [126.907002, 37.421674], [126.907209, 37.421358], [126.907488, 37.420977], [126.907735, 37.420676], [126.909006, 37.419121], [126.909308, 37.418751], [126.909682, 37.418256], [126.910185, 37.417591], [126.911198, 37.416331]], [[126.911198, 37.416331], [126.91134, 37.416154]], [[126.91134, 37.416154], [126.911406, 37.416072], [126.913673, 37.413293]], [[126.913673, 37.413293], [126.913806, 37.413144]], [[126.913806, 37.413144], [126.913865, 37.413068], [126.915994, 37.410362]], [[126.915994, 37.410362], [126.916732, 37.40944], [126.916851, 37.409291]], [[126.916851, 37.409291], [126.919703, 37.405718], [126.920018, 37.405324], [126.92062, 37.404601], [126.921046, 37.404089], [126.923832, 37.400675], [126.923882, 37.40061], [126.924031, 37.400411], [126.924154, 37.400247], [126.924637, 37.399603], [126.926355, 37.397568], [126.927314, 37.396609], [126.928227, 37.395866], [126.929597, 37.394799], [126.93147, 37.393302], [126.932354, 37.392449], [126.932829, 37.391799], [126.933142, 37.391184], [126.934982, 37.386465], [126.935169, 37.38598], [126.93601, 37.383752], [126.936124, 37.383446], [126.93634, 37.382806], [126.93657, 37.382254], [126.936722, 37.381945], [126.937312, 37.381006], [126.937562, 37.380703], [126.939931, 37.378397], [126.94061, 37.377653], [126.941032, 37.377143], [126.941288, 37.376707], [126.941636, 37.376116], [126.94189, 37.375594], [126.943002, 37.373308], [126.943827, 37.37156], [126.94389, 37.371423], [126.944717, 37.369667], [126.945669, 37.367712], [126.946452, 37.366055], [126.946635, 37.365654], [126.947294, 37.364232], [126.948102, 37.362501], [126.94842, 37.361777], [126.948573, 37.361248], [126.948673, 37.360715], [126.948698, 37.360389], [126.948645, 37.357713], [126.948648, 37.356611], [126.948651, 37.355163], [126.948599, 37.353428], [126.948587, 37.353103], [126.948512, 37.351166], [126.948504, 37.350971], [126.948484, 37.348741], [126.948464, 37.346015], [126.948452, 37.344347], [126.948439, 37.342446], [126.948442, 37.342345], [126.948431, 37.341615], [126.948441, 37.33986], [126.948431, 37.337843], [126.948404, 37.336157], [126.948346, 37.333984], [126.948155, 37.329747], [126.948085, 37.328329], [126.947975, 37.326006], [126.947941, 37.324724], [126.947982, 37.323785], [126.948161, 37.321513], [126.948285, 37.319397], [126.948293, 37.319263], [126.948383, 37.317716], [126.948471, 37.31633], [126.948532, 37.315888], [126.948644, 37.31555], [126.948751, 37.315228], [126.948933, 37.314822], [126.949346, 37.314129], [126.950729, 37.311974], [126.950934, 37.311654], [126.951163, 37.311298], [126.952388, 37.30937], [126.953059, 37.308389], [126.95381, 37.307565], [126.961025, 37.302326], [126.961871, 37.301875], [126.962819, 37.301472], [126.963681, 37.301254], [126.96682, 37.300876], [126.969668, 37.30059], [126.972123, 37.300313], [126.972992, 37.30019], [126.973533, 37.300118], [126.974353, 37.299993], [126.975212, 37.299793], [126.975961, 37.299532], [126.97657, 37.299264], [126.977179, 37.29892], [126.977658, 37.298594], [126.977958, 37.298318], [126.978308, 37.297999], [126.979229, 37.29694], [126.980531, 37.295483], [126.981368, 37.294551], [126.981993, 37.293826], [126.98351, 37.29214], [126.985006, 37.290481], [126.985807, 37.289648], [126.986103, 37.289291]], [[126.986469, 37.288877], [126.986103, 37.289291]], [[126.986469, 37.288877], [126.987004, 37.288238], [126.987405, 37.287759], [126.987804, 37.287223], [126.98854, 37.28608], [126.989118, 37.285073], [126.990098, 37.283344], [126.992482, 37.279132], [126.993225, 37.277834], [126.994797, 37.275106], [126.995514, 37.2739], [126.995772, 37.273431], [126.996526, 37.272055], [126.996812, 37.271511], [126.996908, 37.271329], [126.997284, 37.270667], [126.997389, 37.27047], [126.997604, 37.270085], [126.997923, 37.269554], [126.998391, 37.268918], [126.998626, 37.268577], [126.999223, 37.267721], [127.000598, 37.265366], [127.001585, 37.263684], [127.002216, 37.262557], [127.002739, 37.261477], [127.002922, 37.2611], [127.003014, 37.260937], [127.003142, 37.260708], [127.003265, 37.260493], [127.003699, 37.259746], [127.003919, 37.259353], [127.004785, 37.257885]], [[127.004785, 37.257885], [127.005544, 37.25661], [127.006133, 37.255622], [127.006397, 37.255228], [127.006578, 37.254986], [127.009077, 37.252147]], [[127.009077, 37.252147], [127.009122, 37.252097], [127.009561, 37.251608]], [[127.009561, 37.251608], [127.010066, 37.251023], [127.010606, 37.250247], [127.01094, 37.249626], [127.012109, 37.247398], [127.012564, 37.24651], [127.013318, 37.24511], [127.014239, 37.243313], [127.014303, 37.243184], [127.015817, 37.24025], [127.018929, 37.234301]], [[127.018929, 37.234301], [127.01907, 37.234026], [127.019112, 37.233944]], [[127.019112, 37.233944], [127.02044, 37.231408], [127.023042, 37.22644]], [[127.023042, 37.22644], [127.023224, 37.226092]], [[127.023224, 37.226092], [127.023618, 37.225336]], [[127.023618, 37.225336], [127.023692, 37.225195]], [[127.023692, 37.225195], [127.025077, 37.222538], [127.026145, 37.220464], [127.026281, 37.220199]], [[127.026281, 37.220199], [127.02659, 37.219634]], [[127.02659, 37.219634], [127.0284, 37.216105], [127.029601, 37.213799], [127.030085, 37.212863], [127.030696, 37.211684], [127.030907, 37.211279], [127.031029, 37.211046]], [[127.031029, 37.211046], [127.031232, 37.210736], [127.031737, 37.209753], [127.032177, 37.208954], [127.032641, 37.208128], [127.032924, 37.207627], [127.033507, 37.206516]], [[127.033507, 37.206516], [127.033549, 37.206436], [127.033842, 37.205876], [127.034165, 37.205164]], [[127.034165, 37.205164], [127.034387, 37.204594]], [[127.034387, 37.204594], [127.034565, 37.204225], [127.035005, 37.20337], [127.035064, 37.203254], [127.036351, 37.200795]], [[127.036351, 37.200795], [127.037152, 37.199249], [127.037604, 37.198405], [127.03784, 37.197962], [127.037957, 37.197747], [127.038069, 37.197527], [127.040702, 37.192498], [127.04106, 37.191842], [127.041422, 37.191191], [127.041598, 37.190844], [127.041749, 37.190522], [127.042054, 37.189944], [127.042695, 37.188617], [127.042864, 37.188267]], [[127.042864, 37.188267], [127.042987, 37.188032], [127.043344, 37.187407], [127.043484, 37.18717], [127.043843, 37.186641], [127.043966, 37.186468], [127.044098, 37.18629], [127.044272, 37.186084], [127.044813, 37.185533], [127.045073, 37.185254], [127.045284, 37.185044], [127.045576, 37.184765], [127.045886, 37.184499], [127.046458, 37.183989], [127.046746, 37.183772], [127.047038, 37.183584], [127.047647, 37.183194], [127.048268, 37.182775], [127.048873, 37.182436], [127.051277, 37.180904], [127.055094, 37.178464]], [[127.055094, 37.178464], [127.055161, 37.178421], [127.056028, 37.177863], [127.057036, 37.177205], [127.058024, 37.176591], [127.059089, 37.175832], [127.059316, 37.175654], [127.059894, 37.1752], [127.060448, 37.174656], [127.060912, 37.174085], [127.061358, 37.173519], [127.062147, 37.172341], [127.062224, 37.172174]], [[127.062224, 37.172174], [127.0626, 37.17135], [127.062917, 37.170358], [127.063337, 37.168728], [127.063465, 37.168191]], [[127.063465, 37.168191], [127.063511, 37.168003]], [[127.063511, 37.168003], [127.063784, 37.16691], [127.063996, 37.165891], [127.064279, 37.164849], [127.064914, 37.1623], [127.065536, 37.159756], [127.066625, 37.155378]], [[127.066625, 37.155378], [127.06694, 37.154111], [127.067024, 37.153723]], [[127.067024, 37.153723], [127.067208, 37.15287], [127.067405, 37.151861], [127.067429, 37.151618], [127.06746, 37.151108], [127.06744, 37.150603], [127.067339, 37.149586], [127.067131, 37.148038], [127.067008, 37.147058], [127.066977, 37.14658], [127.066667, 37.143872], [127.066625, 37.143497], [127.06658, 37.143152], [127.066487, 37.142527], [127.066331, 37.141334], [127.066221, 37.140529], [127.066132, 37.139844], [127.066092, 37.139526], [127.065995, 37.138743], [127.065951, 37.138364], [127.065931, 37.138193]], [[127.065931, 37.138193], [127.06588, 37.137776], [127.065716, 37.136602], [127.065462, 37.134263], [127.065287, 37.133], [127.065136, 37.131749], [127.064963, 37.130487], [127.064824, 37.129226], [127.064223, 37.1242], [127.064169, 37.123578], [127.0641, 37.122968], [127.064094, 37.122913]], [[127.064094, 37.122913], [127.06407, 37.122709], [127.064058, 37.12261]], [[127.064058, 37.12261], [127.063963, 37.121811], [127.063662, 37.1195], [127.063075, 37.114866], [127.063045, 37.114567], [127.062902, 37.113359], [127.062718, 37.111908], [127.062388, 37.109307], [127.06235, 37.109013], [127.06217, 37.107538], [127.062088, 37.106864], [127.062008, 37.10618], [127.061815, 37.104727], [127.061789, 37.104533], [127.061777, 37.104441]], [[127.061777, 37.104441], [127.061738, 37.104149]], [[127.061738, 37.104149], [127.061615, 37.103257], [127.061561, 37.102615], [127.061477, 37.102037]], [[127.061477, 37.102037], [127.061407, 37.1014], [127.061272, 37.100454]], [[127.061272, 37.100454], [127.061201, 37.099708], [127.061154, 37.099115], [127.06107, 37.098579], [127.060954, 37.097655], [127.060912, 37.097378]], [[127.060912, 37.097378], [127.060878, 37.097113]], [[127.060878, 37.097113], [127.060849, 37.096746], [127.060735, 37.096063], [127.060598, 37.09543], [127.060488, 37.09508], [127.060346, 37.094727], [127.060085, 37.094086], [127.059342, 37.092304], [127.059056, 37.091739], [127.058983, 37.091568]], [[127.058983, 37.091568], [127.058794, 37.091068]], [[127.058794, 37.091068], [127.058582, 37.090521], [127.057828, 37.088707], [127.057546, 37.088112]], [[127.057546, 37.088112], [127.057274, 37.087475]], [[127.057274, 37.087475], [127.057012, 37.086905], [127.056597, 37.086011], [127.056357, 37.085373], [127.055327, 37.082878], [127.054928, 37.081949], [127.054599, 37.081125], [127.054374, 37.080251], [127.054274, 37.079571], [127.054241, 37.078917], [127.054253, 37.0782], [127.054293, 37.077617], [127.054353, 37.076412], [127.054421, 37.075606], [127.054463, 37.075104], [127.054529, 37.074463], [127.054577, 37.073844], [127.054609, 37.073529], [127.054677, 37.072275], [127.054616, 37.071265], [127.05444, 37.069807], [127.054359, 37.069125], [127.054292, 37.068491], [127.054027, 37.06632], [127.053833, 37.064116], [127.053617, 37.06233], [127.053583, 37.061981], [127.053387, 37.06024], [127.053361, 37.060045], [127.053204, 37.058479], [127.053122, 37.057518], [127.052897, 37.055678], [127.052785, 37.054825], [127.05264, 37.053612], [127.05237, 37.051195], [127.052362, 37.050739], [127.052386, 37.05017], [127.052529, 37.049439], [127.052757, 37.048751], [127.053025, 37.048185], [127.053275, 37.047784], [127.053539, 37.047405], [127.053784, 37.047113], [127.054045, 37.04685], [127.054323, 37.04658], [127.054604, 37.046336], [127.0551, 37.045964], [127.058445, 37.043813], [127.061802, 37.041686], [127.06304, 37.04091], [127.064843, 37.039794], [127.065694, 37.039238], [127.066228, 37.038825], [127.066529, 37.038566], [127.066831, 37.038282], [127.067114, 37.037981], [127.067358, 37.037686], [127.067597, 37.037379], [127.067827, 37.03704], [127.068013, 37.036713], [127.068192, 37.036372], [127.068352, 37.036006], [127.068479, 37.035672], [127.068594, 37.035307], [127.068688, 37.034918], [127.068788, 37.034335], [127.068917, 37.033161], [127.069221, 37.030285], [127.069263, 37.029975]], [[127.069263, 37.029975], [127.069288, 37.02974], [127.069301, 37.029615]], [[127.069301, 37.029615], [127.069624, 37.026921], [127.069853, 37.024843]], [[127.069853, 37.024843], [127.069884, 37.024598]], [[127.069884, 37.024598], [127.070101, 37.022547], [127.070349, 37.02037], [127.070582, 37.018201], [127.070631, 37.017855], [127.070668, 37.01752], [127.070909, 37.015397]], [[127.070909, 37.015397], [127.07092, 37.015303]], [[127.07092, 37.015303], [127.070926, 37.015255], [127.071178, 37.013064], [127.071422, 37.010804], [127.071708, 37.008547], [127.071839, 37.007363], [127.071993, 37.006178], [127.072091, 37.005648], [127.072167, 37.005395], [127.072282, 37.005099], [127.07237, 37.004908], [127.072473, 37.004685], [127.072684, 37.004305], [127.073134, 37.003705], [127.075285, 37.001407], [127.077504, 36.999105], [127.078575, 36.998009]], [[127.078575, 36.998009], [127.07905, 36.997506], [127.079619, 36.996904]], [[127.079619, 36.996904], [127.080601, 36.995856], [127.080755, 36.995695]], [[127.080755, 36.995695], [127.081161, 36.995272]], [[127.081161, 36.995272], [127.082714, 36.993652]], [[127.082714, 36.993652], [127.083203, 36.993142]], [[127.083203, 36.993142], [127.083795, 36.992525], [127.084558, 36.991785], [127.086371, 36.989915], [127.086555, 36.989725]], [[127.086555, 36.989725], [127.087027, 36.989241], [127.087504, 36.988722], [127.087904, 36.988287], [127.08858, 36.987532], [127.090603, 36.98541], [127.091096, 36.984893], [127.091445, 36.984527], [127.091964, 36.983985], [127.092691, 36.983225]], [[127.092691, 36.983225], [127.092811, 36.983099], [127.093063, 36.982831]], [[127.093063, 36.982831], [127.093098, 36.982795], [127.093909, 36.981955]], [[127.093909, 36.981955], [127.094026, 36.981831], [127.094039, 36.981817], [127.094139, 36.981711]], [[127.094139, 36.981711], [127.094222, 36.98162], [127.09467, 36.981124], [127.097424, 36.978284], [127.098662, 36.977007], [127.099126, 36.976519]], [[127.099126, 36.976519], [127.099463, 36.976163]], [[127.099463, 36.976163], [127.099973, 36.975625], [127.102349, 36.973229], [127.103712, 36.97179], [127.104877, 36.970564], [127.105342, 36.970082], [127.105936, 36.969473]], [[127.105936, 36.969473], [127.107692, 36.96753], [127.108912, 36.966348]], [[127.108912, 36.966348], [127.10915, 36.966099], [127.109553, 36.965697], [127.109893, 36.965333], [127.1105, 36.964696], [127.111193, 36.963955], [127.111619, 36.963504], [127.111944, 36.963178], [127.112339, 36.962758], [127.113317, 36.961717], [127.114213, 36.960695], [127.116113, 36.958732], [127.118529, 36.956174]], [[127.119499, 36.955173], [127.119392, 36.955284], [127.118751, 36.955945], [127.118529, 36.956174]], [[127.119499, 36.955173], [127.121493, 36.95311], [127.121912, 36.952668], [127.122347, 36.952169], [127.123131, 36.951264], [127.123702, 36.950381], [127.123932, 36.949938], [127.124134, 36.94951], [127.124338, 36.948923], [127.124504, 36.948343], [127.124593, 36.947878], [127.124643, 36.947505], [127.124727, 36.946634], [127.124795, 36.945727], [127.124841, 36.945212], [127.124916, 36.944145], [127.124985, 36.943017], [127.125157, 36.940839], [127.125241, 36.939818], [127.125348, 36.938055], [127.125406, 36.937394]], [[127.125406, 36.937394], [127.125419, 36.937246]], [[127.125419, 36.937246], [127.125535, 36.935918], [127.125581, 36.934719], [127.125765, 36.932295], [127.126019, 36.928679], [127.126086, 36.927803]], [[127.126086, 36.927803], [127.126122, 36.927149]], [[127.126122, 36.927149], [127.12624, 36.925322], [127.126307, 36.924377], [127.126386, 36.923493], [127.126549, 36.921653], [127.126693, 36.919742], [127.126705, 36.919577], [127.126751, 36.918836], [127.126918, 36.917289], [127.127057, 36.915378], [127.12707, 36.915203], [127.127142, 36.914181], [127.127242, 36.91209], [127.127287, 36.911554], [127.12732, 36.911113], [127.127329, 36.910931], [127.127431, 36.909504]], [[127.127431, 36.909504], [127.127437, 36.909409]], [[127.127437, 36.909409], [127.127518, 36.908307], [127.127591, 36.90709], [127.127672, 36.906205], [127.127725, 36.905857], [127.127795, 36.905512], [127.127934, 36.904958], [127.128126, 36.904391], [127.128327, 36.903917], [127.128634, 36.903242], [127.128932, 36.902614], [127.129346, 36.901752], [127.129738, 36.900897], [127.130033, 36.900284], [127.130622, 36.899102], [127.130934, 36.898474], [127.131188, 36.897911], [127.131708, 36.896778], [127.132292, 36.895581], [127.132932, 36.894219]], [[127.132932, 36.894219], [127.134538, 36.8908]], [[127.134538, 36.8908], [127.135639, 36.888449], [127.135829, 36.888041], [127.136234, 36.887177], [127.137405, 36.884666], [127.13854, 36.882276], [127.139635, 36.87993], [127.140776, 36.877614], [127.141049, 36.877027]], [[127.146898, 36.863167], [127.146868, 36.863616], [127.146867, 36.863629], [127.14683, 36.863875], [127.146763, 36.86433], [127.146642, 36.864859], [127.146518, 36.865301], [127.146373, 36.865762], [127.146145, 36.866315], [127.14595, 36.866778], [127.145539, 36.867628], [127.145377, 36.867974], [127.14525, 36.868242], [127.144768, 36.869262], [127.1447, 36.869405], [127.144403, 36.870028], [127.144326, 36.870191], [127.143628, 36.871682], [127.143291, 36.872395], [127.142993, 36.873001], [127.142318, 36.874472], [127.14172, 36.875718], [127.141626, 36.875901], [127.141099, 36.87693], [127.141049, 36.877027]], [[127.146904, 36.862466], [127.14691, 36.862771], [127.146909, 36.86281], [127.146898, 36.863167]], [[127.146037, 36.858239], [127.146099, 36.858472], [127.146161, 36.858705], [127.146416, 36.859713], [127.146587, 36.86046], [127.146831, 36.861471], [127.146865, 36.861713], [127.146889, 36.862024], [127.146898, 36.862378], [127.146904, 36.862466]], [[127.145985, 36.858048], [127.146013, 36.858153], [127.146037, 36.858239]], [[127.147009, 36.846204], [127.146868, 36.846807], [127.146633, 36.847946], [127.146405, 36.849074], [127.146312, 36.849551], [127.146138, 36.850394], [127.145986, 36.851119], [127.145776, 36.852145], [127.145658, 36.852629], [127.145548, 36.853291], [127.145497, 36.853566], [127.145456, 36.853954], [127.145435, 36.85427], [127.145427, 36.854568], [127.145424, 36.854768], [127.145427, 36.854988], [127.145423, 36.855258], [127.145449, 36.855503], [127.145494, 36.855786], [127.14554, 36.856044], [127.145592, 36.856333], [127.145741, 36.857033], [127.145913, 36.857763], [127.145985, 36.858048]], [[127.147063, 36.845976], [127.147031, 36.846109], [127.147009, 36.846204]], [[127.147495, 36.844045], [127.147412, 36.844471], [127.14729, 36.844974], [127.147082, 36.845892], [127.147063, 36.845976]], [[127.147525, 36.84389], [127.147511, 36.843962], [127.147495, 36.844045]], [[127.147525, 36.84389], [127.147682, 36.843097], [127.147871, 36.842188], [127.148045, 36.841352], [127.148317, 36.839858]], [[127.148317, 36.839858], [127.148413, 36.839455], [127.148521, 36.839117], [127.148617, 36.838609], [127.148737, 36.838149], [127.148801, 36.837784], [127.148965, 36.836074], [127.149045, 36.835307], [127.149136, 36.834173], [127.149214, 36.833282], [127.149339, 36.83174], [127.149409, 36.830973], [127.149449, 36.830747], [127.149488, 36.830611], [127.149578, 36.830314], [127.149662, 36.830074], [127.149832, 36.829673], [127.1501, 36.829085], [127.150271, 36.828648], [127.150363, 36.828332], [127.150414, 36.827956], [127.150411, 36.82772], [127.150411, 36.827554], [127.150398, 36.82737], [127.150381, 36.827221], [127.150318, 36.826929], [127.150198, 36.826592], [127.149933, 36.825978]], [[127.149933, 36.825978], [127.149691, 36.825411], [127.149254, 36.824435], [127.149073, 36.823976], [127.148988, 36.823648], [127.148949, 36.823445], [127.148921, 36.823289], [127.148903, 36.823156], [127.148883, 36.82299], [127.148845, 36.822655], [127.148799, 36.822188], [127.148776, 36.821951], [127.148741, 36.821601]], [[127.148741, 36.821601], [127.148706, 36.821275], [127.148536, 36.819652], [127.148394, 36.818335], [127.148306, 36.817581], [127.148035, 36.816449], [127.147896, 36.815964]], [[127.147896, 36.815964], [127.147845, 36.815779], [127.147715, 36.815295], [127.147703, 36.815249]], [[127.147703, 36.815249], [127.147691, 36.81521], [127.147678, 36.815164]], [[127.147678, 36.815164], [127.147506, 36.814548]], [[127.147506, 36.814548], [127.147254, 36.813438], [127.147079, 36.812579], [127.146932, 36.811868], [127.146699, 36.810663]], [[127.146699, 36.810663], [127.14653, 36.809765], [127.14642, 36.809158], [127.146391, 36.809011], [127.146363, 36.808574], [127.146233, 36.807958]], [[127.146233, 36.807958], [127.146153, 36.80755], [127.146094, 36.807247]], [[127.146094, 36.807247], [127.146082, 36.807189], [127.145977, 36.806684], [127.145822, 36.806305], [127.145668, 36.806045], [127.145509, 36.805828], [127.145307, 36.805611], [127.145015, 36.805359], [127.144705, 36.805147], [127.144429, 36.805], [127.143965, 36.804804]], [[127.143965, 36.804804], [127.142206, 36.804111], [127.140693, 36.803502], [127.139343, 36.802945], [127.138613, 36.80264], [127.138053, 36.802392]], [[127.138053, 36.802392], [127.137298, 36.80203], [127.135265, 36.800947], [127.134566, 36.800574], [127.133655, 36.800212], [127.132736, 36.799879], [127.131673, 36.799561]], [[127.131673, 36.799561], [127.130876, 36.799319]], [[127.130876, 36.799319], [127.130543, 36.799211], [127.130069, 36.799043], [127.129605, 36.798855]], [[127.129605, 36.798855], [127.129444, 36.798782], [127.129113, 36.798613]], [[127.129113, 36.798613], [127.128983, 36.798541], [127.128283, 36.798117], [127.126941, 36.797028], [127.126332, 36.796525], [127.125635, 36.796019], [127.125012, 36.795646], [127.124187, 36.795208]], [[127.124187, 36.795208], [127.122952, 36.794559], [127.122395, 36.794255], [127.120576, 36.793331], [127.120371, 36.793227], [127.119817, 36.793001], [127.119515, 36.792903], [127.119176, 36.7928], [127.119049, 36.792768], [127.118774, 36.792699], [127.11823, 36.792595], [127.11765, 36.792524], [127.11707, 36.792493], [127.116619, 36.792494]], [[127.116619, 36.792494], [127.116014, 36.792523], [127.115345, 36.792583]], [[127.115345, 36.792583], [127.114974, 36.792618], [127.113626, 36.792745], [127.112392, 36.792793], [127.111535, 36.792827], [127.110552, 36.792817], [127.109386, 36.792769], [127.108319, 36.792677]], [[127.108319, 36.792677], [127.107447, 36.792549]], [[127.099235, 36.79122], [127.099906, 36.791318], [127.100286, 36.791358], [127.100373, 36.791367], [127.10146, 36.791487], [127.101895, 36.791545], [127.102368, 36.791605], [127.102867, 36.791672], [127.103546, 36.791782], [127.105383, 36.792077], [127.106005, 36.792248], [127.106755, 36.792409], [127.107447, 36.792549]], [[127.099235, 36.79122], [127.098455, 36.791081]], [[127.098455, 36.791081], [127.098276, 36.791047]], [[127.098276, 36.791047], [127.097861, 36.790973], [127.097177, 36.79084], [127.096574, 36.790704]], [[127.096574, 36.790704], [127.094677, 36.790404]], [[127.094677, 36.790404], [127.094461, 36.790379], [127.093758, 36.790298], [127.09297, 36.790178], [127.092137, 36.790046]], [[127.092137, 36.790046], [127.091951, 36.790016]], [[127.091951, 36.790016], [127.091165, 36.789895]], [[127.091165, 36.789895], [127.089431, 36.789581], [127.08826, 36.789339], [127.087613, 36.78916], [127.086232, 36.788715], [127.084739, 36.788244], [127.083836, 36.787973], [127.083533, 36.787885], [127.082696, 36.787641], [127.080894, 36.787154], [127.07873, 36.786496], [127.076725, 36.785867], [127.074862, 36.785311], [127.07329, 36.784832], [127.072011, 36.784431], [127.071658, 36.784324], [127.068732, 36.78342], [127.06539, 36.782397], [127.063736, 36.781879], [127.063262, 36.781732], [127.062284, 36.7814], [127.061416, 36.781081], [127.059763, 36.780422], [127.058569, 36.779921], [127.057573, 36.779524]], [[127.057573, 36.779524], [127.057494, 36.779495]], [[127.056984, 36.779256], [127.057494, 36.779495]], [[127.050676, 36.776687], [127.05153, 36.776992], [127.051916, 36.777146], [127.054104, 36.778015], [127.055901, 36.778754], [127.056582, 36.779074], [127.056984, 36.779256]], [[127.050213, 36.776524], [127.050676, 36.776687]], [[127.049845, 36.776393], [127.050213, 36.776524]], [[127.049845, 36.776393], [127.049358, 36.776218]], [[127.049358, 36.776218], [127.049041, 36.776092], [127.048478, 36.775867], [127.048253, 36.775743]], [[127.048253, 36.775743], [127.040817, 36.772719], [127.039653, 36.77224], [127.037943, 36.771552], [127.03685, 36.771178], [127.036389, 36.771067], [127.035749, 36.770939], [127.035116, 36.770859], [127.034503, 36.770807], [127.033581, 36.770803], [127.032998, 36.770834], [127.03243, 36.7709], [127.031852, 36.770989], [127.031369, 36.771085]], [[127.031369, 36.771085], [127.030777, 36.77125], [127.030077, 36.77149], [127.029582, 36.771684], [127.02948, 36.771725]], [[127.02948, 36.771725], [127.029105, 36.771882]], [[127.029105, 36.771882], [127.028007, 36.772348], [127.025273, 36.773683], [127.023473, 36.774617], [127.018739, 36.776924], [127.015389, 36.778557], [127.014782, 36.778793], [127.014343, 36.778938], [127.014194, 36.778983], [127.01382, 36.779065], [127.01337, 36.779154], [127.012108, 36.779307], [127.011227, 36.779402], [127.010713, 36.779458]], [[127.010713, 36.779458], [127.009834, 36.779555], [127.009097, 36.779619], [127.008691, 36.779656], [127.008118, 36.779722], [127.007594, 36.779794], [127.006805, 36.779915], [127.005793, 36.780074]], [[127.005793, 36.780074], [127.005397, 36.780147], [127.004528, 36.780297], [127.002185, 36.780684], [126.999974, 36.78105], [126.999637, 36.781142], [126.999137, 36.7813], [126.998771, 36.78143], [126.997404, 36.782009]], [[126.997404, 36.782009], [126.996511, 36.7824], [126.996173, 36.782551], [126.995908, 36.782659], [126.995524, 36.782802], [126.995399, 36.782851], [126.994925, 36.782989], [126.994399, 36.783101], [126.994101, 36.783156], [126.993734, 36.783212], [126.993462, 36.783234], [126.993161, 36.783264], [126.992859, 36.783277], [126.992529, 36.783283], [126.991848, 36.78331], [126.991507, 36.783328], [126.988071, 36.783477], [126.987606, 36.783492], [126.987022, 36.7835], [126.986618, 36.783496]], [[126.986618, 36.783496], [126.986309, 36.783503], [126.985694, 36.783477], [126.984947, 36.783409], [126.984436, 36.783344], [126.983926, 36.783254]], [[126.983926, 36.783254], [126.983479, 36.783143], [126.983078, 36.783043], [126.982558, 36.782896], [126.981888, 36.782684], [126.981329, 36.782466], [126.980839, 36.78226], [126.980171, 36.78194], [126.979268, 36.781512], [126.978285, 36.781038], [126.977076, 36.780475], [126.975799, 36.779872], [126.975159, 36.779583], [126.974718, 36.779381], [126.974271, 36.779164], [126.973329, 36.778714], [126.972776, 36.778472], [126.971317, 36.777798], [126.969979, 36.777211]], [[126.969979, 36.777211], [126.963673, 36.774264]], [[126.963673, 36.774264], [126.961984, 36.773483], [126.960965, 36.773015], [126.960013, 36.77262], [126.958899, 36.772149]], [[126.958899, 36.772149], [126.957885, 36.771792], [126.957025, 36.771503]], [[126.957025, 36.771503], [126.955108, 36.770892], [126.954685, 36.77075]], [[126.954685, 36.77075], [126.954166, 36.770572], [126.953109, 36.770209], [126.95079, 36.769423]], [[126.95079, 36.769423], [126.950478, 36.769325], [126.950087, 36.769188], [126.947583, 36.768316]], [[126.952931, 36.770197], [126.953089, 36.770247], [126.95343, 36.770365], [126.953924, 36.770537], [126.95467, 36.770795]], [[126.95467, 36.770795], [126.955075, 36.770935], [126.957035, 36.771548]], [[126.957035, 36.771548], [126.958879, 36.772188]], [[126.958879, 36.772188], [126.959982, 36.772666], [126.960938, 36.773058], [126.961965, 36.773526], [126.963638, 36.774295]], [[126.963638, 36.774295], [126.969942, 36.777249]], [[126.969942, 36.777249], [126.971522, 36.777923], [126.973711, 36.778931], [126.977895, 36.780891], [126.980198, 36.782003], [126.981684, 36.78265], [126.982562, 36.782936], [126.983908, 36.783286]], [[126.983908, 36.783286], [126.984493, 36.783374], [126.985027, 36.783441], [126.985774, 36.7835], [126.986564, 36.783531]], [[126.986564, 36.783531], [126.987286, 36.783524], [126.987624, 36.78352], [126.99156, 36.783405], [126.9937, 36.783257], [126.994486, 36.783121], [126.994986, 36.783015], [126.995852, 36.782719], [126.997267, 36.782117], [126.997437, 36.78204]], [[126.997437, 36.78204], [126.998783, 36.781472], [126.999164, 36.781337], [126.999662, 36.781182], [126.999994, 36.781095], [127.004211, 36.780393], [127.005807, 36.780131]], [[127.005807, 36.780131], [127.007604, 36.779835], [127.00871, 36.779693], [127.010724, 36.779493]], [[127.010724, 36.779493], [127.012111, 36.779343], [127.013361, 36.779193], [127.013835, 36.779103], [127.014239, 36.779016], [127.014804, 36.77883], [127.015208, 36.778672], [127.022991, 36.774906], [127.028895, 36.772035], [127.029126, 36.771937]], [[127.029126, 36.771937], [127.029497, 36.771772]], [[127.029497, 36.771772], [127.029951, 36.771565], [127.030782, 36.77128], [127.031398, 36.771116]], [[127.031398, 36.771116], [127.031824, 36.771031], [127.032415, 36.770929], [127.033002, 36.770867], [127.033558, 36.770839], [127.03443, 36.770846], [127.035047, 36.770891], [127.035731, 36.770979], [127.036392, 36.771104], [127.037043, 36.771286], [127.037771, 36.771541], [127.039656, 36.772281], [127.040753, 36.772731], [127.048217, 36.77577]], [[127.048217, 36.77577], [127.048236, 36.775814], [127.049341, 36.77625]], [[127.049341, 36.77625], [127.050206, 36.776658]], [[127.050206, 36.776658], [127.0506, 36.776848]], [[127.0506, 36.776848], [127.050871, 36.776968], [127.053723, 36.778102], [127.054103, 36.778277], [127.055939, 36.77899], [127.057478, 36.779528]], [[127.057478, 36.779528], [127.057548, 36.779556]], [[127.057548, 36.779556], [127.058474, 36.779933], [127.058547, 36.779962], [127.059741, 36.780454], [127.061397, 36.781117], [127.062263, 36.781435], [127.063249, 36.78176], [127.063727, 36.781909], [127.065377, 36.782431], [127.068719, 36.783451], [127.071645, 36.784359], [127.071995, 36.784463], [127.073276, 36.784861], [127.074841, 36.785344], [127.076713, 36.785906], [127.078719, 36.786523], [127.080878, 36.787186], [127.082677, 36.787686], [127.083823, 36.788029], [127.084708, 36.788291], [127.085452, 36.788525], [127.08547, 36.788531], [127.086204, 36.788762], [127.087601, 36.789206], [127.088252, 36.789369], [127.089418, 36.789614], [127.091156, 36.789926]], [[127.091156, 36.789926], [127.091947, 36.790051]], [[127.091947, 36.790051], [127.092131, 36.790083]], [[127.092131, 36.790083], [127.092963, 36.790217], [127.093749, 36.790341], [127.094664, 36.79045]], [[127.094664, 36.79045], [127.096563, 36.790746]], [[127.096563, 36.790746], [127.097167, 36.79087], [127.097852, 36.791004], [127.098238, 36.791078]], [[127.098238, 36.791078], [127.098461, 36.791112]], [[127.098461, 36.791112], [127.099226, 36.791246]], [[127.107441, 36.79258], [127.106378, 36.792494], [127.10591, 36.792454], [127.105544, 36.792419], [127.105348, 36.792389], [127.103252, 36.792068], [127.103127, 36.792047], [127.101989, 36.791863], [127.101627, 36.791788], [127.099532, 36.791319], [127.099226, 36.791246]], [[127.107441, 36.79258], [127.108315, 36.792708]], [[127.108315, 36.792708], [127.109382, 36.7928], [127.11055, 36.792849], [127.111535, 36.792859], [127.112394, 36.792825], [127.11363, 36.792777], [127.11535, 36.792614]], [[127.11535, 36.792614], [127.116044, 36.792557], [127.116606, 36.792529]], [[127.116606, 36.792529], [127.117071, 36.792529], [127.117633, 36.79256], [127.118216, 36.792636], [127.118757, 36.792736], [127.119156, 36.792835], [127.119493, 36.792936], [127.1198, 36.793037], [127.120347, 36.793264], [127.122153, 36.794172], [127.122367, 36.79428], [127.122933, 36.794585], [127.124159, 36.795242]], [[127.124159, 36.795242], [127.12499, 36.795681], [127.125605, 36.796047], [127.126295, 36.79656], [127.126911, 36.797066], [127.12744, 36.797475], [127.128056, 36.797974], [127.128272, 36.798149], [127.12859, 36.798351], [127.129092, 36.798645]], [[127.129092, 36.798645], [127.129424, 36.798812], [127.129586, 36.798886]], [[127.129586, 36.798886], [127.130052, 36.799078], [127.130522, 36.799242], [127.130859, 36.799353]], [[127.130859, 36.799353], [127.131652, 36.799599]], [[127.131652, 36.799599], [127.132722, 36.799915], [127.133636, 36.80025], [127.134543, 36.800611], [127.136878, 36.801853], [127.137272, 36.802062], [127.138037, 36.802421]], [[127.138037, 36.802421], [127.13823, 36.802507], [127.138593, 36.80267], [127.139329, 36.802974], [127.140675, 36.803531], [127.142189, 36.804142], [127.143945, 36.80484]], [[127.143945, 36.80484], [127.144397, 36.805042], [127.144673, 36.805185], [127.14498, 36.805391], [127.145271, 36.805638], [127.145465, 36.805844], [127.145624, 36.806067], [127.145774, 36.806329], [127.145921, 36.8067], [127.146006, 36.807053], [127.146044, 36.807251]], [[127.146044, 36.807251], [127.146104, 36.807558], [127.146182, 36.808035]], [[127.146182, 36.808035], [127.14617, 36.808424]], [[127.14617, 36.808424], [127.14613, 36.809085], [127.146114, 36.809267], [127.146119, 36.809533], [127.146433, 36.811205]], [[127.146433, 36.811205], [127.146497, 36.811507], [127.146599, 36.81204], [127.146704, 36.812397], [127.146873, 36.812817], [127.146956, 36.813064]], [[127.146956, 36.813064], [127.147157, 36.813592], [127.147192, 36.813732]], [[127.147192, 36.813732], [127.147286, 36.814005], [127.147392, 36.814294]], [[127.147392, 36.814294], [127.147443, 36.814484], [127.147573, 36.814964], [127.147625, 36.815172]], [[127.147625, 36.815172], [127.147646, 36.815255]], [[127.147646, 36.815255], [127.147692, 36.815413], [127.147839, 36.815956]], [[127.147839, 36.815956], [127.147911, 36.816184], [127.148139, 36.817073], [127.148252, 36.817586], [127.148342, 36.818338], [127.148479, 36.819648], [127.148693, 36.821601]], [[127.148693, 36.821601], [127.148807, 36.822656], [127.148876, 36.823285], [127.148922, 36.823692], [127.148945, 36.823914], [127.148996, 36.824403], [127.149036, 36.824798]], [[127.149036, 36.824798], [127.14907, 36.825108], [127.149193, 36.826219], [127.149253, 36.826846], [127.149278, 36.82733], [127.14928, 36.827625], [127.149278, 36.827955], [127.149261, 36.828272], [127.149222, 36.828725], [127.149172, 36.82932], [127.149023, 36.831154], [127.148928, 36.831992], [127.148872, 36.832448], [127.148766, 36.833186], [127.148618, 36.834952], [127.148611, 36.835151], [127.148617, 36.835832], [127.148624, 36.836366]], [[127.148624, 36.836366], [127.148404, 36.83812], [127.148267, 36.838984]], [[127.148267, 36.838984], [127.148161, 36.8396], [127.148123, 36.839979], [127.147989, 36.840752], [127.147878, 36.841318], [127.147485, 36.843076], [127.147305, 36.84388]], [[127.147305, 36.84388], [127.147271, 36.844026]], [[127.147271, 36.844026], [127.147238, 36.844175], [127.147068, 36.844931], [127.14688, 36.845852], [127.146861, 36.84594]], [[127.146861, 36.84594], [127.14681, 36.846176]], [[127.14681, 36.846176], [127.146678, 36.846791], [127.14644, 36.847921], [127.146225, 36.849052], [127.146017, 36.849976], [127.145801, 36.85093], [127.145471, 36.852578], [127.145302, 36.853456], [127.145222, 36.854251], [127.145181, 36.854799], [127.14519, 36.855447], [127.145238, 36.855807], [127.145368, 36.85633], [127.145543, 36.857098], [127.14573, 36.857848], [127.145789, 36.858106]], [[127.145789, 36.858106], [127.145829, 36.858255]], [[127.145829, 36.858255], [127.145948, 36.858806], [127.146211, 36.859743], [127.146388, 36.860461], [127.146477, 36.860824], [127.146573, 36.861286], [127.14667, 36.861789], [127.146701, 36.862445]], [[127.146701, 36.862445], [127.146682, 36.863138]], [[127.146682, 36.863138], [127.146647, 36.863596], [127.146529, 36.864257], [127.146405, 36.864785], [127.146258, 36.865249], [127.14611, 36.865701], [127.145888, 36.866229], [127.145671, 36.866692], [127.145263, 36.867536], [127.144861, 36.868393], [127.144486, 36.869181], [127.14442, 36.86932], [127.143294, 36.871714], [127.142951, 36.872444], [127.142385, 36.873655], [127.141879, 36.874744], [127.141409, 36.875813], [127.140907, 36.876949], [127.140531, 36.877759], [127.139618, 36.879553], [127.13912, 36.880629], [127.138739, 36.881432], [127.138354, 36.882225], [127.137794, 36.883408], [127.137248, 36.88456], [127.136306, 36.886498], [127.136006, 36.887137], [127.135797, 36.887576], [127.134985, 36.889247], [127.134612, 36.890017], [127.134318, 36.890676]], [[127.134318, 36.890676], [127.133491, 36.892404], [127.133082, 36.893267], [127.132836, 36.893798], [127.132671, 36.894151]], [[127.132671, 36.894151], [127.132353, 36.894817], [127.132035, 36.895481], [127.131705, 36.896203], [127.131545, 36.896568], [127.131385, 36.896913], [127.131166, 36.897377], [127.130957, 36.897816], [127.130726, 36.898356], [127.130576, 36.898693], [127.13045, 36.899012], [127.130173, 36.899621], [127.129582, 36.900863], [127.129193, 36.901715], [127.128792, 36.902575], [127.128523, 36.903166], [127.128042, 36.904184], [127.12791, 36.904551], [127.12778, 36.904917], [127.127676, 36.905284], [127.12757, 36.905755], [127.127484, 36.906253], [127.12741, 36.907041], [127.127335, 36.908324], [127.127259, 36.909306], [127.127251, 36.909406]], [[127.127251, 36.909406], [127.127244, 36.9095]], [[127.127244, 36.9095], [127.127151, 36.910925], [127.12714, 36.911101], [127.127072, 36.912086], [127.126971, 36.913141], [127.126873, 36.914167], [127.126668, 36.917071], [127.12666, 36.91718], [127.12657, 36.918834], [127.12652, 36.919569], [127.126512, 36.919728], [127.126206, 36.923479], [127.125956, 36.92716]], [[127.125956, 36.92716], [127.125911, 36.927799]], [[127.125911, 36.927799], [127.125855, 36.928504], [127.125401, 36.934669], [127.125226, 36.937129], [127.125218, 36.93724]], [[127.125218, 36.93724], [127.125209, 36.93737]], [[127.125209, 36.93737], [127.12516, 36.938063], [127.12479, 36.943011], [127.124723, 36.944137], [127.124666, 36.945271], [127.12463, 36.945867], [127.124571, 36.946431], [127.124446, 36.947496], [127.124369, 36.947994], [127.124252, 36.948362], [127.123983, 36.949122], [127.123756, 36.949646], [127.123427, 36.950261], [127.122854, 36.951095], [127.122071, 36.952001], [127.121597, 36.952503], [127.121184, 36.952936], [127.119218, 36.954974]], [[127.119218, 36.954974], [127.118914, 36.95531], [127.11826, 36.955986]], [[127.11826, 36.955986], [127.118072, 36.956181], [127.117847, 36.956415], [127.115897, 36.958447], [127.11401, 36.960406], [127.113202, 36.961351], [127.112093, 36.962513], [127.111492, 36.963047], [127.110853, 36.963706], [127.110145, 36.964542], [127.10957, 36.965135], [127.108661, 36.966114], [127.108486, 36.966304]], [[127.108486, 36.966304], [127.105643, 36.969278]], [[127.105643, 36.969278], [127.105093, 36.969868], [127.104675, 36.9703], [127.103448, 36.971579], [127.102139, 36.972856], [127.099554, 36.975553], [127.099161, 36.97598]], [[127.099161, 36.97598], [127.099007, 36.976154], [127.098849, 36.976335]], [[127.098849, 36.976335], [127.097131, 36.978184], [127.094518, 36.981028], [127.09401, 36.981625]], [[127.09401, 36.981625], [127.093784, 36.981874]], [[127.093784, 36.981874], [127.093025, 36.98267], [127.093022, 36.982673], [127.092945, 36.982754]], [[127.092945, 36.982754], [127.092646, 36.983067], [127.092568, 36.983149]], [[127.092568, 36.983149], [127.09246, 36.983261], [127.091834, 36.983903], [127.091302, 36.984451], [127.090482, 36.985317], [127.089617, 36.986234], [127.089512, 36.986343], [127.089044, 36.98683], [127.088465, 36.987419], [127.087269, 36.988581], [127.08629, 36.989604]], [[127.08629, 36.989604], [127.086167, 36.989726], [127.086122, 36.989776], [127.086092, 36.989807], [127.086042, 36.989861], [127.084671, 36.991315], [127.084474, 36.991523], [127.084262, 36.991748], [127.083623, 36.992482], [127.082865, 36.993292], [127.082293, 36.993901], [127.081787, 36.994407], [127.081146, 36.995076], [127.081031, 36.995195]], [[127.081031, 36.995195], [127.080771, 36.995467], [127.080618, 36.995627]], [[127.080618, 36.995627], [127.080452, 36.9958]], [[127.080452, 36.9958], [127.079442, 36.996868]], [[127.079442, 36.996868], [127.078398, 36.997967]], [[127.078398, 36.997967], [127.07736, 36.999043], [127.075149, 37.001339], [127.072971, 37.003641], [127.07253, 37.004243], [127.072316, 37.004617], [127.07221, 37.004841], [127.072122, 37.005043], [127.072011, 37.005324], [127.071935, 37.005577], [127.071827, 37.006108], [127.071523, 37.008476], [127.071267, 37.010733], [127.07102, 37.012989], [127.070841, 37.014656], [127.070778, 37.015232], [127.070772, 37.015291]], [[127.070772, 37.015291], [127.070763, 37.015385]], [[127.070763, 37.015385], [127.070531, 37.017496], [127.070467, 37.018115], [127.070271, 37.019803], [127.070209, 37.020337], [127.069958, 37.022531], [127.069733, 37.0246]], [[127.069733, 37.0246], [127.069705, 37.024825]], [[127.069705, 37.024825], [127.069454, 37.026852], [127.069142, 37.029585]], [[127.069142, 37.029585], [127.069104, 37.029958]], [[127.069104, 37.029958], [127.068739, 37.033462], [127.068661, 37.034225], [127.06855, 37.034894], [127.068447, 37.035282], [127.068327, 37.035638], [127.0682, 37.035978], [127.068043, 37.036311], [127.067861, 37.036659], [127.06766, 37.036985], [127.067443, 37.037299], [127.067204, 37.03762], [127.066961, 37.037906], [127.06668, 37.038195], [127.066383, 37.03847], [127.066083, 37.038728], [127.065778, 37.038967], [127.065042, 37.039467], [127.062855, 37.040839], [127.061617, 37.041615], [127.054913, 37.04592], [127.054427, 37.046309], [127.053872, 37.046805], [127.05337, 37.047372], [127.05312, 37.047727], [127.05287, 37.048125], [127.052596, 37.048685], [127.052374, 37.049376], [127.052232, 37.050093], [127.052199, 37.050662], [127.052207, 37.051101], [127.052491, 37.053618], [127.05258, 37.05446], [127.05265, 37.055425], [127.052864, 37.057294], [127.052912, 37.057717], [127.05304, 37.058666], [127.053138, 37.05936], [127.0532, 37.059908], [127.05322, 37.060091], [127.053411, 37.061903], [127.053648, 37.064045], [127.054119, 37.06842], [127.054197, 37.069049], [127.05428, 37.069714], [127.054449, 37.071192], [127.054519, 37.07221], [127.05447, 37.07352], [127.05438, 37.074459], [127.054337, 37.07486], [127.05422, 37.07631], [127.054212, 37.076405], [127.054124, 37.077485], [127.05412, 37.077542], [127.054068, 37.078129], [127.054056, 37.078846], [127.054089, 37.0795], [127.054189, 37.08018], [127.054414, 37.081054], [127.054744, 37.081878], [127.055143, 37.082807], [127.056172, 37.085302], [127.056412, 37.08594], [127.056827, 37.086834], [127.057089, 37.087529]], [[127.057089, 37.087529], [127.057207, 37.087791], [127.057289, 37.087975], [127.05735, 37.08811]], [[127.05735, 37.08811], [127.057596, 37.088687], [127.05814, 37.089969], [127.058356, 37.090477], [127.058646, 37.091128]], [[127.058646, 37.091128], [127.058842, 37.091589]], [[127.058842, 37.091589], [127.058875, 37.091664], [127.059129, 37.092249], [127.059861, 37.094034], [127.060135, 37.094672], [127.060248, 37.095045], [127.06036, 37.095396], [127.0605, 37.096022], [127.060588, 37.096684], [127.060644, 37.0971]], [[127.060644, 37.0971], [127.060677, 37.097375]], [[127.060677, 37.097375], [127.060712, 37.097611], [127.060811, 37.098541], [127.060883, 37.099089], [127.060952, 37.09968], [127.061047, 37.100452]], [[127.061047, 37.100452], [127.061084, 37.100758], [127.06109, 37.100803], [127.061123, 37.101087], [127.061164, 37.101364], [127.06121, 37.101669], [127.061247, 37.101978], [127.061258, 37.102085]], [[127.061258, 37.102085], [127.061271, 37.102212], [127.061308, 37.102573], [127.061386, 37.103213], [127.06151, 37.104157]], [[127.06151, 37.104157], [127.06153, 37.104323], [127.061547, 37.104459]], [[127.061547, 37.104459], [127.061577, 37.104678], [127.061763, 37.106141], [127.061849, 37.106817], [127.061962, 37.107591], [127.062166, 37.10899], [127.0624, 37.110887], [127.062521, 37.111869], [127.062718, 37.113288], [127.06286, 37.114496], [127.06289, 37.114795], [127.063478, 37.119429], [127.063779, 37.121739], [127.063853, 37.122415], [127.063869, 37.122562]], [[127.063869, 37.122562], [127.063895, 37.122795]], [[127.063895, 37.122795], [127.06396, 37.123508], [127.064024, 37.124129], [127.064639, 37.129155], [127.064779, 37.130416], [127.064951, 37.131678], [127.065102, 37.13293], [127.065277, 37.134192], [127.065537, 37.136567], [127.065668, 37.137361], [127.065768, 37.138207]], [[127.065768, 37.138207], [127.065782, 37.138319], [127.06594, 37.139536], [127.065962, 37.139653], [127.066066, 37.140515], [127.066143, 37.141273], [127.066249, 37.142456], [127.066317, 37.143066], [127.066344, 37.143411], [127.066415, 37.143949], [127.066675, 37.14578], [127.066862, 37.147066], [127.066989, 37.148057], [127.067154, 37.149515], [127.067256, 37.150532], [127.067276, 37.151037], [127.067245, 37.151548], [127.067221, 37.15179], [127.067024, 37.152799], [127.066864, 37.15361]], [[127.066864, 37.15361], [127.06678, 37.154037], [127.066611, 37.154709], [127.06647, 37.155276]], [[127.06647, 37.155276], [127.065367, 37.159684], [127.064728, 37.16224], [127.064122, 37.164772], [127.06384, 37.165822], [127.06362, 37.16687], [127.063384, 37.167859], [127.063357, 37.167975]], [[127.063357, 37.167975], [127.063311, 37.168171]], [[127.063311, 37.168171], [127.062822, 37.170176], [127.062784, 37.170328], [127.062465, 37.171288], [127.062193, 37.171886], [127.062076, 37.172144]], [[127.062076, 37.172144], [127.062012, 37.172284], [127.061845, 37.172534], [127.061221, 37.173463], [127.060756, 37.174042], [127.060253, 37.174605], [127.059711, 37.175164], [127.05921, 37.175539], [127.057857, 37.176549], [127.055835, 37.177811], [127.054972, 37.178353]], [[127.054972, 37.178353], [127.051092, 37.180833], [127.048688, 37.182365], [127.048084, 37.182704], [127.047453, 37.183071], [127.04684, 37.183487], [127.046561, 37.183701], [127.046273, 37.183918], [127.045701, 37.184428], [127.045392, 37.184694], [127.045099, 37.184974], [127.044889, 37.185183], [127.044628, 37.185462], [127.044153, 37.186017], [127.043944, 37.186284], [127.043358, 37.187118], [127.043205, 37.187354], [127.042948, 37.187812], [127.042894, 37.187908], [127.042849, 37.187995], [127.042728, 37.188227]], [[127.042728, 37.188227], [127.04187, 37.189873], [127.041568, 37.190493], [127.041415, 37.190807], [127.041253, 37.19112], [127.040885, 37.191787], [127.040552, 37.192426], [127.039226, 37.194924], [127.037903, 37.197472], [127.037783, 37.197709], [127.037675, 37.19793], [127.037449, 37.19837], [127.036998, 37.199184], [127.036198, 37.200782]], [[127.036198, 37.200782], [127.035818, 37.201493], [127.034931, 37.203153], [127.03459, 37.203809], [127.03451, 37.203963]], [[127.03451, 37.203963], [127.033723, 37.205479], [127.033577, 37.205796], [127.0333, 37.206308], [127.032699, 37.207476], [127.03265, 37.207574], [127.03085, 37.210988]], [[127.03085, 37.210988], [127.030774, 37.211147], [127.030641, 37.211426], [127.028227, 37.216067], [127.026574, 37.219291], [127.026474, 37.219485]], [[127.026474, 37.219485], [127.026336, 37.219738], [127.026156, 37.220066]], [[127.026156, 37.220066], [127.024902, 37.222477], [127.02356, 37.225077], [127.023524, 37.225147]], [[127.023524, 37.225147], [127.023476, 37.22524], [127.023448, 37.225293]], [[127.023448, 37.225293], [127.023104, 37.22596]], [[127.023104, 37.22596], [127.022919, 37.2263]], [[127.022919, 37.2263], [127.022845, 37.226443], [127.019001, 37.233854]], [[127.019001, 37.233854], [127.018801, 37.234222]], [[127.018801, 37.234222], [127.017175, 37.237283], [127.016859, 37.237882], [127.016496, 37.23857], [127.015654, 37.24019], [127.014151, 37.243115], [127.013185, 37.244991], [127.013153, 37.245054], [127.012397, 37.246455], [127.012187, 37.246846], [127.011925, 37.24735], [127.010445, 37.25017], [127.009929, 37.2509], [127.00943, 37.251501]], [[127.00943, 37.251501], [127.008951, 37.252018]], [[127.008951, 37.252018], [127.008922, 37.25205], [127.006785, 37.254434], [127.006193, 37.255164], [127.005939, 37.255563], [127.005342, 37.256563], [127.004543, 37.257898], [127.003677, 37.259344], [127.003, 37.260556], [127.002674, 37.261139]], [[127.002674, 37.261139], [127.001435, 37.262782], [127.000859, 37.263546], [126.998908, 37.266886], [126.998438, 37.267719], [126.998149, 37.268409]], [[126.998149, 37.268409], [126.998008, 37.268844]], [[126.998008, 37.268844], [126.997778, 37.269313], [126.997376, 37.270108], [126.997236, 37.270371], [126.997091, 37.270649]], [[126.997091, 37.270649], [126.996914, 37.270994], [126.996382, 37.271993], [126.995813, 37.273037], [126.995566, 37.273489], [126.99464, 37.275092], [126.99354, 37.276992], [126.992184, 37.279282], [126.991473, 37.280533], [126.990624, 37.281958], [126.990052, 37.282966], [126.989018, 37.284778], [126.988919, 37.284951], [126.987627, 37.28704], [126.987079, 37.287751], [126.986896, 37.287989], [126.986321, 37.28867], [126.986271, 37.288729]], [[126.986271, 37.288729], [126.986168, 37.288848], [126.985885, 37.289175]], [[126.985885, 37.289175], [126.98482, 37.290372], [126.983276, 37.292098], [126.981795, 37.293743], [126.981181, 37.294454], [126.980372, 37.295407], [126.979072, 37.296845], [126.978116, 37.297919], [126.977813, 37.298181], [126.977481, 37.298456], [126.977008, 37.298757], [126.976423, 37.299101], [126.975842, 37.299343], [126.975156, 37.299608], [126.974287, 37.299789], [126.973515, 37.299905], [126.972968, 37.299962], [126.972095, 37.300045], [126.969791, 37.300319], [126.969619, 37.300339], [126.967128, 37.300628], [126.965249, 37.300852], [126.963717, 37.30107], [126.963249, 37.30116], [126.962587, 37.301368], [126.962038, 37.301591], [126.96155, 37.301814], [126.960915, 37.302176], [126.958767, 37.303719], [126.953798, 37.307342], [126.953252, 37.307877], [126.952751, 37.308484], [126.952222, 37.309303], [126.950231, 37.312383], [126.949624, 37.313322], [126.949028, 37.314282], [126.948777, 37.314705], [126.94856, 37.315144], [126.948399, 37.315533], [126.948295, 37.315901], [126.948229, 37.316352], [126.948172, 37.316975], [126.947992, 37.31925], [126.94786, 37.321363], [126.947852, 37.321484], [126.947725, 37.323495], [126.947718, 37.323917], [126.947725, 37.324763], [126.9478, 37.326297], [126.947828, 37.327022], [126.947882, 37.32846], [126.947987, 37.330498], [126.948106, 37.333466], [126.948221, 37.33621], [126.948278, 37.339855], [126.94827, 37.342391], [126.948274, 37.344243], [126.948271, 37.344346], [126.948277, 37.345988], [126.948259, 37.347907], [126.948289, 37.351055], [126.948285, 37.351187], [126.948261, 37.352145], [126.948295, 37.353101], [126.948344, 37.354953], [126.94835, 37.355188], [126.948438, 37.356649], [126.948457, 37.357707], [126.948518, 37.359969], [126.948488, 37.36035], [126.94847, 37.360703], [126.948423, 37.361031], [126.948327, 37.361403], [126.948237, 37.361733], [126.947688, 37.362936], [126.946648, 37.365247], [126.945776, 37.367157], [126.944545, 37.369723], [126.943739, 37.37137], [126.942935, 37.373114], [126.942855, 37.373288], [126.942059, 37.374882], [126.941841, 37.375318], [126.941455, 37.376083], [126.941165, 37.376645], [126.940909, 37.377086], [126.940172, 37.377924], [126.939775, 37.378365], [126.938518, 37.37954], [126.937435, 37.380556], [126.937161, 37.380913], [126.936664, 37.381583], [126.936254, 37.382304], [126.935822, 37.383423], [126.935291, 37.384859], [126.935053, 37.385504], [126.93437, 37.387319], [126.933966, 37.38846], [126.933705, 37.389148], [126.933132, 37.390725], [126.932816, 37.391303], [126.932582, 37.39173], [126.932096, 37.392371], [126.931317, 37.393201], [126.929257, 37.394888], [126.928415, 37.395535], [126.927062, 37.396638], [126.926441, 37.397285], [126.924504, 37.399562], [126.923921, 37.400178], [126.92376, 37.400348], [126.923325, 37.400907], [126.922262, 37.402231], [126.920996, 37.403806], [126.919857, 37.405229], [126.919528, 37.405659], [126.916647, 37.409275]], [[126.916647, 37.409275], [126.916397, 37.409594], [126.915801, 37.410353]], [[126.915801, 37.410353], [126.913726, 37.412977], [126.913651, 37.413079]], [[126.913651, 37.413079], [126.913543, 37.413221]], [[126.913543, 37.413221], [126.912503, 37.41442], [126.911291, 37.415939], [126.911224, 37.416024]], [[126.911224, 37.416024], [126.911051, 37.416241]], [[126.911051, 37.416241], [126.910032, 37.417518], [126.90945, 37.418154], [126.909079, 37.418633], [126.907686, 37.420333], [126.907503, 37.420562], [126.907108, 37.421113], [126.905883, 37.423345], [126.905123, 37.424713], [126.90456, 37.425785], [126.90404, 37.426763], [126.903875, 37.427145], [126.903705, 37.427654], [126.903601, 37.428005], [126.903503, 37.428482], [126.903286, 37.429559], [126.903144, 37.430267], [126.902783, 37.432105], [126.902366, 37.434092], [126.902338, 37.434253], [126.901942, 37.436245], [126.901668, 37.437723], [126.901488, 37.438346], [126.901156, 37.439212], [126.900515, 37.440651], [126.900239, 37.441237], [126.899291, 37.443414], [126.898623, 37.444939], [126.897433, 37.447446], [126.897027, 37.44836], [126.896061, 37.45062], [126.895494, 37.451933], [126.894626, 37.453853]], [[126.879564, 37.493812], [126.879551, 37.49401], [126.879481, 37.495016], [126.879425, 37.495464], [126.879356, 37.495877], [126.879238, 37.496401], [126.879061, 37.496876]], [[126.879061, 37.496876], [126.87861, 37.49826], [126.878492, 37.498644], [126.878441, 37.498898], [126.878411, 37.499149], [126.878411, 37.499339], [126.878431, 37.499611], [126.878479, 37.499845], [126.878571, 37.500104], [126.878698, 37.500365], [126.878866, 37.50062], [126.879065, 37.50086], [126.87928, 37.50109], [126.879788, 37.501525], [126.880162, 37.501845]], [[126.880162, 37.501845], [126.881072, 37.5026], [126.88266, 37.504017], [126.883072, 37.504314]], [[126.883072, 37.504314], [126.883138, 37.504362], [126.883413, 37.504534], [126.883753, 37.504728], [126.884541, 37.505117]], [[127.064615, 37.617445], [127.064438, 37.61794]], [[127.051822, 37.195669], [127.051252, 37.195956], [127.050768, 37.1962], [127.050588, 37.196284]], [[127.050588, 37.196284], [127.050512, 37.19632], [127.050053, 37.196542]], [[127.050053, 37.196542], [127.049738, 37.196686], [127.049168, 37.196909], [127.04883, 37.197082], [127.047016, 37.198043], [127.046593, 37.198235], [127.046257, 37.198343], [127.045883, 37.198428], [127.045871, 37.19843], [127.045552, 37.19848], [127.045106, 37.198554]], [[127.044537, 37.19869], [127.044575, 37.198674], [127.044607, 37.198661], [127.04479, 37.198621], [127.045106, 37.198554]], [[127.044537, 37.19869], [127.043954, 37.19892], [127.043772, 37.198991]], [[127.043772, 37.198991], [127.04337, 37.199188], [127.042846, 37.199386], [127.039421, 37.200126], [127.038541, 37.200267], [127.038176, 37.200334], [127.037701, 37.200446], [127.036779, 37.200806], [127.036366, 37.201055]], [[127.036366, 37.201055], [127.03577, 37.201542], [127.035498, 37.201808], [127.035451, 37.201858]], [[127.035451, 37.201858], [127.035173, 37.202229], [127.034941, 37.202687], [127.034649, 37.203458], [127.034474, 37.203906], [127.03423, 37.204404], [127.034047, 37.204749]], [[127.034047, 37.204749], [127.033993, 37.204849], [127.033975, 37.204877], [127.033757, 37.205219]], [[127.033757, 37.205219], [127.033717, 37.205287], [127.033446, 37.205762], [127.032578, 37.207428]], [[127.032578, 37.207428], [127.032521, 37.207534], [127.032471, 37.207631], [127.032078, 37.208398], [127.031947, 37.208653], [127.031228, 37.210017], [127.03085, 37.210988]], [[127.034165, 37.205164], [127.034411, 37.204668], [127.034562, 37.204344], [127.034747, 37.20401], [127.034857, 37.203773], [127.03533, 37.202878], [127.035887, 37.202041], [127.036322, 37.201647], [127.036815, 37.201242], [127.037099, 37.201037], [127.037516, 37.200813], [127.03767, 37.200735], [127.037833, 37.200671], [127.038138, 37.200521], [127.038924, 37.200249], [127.041251, 37.199772], [127.042299, 37.199531], [127.042813, 37.199432], [127.043244, 37.199284], [127.043628, 37.199122], [127.043805, 37.199027], [127.044048, 37.198897], [127.044537, 37.19869]], [[126.63532, 37.473037], [126.635286, 37.473068], [126.63487, 37.473445], [126.634119, 37.474164], [126.633948, 37.474328], [126.633797, 37.47447], [126.633747, 37.474518]], [[126.635904, 37.472516], [126.63532, 37.473037]], [[126.63713, 37.471495], [126.637018, 37.471577], [126.636726, 37.47179], [126.636446, 37.472015], [126.635904, 37.472516]], [[126.637637, 37.471176], [126.637338, 37.471365], [126.63713, 37.471495]], [[126.645724, 37.467355], [126.644892, 37.467645], [126.644344, 37.467876], [126.643573, 37.468272], [126.643352, 37.468379], [126.641452, 37.469309], [126.639454, 37.470255], [126.638132, 37.470907], [126.637637, 37.471176]], [[126.646225, 37.46721], [126.645724, 37.467355]], [[126.69356, 37.464742], [126.692205, 37.464689], [126.690099, 37.464593], [126.688058, 37.464481], [126.686791, 37.464481], [126.685627, 37.464543], [126.684942, 37.464599], [126.682985, 37.464806], [126.682593, 37.464843], [126.681719, 37.464927], [126.680487, 37.465049], [126.680162, 37.465078], [126.678164, 37.465259], [126.677067, 37.465355], [126.675706, 37.465444], [126.675079, 37.465499], [126.673891, 37.465629], [126.673483, 37.465669], [126.672548, 37.465763], [126.67191, 37.465826], [126.669871, 37.465996], [126.669803, 37.466002], [126.667397, 37.466226], [126.665885, 37.466398], [126.661844, 37.466799], [126.661426, 37.466828], [126.660888, 37.466844], [126.660228, 37.466841], [126.659634, 37.466834], [126.658922, 37.466828], [126.658734, 37.466828], [126.655394, 37.466828], [126.654446, 37.466859], [126.653616, 37.466855], [126.649382, 37.466809], [126.648782, 37.466813], [126.648197, 37.466841], [126.647744, 37.466894], [126.647223, 37.466985], [126.646484, 37.467149], [126.646225, 37.46721]], [[126.704729, 37.481167], [126.704442, 37.4809], [126.704028, 37.480425], [126.703711, 37.479916], [126.703526, 37.479465], [126.703413, 37.479002], [126.703369, 37.478667], [126.703351, 37.478417], [126.703141, 37.475408], [126.70312, 37.475116], [126.70308, 37.474543], [126.703071, 37.474422], [126.703059, 37.474254], [126.70299, 37.473324], [126.702987, 37.473277], [126.702878, 37.471683], [126.702871, 37.471538], [126.702782, 37.469714], [126.702678, 37.468535], [126.702619, 37.468053], [126.702533, 37.467653], [126.702369, 37.46725], [126.702103, 37.466796], [126.701744, 37.466354], [126.701384, 37.466022], [126.701052, 37.465778], [126.700776, 37.465617], [126.70035, 37.465409], [126.69989, 37.465218], [126.699564, 37.465126], [126.699242, 37.465063], [126.698942, 37.465015], [126.698558, 37.464979], [126.696807, 37.464895], [126.694584, 37.464782], [126.69356, 37.464742]], [[126.70597, 37.482259], [126.705886, 37.482185], [126.704921, 37.481344], [126.704729, 37.481167]], [[126.725746, 37.489408], [126.723418, 37.489555], [126.722254, 37.489629], [126.72087, 37.489727], [126.720625, 37.489736], [126.719993, 37.489782], [126.719186, 37.489819], [126.718784, 37.489822], [126.718427, 37.489799], [126.718131, 37.489768], [126.717553, 37.489647], [126.717226, 37.489551], [126.716783, 37.489396], [126.716326, 37.489191], [126.715914, 37.488943], [126.714679, 37.488177], [126.714077, 37.487813], [126.713691, 37.487571], [126.712998, 37.487122], [126.711105, 37.485908], [126.710746, 37.485672], [126.709994, 37.485146], [126.707943, 37.483785], [126.707805, 37.483679], [126.707622, 37.483538], [126.706092, 37.482363], [126.70597, 37.482259]], [[126.729257, 37.489185], [126.725746, 37.489408]], [[126.729701, 37.489162], [126.729532, 37.489171], [126.729257, 37.489185]], [[126.784109, 37.483928], [126.783946, 37.483952], [126.781137, 37.484367], [126.780426, 37.484464], [126.778526, 37.48474], [126.777706, 37.484841], [126.777104, 37.48491], [126.77697, 37.484925], [126.775866, 37.48504], [126.774205, 37.485242], [126.772458, 37.485498], [126.768575, 37.486094], [126.767659, 37.486202], [126.766396, 37.486372], [126.765387, 37.486528], [126.765186, 37.486559], [126.762286, 37.487007], [126.761553, 37.4871], [126.760273, 37.487214], [126.75729, 37.487393], [126.756057, 37.48748], [126.753947, 37.487616], [126.753715, 37.487631], [126.750372, 37.487844], [126.749067, 37.48792], [126.746938, 37.488062], [126.743989, 37.488257], [126.742712, 37.488357], [126.74206, 37.488414], [126.74167, 37.488439], [126.738018, 37.488676], [126.735711, 37.488782], [126.732583, 37.488972], [126.731813, 37.48902], [126.730939, 37.48908], [126.730781, 37.489091], [126.729701, 37.489162]], [[126.794863, 37.48277], [126.794436, 37.482756], [126.794426, 37.482756], [126.792821, 37.482724], [126.792206, 37.482736], [126.791443, 37.482785], [126.789923, 37.482992], [126.78931, 37.483084], [126.788528, 37.483201], [126.787412, 37.483376], [126.786061, 37.483601], [126.78536, 37.483727], [126.784947, 37.483797], [126.784383, 37.483888], [126.784109, 37.483928]], [[126.795948, 37.482803], [126.795072, 37.482776], [126.794863, 37.48277]], [[126.849597, 37.49548], [126.849018, 37.495354], [126.848032, 37.495139], [126.847252, 37.49497], [126.845713, 37.494626], [126.843391, 37.49411], [126.842824, 37.493985], [126.840549, 37.493483], [126.840046, 37.493372], [126.839571, 37.49328], [126.839097, 37.493198], [126.838489, 37.493137], [126.837868, 37.493105], [126.82918, 37.493038], [126.826953, 37.493007], [126.826299, 37.492972], [126.825972, 37.492939], [126.825628, 37.492879], [126.825391, 37.492824], [126.825069, 37.492743], [126.824953, 37.492711], [126.824527, 37.492595], [126.824009, 37.492451], [126.823326, 37.492258], [126.822885, 37.492129], [126.822772, 37.492089], [126.822461, 37.491981], [126.822152, 37.491845], [126.821903, 37.491712], [126.821672, 37.491568], [126.821415, 37.491382], [126.820697, 37.490806], [126.816472, 37.487377], [126.816146, 37.487123], [126.815441, 37.486652], [126.815066, 37.486452], [126.814681, 37.486263], [126.814291, 37.486101], [126.813575, 37.485822], [126.813185, 37.485685], [126.812947, 37.485604], [126.810888, 37.484937], [126.810085, 37.484682], [126.809582, 37.484509], [126.808351, 37.484069], [126.804703, 37.482865], [126.804046, 37.482688], [126.803719, 37.482603], [126.803084, 37.482514], [126.802763, 37.482483], [126.802437, 37.482473], [126.802109, 37.482476], [126.801432, 37.482509], [126.799594, 37.482763], [126.798705, 37.48285], [126.798257, 37.482864], [126.797714, 37.48286], [126.796929, 37.482836], [126.796734, 37.48283], [126.795948, 37.482803]], [[126.868397, 37.495646], [126.868202, 37.495557], [126.865876, 37.494491], [126.865511, 37.494333], [126.865143, 37.494188], [126.864668, 37.49406], [126.86411, 37.493957], [126.863695, 37.493913], [126.86323, 37.493891], [126.862707, 37.493913], [126.862147, 37.493967], [126.861558, 37.494057], [126.860771, 37.494215], [126.860556, 37.494258], [126.860417, 37.494286], [126.857898, 37.494781], [126.856155, 37.495153], [126.855142, 37.495343], [126.852941, 37.495762], [126.852452, 37.495816], [126.851818, 37.495842], [126.851154, 37.495788], [126.850518, 37.495676], [126.849597, 37.49548]], [[126.87163, 37.497137], [126.870577, 37.496645], [126.870406, 37.496566], [126.868397, 37.495646]], [[126.87163, 37.497137], [126.872369, 37.497457], [126.872861, 37.497692], [126.875293, 37.498769], [126.876145, 37.499104], [126.877671, 37.499634], [126.878159, 37.499842], [126.8786, 37.500056], [126.878996, 37.500303], [126.879297, 37.500519], [126.879703, 37.500858], [126.880423, 37.501506]], [[126.880423, 37.501506], [126.880567, 37.501636], [126.881147, 37.502181], [126.881291, 37.502316], [126.881377, 37.502397], [126.881607, 37.502605], [126.882398, 37.503325], [126.882967, 37.503833], [126.883191, 37.504012]], [[126.883191, 37.504012], [126.883398, 37.504175], [126.883623, 37.504352], [126.883923, 37.504559], [126.884253, 37.504759], [126.884646, 37.504968], [126.885107, 37.505245]], [[126.899818, 37.512437], [126.901754, 37.513263], [126.903491, 37.514012], [126.904668, 37.514527], [126.905555, 37.514899], [126.906669, 37.515357]], [[126.906669, 37.515357], [126.908506, 37.516106], [126.908732, 37.516202], [126.90878, 37.516219]], [[126.90878, 37.516219], [126.909519, 37.516497], [126.910025, 37.516664], [126.910633, 37.51679], [126.911231, 37.516854], [126.911856, 37.516894], [126.913371, 37.517004]], [[126.913371, 37.517004], [126.913642, 37.517024]], [[126.913642, 37.517024], [126.914121, 37.517058], [126.914797, 37.517094], [126.915243, 37.517118], [126.915798, 37.517145], [126.916482, 37.51713], [126.916904, 37.517102], [126.917449, 37.517009], [126.918211, 37.516831], [126.918669, 37.516691], [126.91906, 37.516541], [126.919578, 37.516323], [126.920018, 37.516106], [126.920435, 37.515884], [126.920759, 37.515657], [126.922077, 37.514641], [126.922489, 37.514346], [126.922794, 37.514142], [126.923189, 37.513928], [126.923676, 37.513707], [126.924149, 37.513543], [126.924594, 37.513424], [126.925025, 37.513354], [126.925413, 37.513316], [126.926093, 37.513291], [126.926752, 37.513305], [126.927489, 37.513348], [126.927744, 37.513362], [126.929085, 37.513468], [126.930688, 37.513531], [126.933894, 37.513613], [126.93659, 37.513669], [126.937288, 37.513666], [126.937957, 37.513698], [126.938558, 37.513753], [126.939289, 37.513822], [126.939938, 37.513883]], [[126.939938, 37.513883], [126.941061, 37.513979], [126.942436, 37.514132], [126.942584, 37.514147], [126.943417, 37.514226]], [[126.943417, 37.514226], [126.943622, 37.514245], [126.94499, 37.514402], [126.945459, 37.514468], [126.945974, 37.514575], [126.946321, 37.514678], [126.946709, 37.514825], [126.947089, 37.515001], [126.947421, 37.5152], [126.947784, 37.515462], [126.948333, 37.515966]], [[126.948333, 37.515966], [126.94837, 37.516], [126.948379, 37.516009], [126.956518, 37.52361]], [[126.956518, 37.52361], [126.956595, 37.523683], [126.957185, 37.524243], [126.957914, 37.524903], [126.958886, 37.525621], [126.960132, 37.526415], [126.960697, 37.526814], [126.961037, 37.527054], [126.961419, 37.527316], [126.96233, 37.527937], [126.962576, 37.528086], [126.963285, 37.528542], [126.963309, 37.52856]], [[126.963309, 37.52856], [126.964924, 37.529737]], [[126.963456, 37.528604], [126.963346, 37.528531]], [[126.963346, 37.528531], [126.963053, 37.528359], [126.962612, 37.528057], [126.96237, 37.527903], [126.961786, 37.527508], [126.961457, 37.527286], [126.961082, 37.527027], [126.960169, 37.526376], [126.958923, 37.525596], [126.957954, 37.524878], [126.957222, 37.524222], [126.956997, 37.524006], [126.956912, 37.523924], [126.956556, 37.523582]], [[126.956556, 37.523582], [126.955459, 37.52257], [126.954141, 37.521132], [126.953241, 37.520179], [126.951294, 37.518292], [126.948641, 37.515843]], [[126.948641, 37.515843], [126.948032, 37.515321], [126.947578, 37.515026], [126.947198, 37.514848], [126.946763, 37.514686], [126.946358, 37.514577], [126.945987, 37.514504], [126.945497, 37.514409], [126.945076, 37.514335], [126.944952, 37.514319], [126.943666, 37.514155]], [[126.943666, 37.514155], [126.942527, 37.514041], [126.941067, 37.513885], [126.940363, 37.513848], [126.939947, 37.513819]], [[126.939947, 37.513819], [126.938564, 37.513712], [126.937962, 37.513657], [126.93729, 37.513628], [126.936589, 37.513624], [126.933895, 37.513571], [126.930691, 37.513488], [126.929085, 37.513433], [126.927746, 37.513338], [126.926752, 37.513281], [126.926091, 37.513268], [126.925404, 37.513286], [126.925013, 37.513323], [126.924581, 37.513393], [126.924132, 37.513509], [126.923658, 37.513676], [126.923164, 37.513899], [126.922765, 37.514115], [126.922452, 37.514317], [126.922045, 37.514618], [126.920721, 37.51563], [126.920396, 37.515855], [126.920003, 37.51608], [126.919564, 37.516302], [126.919045, 37.516518], [126.918656, 37.516665], [126.918199, 37.516803], [126.917799, 37.516894], [126.91744, 37.516976], [126.916899, 37.517058], [126.916504, 37.517083], [126.915797, 37.517104], [126.915244, 37.51708], [126.914221, 37.517023], [126.914125, 37.517017], [126.912882, 37.51693]], [[126.912882, 37.51693], [126.911862, 37.516857], [126.911231, 37.516824], [126.910642, 37.516754], [126.91005, 37.516635], [126.909542, 37.516461], [126.908811, 37.516179]], [[126.908811, 37.516179], [126.90714, 37.515496], [126.906695, 37.515319]], [[126.906695, 37.515319], [126.906108, 37.515071], [126.905584, 37.514855], [126.901779, 37.51323], [126.900756, 37.512792]], [[126.900425, 37.51265], [126.899695, 37.512338], [126.89861, 37.511905], [126.897462, 37.511447], [126.896385, 37.510973], [126.893961, 37.509875], [126.892631, 37.50931]], [[126.892631, 37.50931], [126.892107, 37.509085]], [[126.892107, 37.509085], [126.891413, 37.508788], [126.890791, 37.508504], [126.890396, 37.508316], [126.889834, 37.508032], [126.889208, 37.507697], [126.888169, 37.507044], [126.886577, 37.50606], [126.886028, 37.505712], [126.885152, 37.505171], [126.884934, 37.505035]], [[126.884934, 37.505035], [126.884387, 37.504709]], [[126.884387, 37.504709], [126.88401, 37.504489], [126.883709, 37.504285], [126.883483, 37.504103], [126.883191, 37.503851], [126.882509, 37.503228]], [[126.882509, 37.503228], [126.881665, 37.502459]], [[126.881665, 37.502459], [126.881607, 37.502407], [126.881342, 37.502162]], [[126.881342, 37.502162], [126.881211, 37.502039]], [[126.881211, 37.502039], [126.880853, 37.501699], [126.880414, 37.501319], [126.880224, 37.501141], [126.879807, 37.500771], [126.879425, 37.50045], [126.879082, 37.500227], [126.878632, 37.499987], [126.878199, 37.499796], [126.877688, 37.4996], [126.87616, 37.499064], [126.875314, 37.498732], [126.874024, 37.498157], [126.873587, 37.497962], [126.872882, 37.497648], [126.87164, 37.497035]], [[126.87164, 37.497035], [126.870627, 37.496556], [126.869021, 37.495823], [126.86857, 37.495617], [126.86845, 37.495562]], [[126.86845, 37.495562], [126.865932, 37.494424], [126.865556, 37.494275], [126.865166, 37.494146], [126.864684, 37.494018], [126.86412, 37.493905], [126.863707, 37.493856], [126.863228, 37.493836], [126.862702, 37.493846], [126.862139, 37.493915], [126.861548, 37.494019], [126.860548, 37.494227], [126.860401, 37.494255], [126.858239, 37.494679], [126.857885, 37.494747], [126.856572, 37.495019], [126.856139, 37.495107], [126.853797, 37.495567], [126.852932, 37.495728], [126.852442, 37.495784], [126.851819, 37.495806], [126.851164, 37.495749], [126.850526, 37.495631], [126.849609, 37.495442]], [[126.849609, 37.495442], [126.849036, 37.495318], [126.848047, 37.495104], [126.847265, 37.494939], [126.845924, 37.494634], [126.845752, 37.494596], [126.843408, 37.494072], [126.842444, 37.49387], [126.842166, 37.493807]], [[126.842166, 37.493807], [126.840062, 37.493322], [126.839585, 37.493242], [126.839106, 37.493161], [126.838492, 37.493097], [126.837866, 37.493065], [126.829182, 37.493001], [126.826955, 37.492977], [126.826302, 37.492943], [126.82598, 37.492902], [126.825634, 37.492848], [126.825399, 37.492797], [126.825082, 37.492714], [126.824682, 37.492614], [126.824073, 37.492439], [126.823455, 37.492262], [126.82287, 37.492083], [126.822787, 37.492053], [126.822481, 37.491936], [126.822187, 37.49181], [126.821936, 37.491677], [126.821707, 37.491536], [126.821448, 37.491357], [126.82073, 37.490779], [126.816508, 37.48735]], [[126.816508, 37.48735], [126.816171, 37.487104], [126.815472, 37.486623], [126.815096, 37.486424], [126.814703, 37.486236], [126.814314, 37.486061], [126.813582, 37.485796], [126.813197, 37.485659], [126.811057, 37.484955], [126.810904, 37.484905], [126.810106, 37.484647], [126.809601, 37.484474], [126.808372, 37.484032], [126.804719, 37.48283], [126.804064, 37.482653], [126.80373, 37.482566], [126.803093, 37.482471], [126.802766, 37.482439], [126.802434, 37.482432], [126.802103, 37.482432], [126.801426, 37.482462], [126.799585, 37.482724], [126.798705, 37.482808], [126.79825, 37.482817], [126.797722, 37.482824], [126.797032, 37.482805], [126.79693, 37.482802], [126.79595, 37.482769]], [[126.79595, 37.482769], [126.794869, 37.482736]], [[126.794869, 37.482736], [126.794627, 37.482729], [126.794437, 37.482723], [126.794326, 37.48272], [126.793612, 37.482701], [126.792821, 37.482681], [126.792202, 37.482698], [126.791437, 37.482745], [126.790255, 37.482904], [126.789693, 37.482988], [126.789069, 37.483084], [126.787402, 37.483339], [126.786048, 37.483565], [126.785354, 37.483688], [126.784376, 37.483836], [126.781342, 37.484298]], [[126.781342, 37.484298], [126.781128, 37.48433], [126.780417, 37.484431], [126.778518, 37.4847], [126.777701, 37.484801], [126.777095, 37.48487], [126.776465, 37.484943], [126.775859, 37.485003], [126.774196, 37.485203], [126.772449, 37.485461], [126.768565, 37.486057], [126.767645, 37.486172], [126.766383, 37.486331], [126.765378, 37.486492], [126.763097, 37.486834], [126.762272, 37.486958], [126.761541, 37.487054], [126.760267, 37.487178], [126.757289, 37.487357], [126.756057, 37.487443], [126.753925, 37.487581], [126.751642, 37.487722], [126.750362, 37.487801], [126.749063, 37.487882], [126.746939, 37.48803], [126.743986, 37.488223], [126.742707, 37.488326], [126.742057, 37.48838], [126.739854, 37.488517], [126.738001, 37.488632], [126.735709, 37.488743], [126.732582, 37.488936], [126.731808, 37.488983], [126.731632, 37.488994], [126.730781, 37.489051], [126.729697, 37.489121]], [[126.729697, 37.489121], [126.729253, 37.489144]], [[126.729253, 37.489144], [126.725702, 37.489369], [126.723417, 37.489514]], [[126.723417, 37.489514], [126.723291, 37.489522], [126.72303, 37.489538], [126.722246, 37.489595], [126.721559, 37.489637], [126.720525, 37.489703], [126.719984, 37.489738], [126.719182, 37.489782], [126.718781, 37.489784], [126.71844, 37.489762], [126.718143, 37.489728], [126.717569, 37.489612], [126.717245, 37.489517], [126.716804, 37.489364], [126.716349, 37.489164], [126.71594, 37.488916], [126.714714, 37.488117], [126.713752, 37.487518], [126.713054, 37.487063], [126.710841, 37.485644], [126.710025, 37.485116], [126.708854, 37.484369], [126.708179, 37.483927], [126.707966, 37.483766], [126.706303, 37.482475], [126.706136, 37.482346], [126.706007, 37.482227]], [[126.706007, 37.482227], [126.704953, 37.481313], [126.704757, 37.481122]], [[126.704757, 37.481122], [126.704486, 37.48087], [126.704073, 37.480407], [126.703759, 37.479899], [126.703575, 37.479455], [126.703462, 37.478993], [126.703419, 37.47866], [126.703265, 37.476435], [126.703114, 37.474249], [126.703106, 37.474157], [126.70304, 37.47332], [126.703036, 37.473269], [126.702973, 37.472298], [126.702933, 37.47168], [126.702846, 37.469914], [126.702837, 37.469712], [126.702746, 37.468525], [126.70267, 37.468038], [126.702597, 37.467634], [126.702428, 37.467224], [126.702151, 37.466771], [126.701793, 37.466324], [126.701425, 37.46599], [126.701081, 37.46575], [126.700808, 37.465576], [126.70038, 37.465367], [126.699912, 37.465181], [126.699583, 37.46509], [126.699252, 37.465021], [126.698943, 37.464972], [126.698558, 37.464936], [126.696808, 37.46485], [126.694584, 37.464763], [126.693562, 37.464723]], [[126.693562, 37.464723], [126.692205, 37.46467], [126.690095, 37.464562], [126.688057, 37.464453], [126.686788, 37.464444], [126.68562, 37.464507], [126.684934, 37.464557], [126.684185, 37.464637], [126.683704, 37.464689], [126.68298, 37.464767], [126.682434, 37.464818], [126.680481, 37.465003], [126.678449, 37.465195], [126.678158, 37.465223], [126.677062, 37.465319], [126.675703, 37.465407], [126.675074, 37.465463], [126.67443, 37.465531], [126.673884, 37.46559], [126.672966, 37.465681], [126.672541, 37.465723], [126.671899, 37.465787], [126.669865, 37.465962], [126.667492, 37.466184], [126.667392, 37.466192], [126.665874, 37.466358], [126.661838, 37.466757], [126.661419, 37.466788], [126.660884, 37.466802], [126.660225, 37.466805], [126.65963, 37.466809], [126.65892, 37.466802], [126.656587, 37.466802], [126.655394, 37.466802], [126.654442, 37.46683], [126.653616, 37.466818], [126.649379, 37.466768], [126.648776, 37.466775], [126.648189, 37.466808], [126.647733, 37.466862], [126.647209, 37.466953], [126.646468, 37.467111], [126.646207, 37.467175]], [[126.646207, 37.467175], [126.645702, 37.467318]], [[126.645702, 37.467318], [126.645555, 37.467369], [126.644868, 37.46761], [126.64432, 37.467851], [126.643554, 37.468248], [126.641688, 37.469156], [126.64143, 37.469282], [126.639426, 37.470221], [126.638103, 37.470874], [126.637617, 37.471135]], [[126.637617, 37.471135], [126.637536, 37.471182], [126.637108, 37.471456]], [[126.637108, 37.471456], [126.636686, 37.471766], [126.636407, 37.471993], [126.63587, 37.472487]], [[126.63587, 37.472487], [126.635282, 37.473011]], [[126.635282, 37.473011], [126.635239, 37.47305], [126.634832, 37.473419], [126.634348, 37.473887], [126.633917, 37.474312], [126.633476, 37.474734], [126.632412, 37.475681]], [[127.046151, 37.73751], [127.046293, 37.736406]], [[127.046293, 37.736406], [127.046484, 37.734929], [127.046507, 37.734765]], [[127.046507, 37.734765], [127.046576, 37.734261], [127.04665, 37.733679], [127.046661, 37.73359], [127.046683, 37.733422]], [[127.044822, 37.773247], [127.044903, 37.774206]], [[127.044545, 37.770999], [127.044594, 37.771358], [127.044663, 37.771747], [127.044739, 37.772207], [127.044751, 37.77235], [127.044802, 37.77302], [127.044805, 37.773061], [127.044822, 37.773247]], [[127.031029, 37.211046], [127.031836, 37.209471], [127.032819, 37.207621], [127.033709, 37.20589], [127.034387, 37.204594]], [[126.971301, 37.55071], [126.971332, 37.550828], [126.971334, 37.550837], [126.971379, 37.551013], [126.971458, 37.551265], [126.971497, 37.551407], [126.971521, 37.55151], [126.971535, 37.551624], [126.97155, 37.551743], [126.971555, 37.551872], [126.971546, 37.552345], [126.971532, 37.553096]], [[126.971301, 37.55071], [126.971261, 37.550532], [126.971235, 37.55038], [126.971215, 37.550219], [126.97119, 37.549999], [126.971175, 37.549655]], [[126.971175, 37.549655], [126.971172, 37.549431]], [[126.971172, 37.549431], [126.971174, 37.549183], [126.971178, 37.548735]], [[126.971178, 37.548735], [126.971181, 37.548585], [126.971181, 37.548414]], [[126.971181, 37.548414], [126.971177, 37.547279], [126.971191, 37.546], [126.971191, 37.54517]], [[126.971191, 37.54517], [126.971198, 37.544868]], [[126.971198, 37.544868], [126.971208, 37.544416]], [[126.971208, 37.544416], [126.971209, 37.543403], [126.97121, 37.541911]], [[126.97121, 37.541911], [126.971211, 37.541622]], [[126.971211, 37.541622], [126.971218, 37.538636], [126.971213, 37.538248], [126.97119, 37.537918], [126.971163, 37.537559], [126.971091, 37.536794], [126.97098, 37.53605], [126.970865, 37.535544], [126.970782, 37.535258], [126.970653, 37.534949], [126.970555, 37.534758], [126.970421, 37.534543], [126.970207, 37.534218], [126.970018, 37.533983], [126.969861, 37.533811], [126.969719, 37.533664], [126.969421, 37.533401], [126.968781, 37.532918], [126.967798, 37.532185]], [[126.967798, 37.532185], [126.966777, 37.531425], [126.966069, 37.530921], [126.966046, 37.530904]], [[126.966046, 37.530904], [126.963051, 37.52876]], [[126.963051, 37.52876], [126.960881, 37.527199], [126.960354, 37.526816]], [[126.960354, 37.526816], [126.96002, 37.526532], [126.959488, 37.526173], [126.95878, 37.525695], [126.957792, 37.524979], [126.956969, 37.524363], [126.956275, 37.523765]], [[126.956275, 37.523765], [126.947841, 37.516347]], [[126.947841, 37.516347], [126.947306, 37.515879], [126.946765, 37.515475], [126.946461, 37.515267], [126.946181, 37.515103], [126.945599, 37.514878], [126.944856, 37.5147], [126.944329, 37.514611], [126.942449, 37.514431], [126.941029, 37.514277], [126.940158, 37.514144], [126.939493, 37.514041], [126.93903, 37.513979], [126.938534, 37.513918], [126.937939, 37.513862], [126.937388, 37.513847], [126.936805, 37.513871], [126.936155, 37.513978], [126.93486, 37.514249], [126.934279, 37.514368], [126.933798, 37.514435], [126.933329, 37.514458], [126.932667, 37.514429], [126.93182, 37.514314], [126.931365, 37.514208], [126.928933, 37.513612]], [[126.928933, 37.513612], [126.927436, 37.513212], [126.927035, 37.513138]], [[126.927035, 37.513138], [126.926731, 37.513097], [126.926457, 37.51308], [126.926079, 37.51307], [126.925668, 37.513084], [126.925285, 37.513116], [126.924957, 37.513163], [126.924516, 37.513244], [126.924065, 37.513363], [126.923572, 37.513524], [126.923036, 37.513755], [126.922638, 37.513967], [126.922287, 37.514184], [126.921863, 37.514486], [126.920561, 37.515518], [126.920244, 37.515742], [126.919899, 37.515949], [126.919473, 37.51616], [126.918962, 37.516385], [126.918588, 37.516534], [126.918149, 37.516675], [126.917409, 37.516855]], [[126.917409, 37.516855], [126.916889, 37.516955], [126.916547, 37.516989], [126.915796, 37.517023], [126.915246, 37.517005], [126.914132, 37.516936], [126.912794, 37.516843], [126.912485, 37.516822], [126.911875, 37.516784], [126.911475, 37.516752], [126.911067, 37.516694], [126.910645, 37.516608], [126.910117, 37.516444], [126.909434, 37.51615], [126.908984, 37.515956]], [[126.908984, 37.515956], [126.906812, 37.515028]], [[126.906812, 37.515028], [126.906636, 37.514958], [126.905199, 37.514357], [126.903724, 37.513728], [126.902521, 37.513253], [126.901445, 37.512879], [126.900865, 37.512651], [126.900767, 37.512613], [126.900524, 37.512524], [126.9, 37.512331], [126.899267, 37.512062], [126.897514, 37.511377], [126.896433, 37.510906], [126.893999, 37.50982], [126.89268, 37.509256]], [[126.89268, 37.509256], [126.892146, 37.50903]], [[126.892146, 37.50903], [126.891448, 37.508736], [126.890829, 37.508452], [126.890444, 37.508263], [126.889264, 37.507622], [126.888247, 37.506979], [126.886646, 37.505991], [126.885376, 37.505215], [126.884718, 37.504809], [126.884094, 37.50436], [126.883559, 37.503899], [126.88167, 37.502176], [126.881372, 37.501912], [126.881058, 37.501554], [126.880784, 37.501228], [126.880529, 37.500864], [126.88026, 37.500431], [126.879982, 37.499881], [126.879809, 37.499416], [126.879645, 37.498825], [126.879539, 37.498308], [126.879482, 37.497524], [126.87949, 37.496957], [126.87958, 37.496084], [126.879698, 37.494003], [126.879848, 37.492076], [126.879929, 37.490942], [126.879974, 37.490235], [126.880094, 37.488362], [126.880166, 37.487631], [126.880249, 37.487176], [126.880406, 37.486721], [126.880682, 37.486038], [126.88307, 37.480612], [126.883739, 37.47909], [126.887118, 37.471477], [126.889114, 37.466976], [126.889951, 37.465071], [126.890763, 37.463273], [126.89191, 37.460481], [126.8922, 37.459765], [126.893613, 37.456529], [126.89442, 37.454697], [126.894439, 37.454656], [126.894641, 37.454234], [126.895198, 37.452955]], [[126.895198, 37.452955], [126.895516, 37.452243], [126.89564, 37.451965]], [[126.89564, 37.451965], [126.896389, 37.450426], [126.896533, 37.450111], [126.89699, 37.449104], [126.897019, 37.44904], [126.897395, 37.448184], [126.897435, 37.448094], [126.898221, 37.446265], [126.898741, 37.444971], [126.899388, 37.443438], [126.900371, 37.441268], [126.901273, 37.439244], [126.901638, 37.438365], [126.901826, 37.437703], [126.901947, 37.437141], [126.902084, 37.43643], [126.902528, 37.434085], [126.903269, 37.430282], [126.903622, 37.428494], [126.903726, 37.428014], [126.903821, 37.427669], [126.903998, 37.427172], [126.904153, 37.4268], [126.904669, 37.425831], [126.905224, 37.424815], [126.906003, 37.423389], [126.907084, 37.4214], [126.907627, 37.420623], [126.909201, 37.418695], [126.909595, 37.418218], [126.909982, 37.417716], [126.910612, 37.416909], [126.91112, 37.416294]], [[126.91112, 37.416294], [126.911306, 37.416072]], [[126.911306, 37.416072], [126.912452, 37.414681], [126.913639, 37.413274]], [[126.913639, 37.413274], [126.913748, 37.41312]], [[126.913748, 37.41312], [126.915393, 37.411017], [126.915938, 37.41036]], [[126.915938, 37.41036], [126.91679, 37.409286]], [[126.91679, 37.409286], [126.919082, 37.406407], [126.919381, 37.406033], [126.921011, 37.403986], [126.923042, 37.401471], [126.923733, 37.400616], [126.923779, 37.400561], [126.924798, 37.399357], [126.925423, 37.398617], [126.926336, 37.397538], [126.927206, 37.39665], [126.928175, 37.395842], [126.929541, 37.394777], [126.931438, 37.393277], [126.932304, 37.392424], [126.932778, 37.391781], [126.933088, 37.391166], [126.934778, 37.386685], [126.935163, 37.385708], [126.935982, 37.38345], [126.93641, 37.382351], [126.936779, 37.381639], [126.937246, 37.38096], [126.937494, 37.380652], [126.93989, 37.378367], [126.940583, 37.377616], [126.940994, 37.377119], [126.941249, 37.376691], [126.941616, 37.376018], [126.942957, 37.373306], [126.943838, 37.371408], [126.944846, 37.369289], [126.945635, 37.367696], [126.946401, 37.366053], [126.947239, 37.364232], [126.948063, 37.362483], [126.948369, 37.361759], [126.948517, 37.361231], [126.948615, 37.360708], [126.948648, 37.360382], [126.948602, 37.358109], [126.94853, 37.355148], [126.948478, 37.353428], [126.948469, 37.353125], [126.948423, 37.350456], [126.948402, 37.347295], [126.948399, 37.346014], [126.948389, 37.344354], [126.948378, 37.342362], [126.948369, 37.341637], [126.948387, 37.339845], [126.948373, 37.338696], [126.948371, 37.338572], [126.948362, 37.337836], [126.948339, 37.336187], [126.948323, 37.335412], [126.948238, 37.333262], [126.948096, 37.329742], [126.948026, 37.328306], [126.947908, 37.326009], [126.947852, 37.324721], [126.947834, 37.323927], [126.948023, 37.321503], [126.948149, 37.319385], [126.94816, 37.319238], [126.948393, 37.316321], [126.948462, 37.315877], [126.948571, 37.315535], [126.948723, 37.315156], [126.948889, 37.314799], [126.949286, 37.314093], [126.951101, 37.311282], [126.951449, 37.310724], [126.952338, 37.309345], [126.953006, 37.308379], [126.953798, 37.307507], [126.960992, 37.302286], [126.961856, 37.301831], [126.962801, 37.30141], [126.963642, 37.301189], [126.966791, 37.30078], [126.969651, 37.300482], [126.97211, 37.3002], [126.972982, 37.300093], [126.973526, 37.300031], [126.974327, 37.299915], [126.975189, 37.299717], [126.975917, 37.299462], [126.976517, 37.299205], [126.977124, 37.298867], [126.977584, 37.298536], [126.977896, 37.298259], [126.978237, 37.297969], [126.97918, 37.29691], [126.980483, 37.29546], [126.981309, 37.29452], [126.981933, 37.293801], [126.983422, 37.292124], [126.984951, 37.290449], [126.985669, 37.289669], [126.986025, 37.289254]], [[126.986025, 37.289254], [126.986318, 37.288923], [126.986394, 37.288837]], [[126.986394, 37.288837], [126.986945, 37.288189], [126.987324, 37.287739], [126.987751, 37.287167], [126.988319, 37.286288], [126.989065, 37.285061], [126.990223, 37.28303], [126.990911, 37.281761], [126.991669, 37.28042], [126.992439, 37.279101], [126.99318, 37.277806], [126.993836, 37.276665], [126.994753, 37.275085], [126.995445, 37.273921], [126.99576, 37.273348], [126.995954, 37.272995], [126.996345, 37.272284], [126.996481, 37.272036], [126.996568, 37.271874], [126.99699, 37.27109], [126.997488, 37.270105], [126.997733, 37.269624]], [[126.997733, 37.269624], [126.997868, 37.269525]], [[126.997868, 37.269525], [126.998209, 37.269023], [126.998401, 37.268762], [126.999064, 37.267704], [127.000439, 37.265315], [127.001511, 37.263462], [127.002007, 37.262577], [127.002257, 37.262128], [127.002472, 37.261699]], [[127.002472, 37.261699], [127.002657, 37.261413], [127.003018, 37.260827], [127.003182, 37.260537], [127.003384, 37.26018], [127.003598, 37.259805], [127.003867, 37.259366], [127.004389, 37.258467], [127.004542, 37.258202]], [[127.004785, 37.257885], [127.004542, 37.258202]], [[127.002674, 37.261139], [127.002208, 37.26191], [127.001868, 37.262405], [127.001376, 37.263056], [127.00109, 37.263482], [126.999558, 37.266039], [126.999015, 37.266923], [126.998851, 37.267198], [126.998531, 37.267734], [126.998156, 37.268511], [126.998008, 37.268844]], [[126.997091, 37.270649], [126.996872, 37.271206]], [[126.996872, 37.271206], [126.996572, 37.271742], [126.996111, 37.272626], [126.995514, 37.27369], [126.995259, 37.274145], [126.994402, 37.275589], [126.993273, 37.277521], [126.992254, 37.279276], [126.991547, 37.280546], [126.990784, 37.281776], [126.990102, 37.282969], [126.988967, 37.284973], [126.988359, 37.286012], [126.987689, 37.287084], [126.987243, 37.287698], [126.986828, 37.288202], [126.986321, 37.288777]], [[126.986321, 37.288777], [126.985947, 37.289203]], [[126.985947, 37.289203], [126.984881, 37.290408], [126.984766, 37.290535], [126.983341, 37.29211], [126.981857, 37.293769], [126.981255, 37.294492], [126.980428, 37.295434], [126.979132, 37.296881], [126.978175, 37.297943], [126.977862, 37.298227], [126.977546, 37.298506], [126.977086, 37.298831], [126.976475, 37.299159], [126.975881, 37.299406], [126.975177, 37.299678], [126.974315, 37.299877], [126.973523, 37.299994], [126.972978, 37.300057], [126.972104, 37.300169], [126.969807, 37.300442], [126.969654, 37.300461], [126.967122, 37.300702], [126.965209, 37.300937], [126.963757, 37.301133], [126.963262, 37.301219], [126.962654, 37.3014], [126.962092, 37.301618], [126.96167, 37.30182], [126.960981, 37.302208], [126.958841, 37.303762], [126.953851, 37.30738], [126.953283, 37.307922], [126.952781, 37.308523], [126.951711, 37.310189], [126.950742, 37.311706], [126.950588, 37.311946], [126.949234, 37.314068], [126.948826, 37.314748], [126.948651, 37.315124], [126.948503, 37.315526], [126.948393, 37.315841], [126.948325, 37.316337], [126.94812, 37.319243], [126.947992, 37.321359], [126.947982, 37.321515], [126.947798, 37.323907], [126.947799, 37.324748], [126.947867, 37.32632], [126.947957, 37.328463], [126.948043, 37.330501], [126.948204, 37.333463], [126.948291, 37.336188], [126.948332, 37.33982], [126.948334, 37.342403], [126.948325, 37.344335], [126.948342, 37.346005], [126.948337, 37.347719], [126.948358, 37.350453], [126.948373, 37.35118], [126.948427, 37.353101], [126.948479, 37.354953], [126.948485, 37.355186], [126.948539, 37.358112], [126.948584, 37.360002], [126.948572, 37.360445], [126.948539, 37.360721], [126.948506, 37.360979], [126.948404, 37.361403], [126.948297, 37.361746], [126.947754, 37.362956], [126.946707, 37.365254], [126.945826, 37.367164], [126.944681, 37.369528], [126.943797, 37.371384], [126.94291, 37.373292], [126.941913, 37.375296], [126.941561, 37.375997], [126.941201, 37.37667], [126.94095, 37.377102], [126.940195, 37.377947], [126.939815, 37.378383], [126.938561, 37.379559], [126.937976, 37.380105], [126.937464, 37.380633], [126.937217, 37.380929], [126.936738, 37.381625], [126.936373, 37.382337], [126.93593, 37.383443], [126.935107, 37.385692], [126.934472, 37.387335], [126.933788, 37.389161], [126.933203, 37.390738], [126.932966, 37.391319], [126.932697, 37.391778], [126.932222, 37.392431], [126.931372, 37.393251], [126.929506, 37.39475], [126.928462, 37.395566], [126.927232, 37.396543], [126.926489, 37.397297], [126.925207, 37.398803], [126.924746, 37.399345], [126.923412, 37.400951], [126.922345, 37.402274], [126.922039, 37.402651], [126.921071, 37.40385], [126.919873, 37.405301], [126.919331, 37.406005], [126.91883, 37.406635], [126.916724, 37.409281]], [[126.916724, 37.409281], [126.915864, 37.410356]], [[126.915864, 37.410356], [126.913785, 37.412968], [126.913689, 37.413095]], [[126.913689, 37.413095], [126.913576, 37.41324]], [[126.913576, 37.41324], [126.911277, 37.416059]], [[126.911277, 37.416059], [126.911101, 37.416277]], [[126.911101, 37.416277], [126.910083, 37.417543], [126.909553, 37.418199], [126.907595, 37.420607], [126.907034, 37.421385], [126.905943, 37.423367], [126.905174, 37.424764], [126.904614, 37.425808], [126.904096, 37.426781], [126.903937, 37.427159], [126.903763, 37.427661], [126.903663, 37.428009], [126.903563, 37.428488], [126.903206, 37.430275], [126.902485, 37.434082], [126.902266, 37.435251], [126.902047, 37.436419], [126.901909, 37.437135], [126.90176, 37.437723], [126.901562, 37.438341], [126.901206, 37.439228], [126.900304, 37.441252], [126.899344, 37.443425], [126.898669, 37.444956], [126.897482, 37.44744], [126.897066, 37.448374], [126.896116, 37.450609], [126.895589, 37.451951]], [[126.895154, 37.452941], [126.894609, 37.454215], [126.894405, 37.454642], [126.893621, 37.456431], [126.892201, 37.459609], [126.891862, 37.460444], [126.89165, 37.460929], [126.891565, 37.461137], [126.891247, 37.461934], [126.890846, 37.462917], [126.889908, 37.465064], [126.88906, 37.466966], [126.88706, 37.471462], [126.883688, 37.479075], [126.883028, 37.480601], [126.880609, 37.486016], [126.880345, 37.486703], [126.880196, 37.487167], [126.880105, 37.487623], [126.880033, 37.488361], [126.879898, 37.490454], [126.879883, 37.490675], [126.879866, 37.490944], [126.879784, 37.492075], [126.879656, 37.494008], [126.879509, 37.496086], [126.879447, 37.496957], [126.879431, 37.497527], [126.879492, 37.498311], [126.879598, 37.49883], [126.879774, 37.499426], [126.879941, 37.499887], [126.880223, 37.500446], [126.880486, 37.50088], [126.88074, 37.501244], [126.881005, 37.501576], [126.881332, 37.501928], [126.881628, 37.5022], [126.883517, 37.503927], [126.884058, 37.504383], [126.884695, 37.504831], [126.886611, 37.506025], [126.888208, 37.507011], [126.889236, 37.507659], [126.89042, 37.508289], [126.89081, 37.508478], [126.891431, 37.508762], [126.892124, 37.509063]], [[126.892124, 37.509063], [126.892662, 37.509281]], [[126.892662, 37.509281], [126.89398, 37.509847], [126.896409, 37.510939], [126.897488, 37.511412], [126.899238, 37.512099], [126.899982, 37.512372], [126.90051, 37.512567], [126.900738, 37.51265]], [[126.900738, 37.51265], [126.901241, 37.512889], [126.901927, 37.513171]], [[126.907286, 37.515448], [126.907975, 37.51572], [126.90825, 37.515804]], [[126.90825, 37.515804], [126.90854, 37.515909], [126.908605, 37.515925], [126.90894, 37.516014]], [[126.90894, 37.516014], [126.909409, 37.516177]], [[126.909409, 37.516177], [126.910103, 37.516482], [126.910642, 37.516647], [126.911067, 37.516733], [126.911478, 37.516789], [126.911868, 37.516821], [126.913454, 37.51693], [126.913643, 37.516943], [126.914128, 37.516976], [126.915245, 37.517043], [126.915797, 37.517062], [126.916526, 37.517036], [126.916894, 37.517002], [126.917418, 37.51689]], [[126.917418, 37.51689], [126.918161, 37.516707], [126.918604, 37.516568], [126.918984, 37.51642], [126.919496, 37.516195], [126.919918, 37.515983], [126.920279, 37.515768], [126.920601, 37.515546], [126.921903, 37.514515], [126.922325, 37.514215], [126.922672, 37.514], [126.92306, 37.513783], [126.923597, 37.513567], [126.924083, 37.513403], [126.924534, 37.513285], [126.924969, 37.513205], [126.925432, 37.513153], [126.925878, 37.513127], [126.926259, 37.513123], [126.926604, 37.513134], [126.92683, 37.513153], [126.927027, 37.513184]], [[126.927027, 37.513184], [126.927058, 37.513189], [126.927421, 37.513254], [126.928921, 37.513661]], [[126.928921, 37.513661], [126.931344, 37.514258], [126.931815, 37.514362], [126.932655, 37.514475], [126.933331, 37.514504], [126.933808, 37.514476], [126.934289, 37.514414], [126.934877, 37.514302], [126.936167, 37.514023], [126.936814, 37.51392], [126.937386, 37.513894], [126.937934, 37.513903], [126.938528, 37.513959], [126.939024, 37.514019], [126.939487, 37.514083], [126.939805, 37.514127], [126.940155, 37.514182], [126.941026, 37.514303], [126.942442, 37.514462], [126.943602, 37.514579], [126.944316, 37.514651], [126.944843, 37.514741], [126.945577, 37.514917], [126.946143, 37.515135], [126.946419, 37.515297], [126.94672, 37.515503], [126.947264, 37.51592], [126.9478, 37.516378]], [[126.9478, 37.516378], [126.956246, 37.523792]], [[126.956246, 37.523792], [126.956931, 37.524384], [126.957752, 37.525005], [126.958745, 37.525725], [126.959006, 37.525903], [126.959983, 37.526571], [126.960986, 37.52747], [126.961066, 37.527541]], [[126.961066, 37.527541], [126.961498, 37.527901], [126.961796, 37.528183], [126.962389, 37.528725], [126.962754, 37.529012]], [[126.962754, 37.529012], [126.965731, 37.531174]], [[126.965731, 37.531174], [126.966095, 37.531439], [126.966657, 37.531841], [126.967175, 37.532241], [126.967553, 37.532489], [126.967842, 37.532705]], [[126.967842, 37.532705], [126.967986, 37.532807], [126.968448, 37.533147], [126.96873, 37.533359], [126.969155, 37.533657], [126.969622, 37.534016], [126.969733, 37.534111], [126.969838, 37.53421], [126.969925, 37.534304], [126.970038, 37.534432], [126.970229, 37.534675], [126.970346, 37.53485], [126.97048, 37.535075], [126.970619, 37.535353], [126.970728, 37.535623], [126.970838, 37.536008], [126.970877, 37.536167], [126.970943, 37.536513], [126.970988, 37.536881], [126.971039, 37.537302], [126.971078, 37.537744], [126.971119, 37.538395], [126.971127, 37.539943], [126.971115, 37.540942], [126.97111, 37.541606]], [[126.97111, 37.541606], [126.97111, 37.541709], [126.971111, 37.541886]], [[126.971111, 37.541886], [126.971113, 37.542821], [126.971107, 37.544866], [126.971102, 37.545078], [126.9711, 37.545187], [126.971096, 37.545481], [126.971096, 37.546142]], [[126.971096, 37.546142], [126.97109, 37.546569], [126.971092, 37.546769]], [[126.971092, 37.546769], [126.971139, 37.54747]], [[126.971138, 37.547637], [126.971139, 37.54747]], [[126.971136, 37.548734], [126.971134, 37.54837], [126.971138, 37.547637]], [[126.971172, 37.549431], [126.971152, 37.549049], [126.971136, 37.548734]], [[126.88721, 37.506495], [126.887576, 37.506789]], [[126.884291, 37.504718], [126.88467, 37.504945], [126.885126, 37.505215], [126.885655, 37.505524]], [[126.88248, 37.503256], [126.883048, 37.503775], [126.883279, 37.50397], [126.883455, 37.504119], [126.883674, 37.504307], [126.883675, 37.504309], [126.883973, 37.504521], [126.884291, 37.504718]], [[127.05497, 37.927548], [127.055083, 37.926965], [127.055184, 37.926435], [127.055264, 37.925974], [127.055287, 37.925861], [127.05537, 37.925453], [127.055449, 37.924936], [127.055494, 37.924497], [127.055516, 37.924305]], [[127.055516, 37.924305], [127.055521, 37.92403]], [[127.044416, 37.770139], [127.044534, 37.770846]], [[127.046524, 37.73427], [127.046507, 37.734765]], [[127.055795, 37.922325], [127.055797, 37.92243], [127.055802, 37.922593]], [[127.060089, 37.627586], [127.060209, 37.62738], [127.060318, 37.627211]], [[127.061137, 37.625572], [127.061087, 37.625682], [127.061006, 37.625858], [127.060925, 37.626045], [127.060905, 37.626088], [127.060638, 37.626666], [127.060603, 37.626734], [127.060318, 37.627211]], [[127.061137, 37.625572], [127.061155, 37.62553], [127.061319, 37.625139], [127.061458, 37.624839], [127.061477, 37.624798], [127.06205, 37.623502]], [[126.884387, 37.504709], [126.883787, 37.504231], [126.883474, 37.503956], [126.881784, 37.502409]], [[126.881784, 37.502409], [126.881609, 37.502249], [126.881141, 37.501821], [126.880678, 37.501357], [126.880272, 37.500918]], [[126.880272, 37.500918], [126.880116, 37.500749], [126.879694, 37.500289], [126.879415, 37.499928], [126.879207, 37.499579]], [[126.880055, 37.491521], [126.879851, 37.494536], [126.879818, 37.49512], [126.87979, 37.49554], [126.879719, 37.495979], [126.87958, 37.496454], [126.879386, 37.496957], [126.879194, 37.497386], [126.879107, 37.497608], [126.879025, 37.497876], [126.878985, 37.498124], [126.878959, 37.498348], [126.878957, 37.49856], [126.878976, 37.498812], [126.879032, 37.49909], [126.879122, 37.499365], [126.879207, 37.499579]], [[126.880052, 37.490239], [126.880078, 37.491032], [126.880055, 37.491521]], [[126.894641, 37.45449], [126.895, 37.453501], [126.895198, 37.452955]], [[126.89564, 37.451965], [126.896176, 37.45074]], [[126.896176, 37.45074], [126.896597, 37.449807], [126.897209, 37.448393]], [[126.897209, 37.448393], [126.898071, 37.446433], [126.898405, 37.445433], [126.898592, 37.444458], [126.898659, 37.443598], [126.898594, 37.442814], [126.898462, 37.442044], [126.89828, 37.441354], [126.898033, 37.440647], [126.897658, 37.43988]], [[126.897658, 37.43988], [126.897175, 37.438969], [126.889749, 37.425438], [126.888258, 37.422494]], [[126.888258, 37.422494], [126.887871, 37.421617], [126.887629, 37.421081], [126.887267, 37.420323], [126.886466, 37.418948]], [[126.886466, 37.418948], [126.886264, 37.418461], [126.886082, 37.418141]], [[126.886082, 37.418141], [126.885781, 37.417581]], [[126.885781, 37.417581], [126.884787, 37.41576]], [[127.059673, 37.62838], [127.059788, 37.628152], [127.060041, 37.627695]], [[126.888554, 37.507475], [126.888091, 37.507109]], [[127.06243, 37.622123], [127.062589, 37.62178], [127.062684, 37.621549], [127.062808, 37.621254], [127.062865, 37.621141], [127.062981, 37.620909]], [[127.045106, 37.198554], [127.045461, 37.198507], [127.045809, 37.198478], [127.046121, 37.198426], [127.046377, 37.198349], [127.046694, 37.19825], [127.049117, 37.19698], [127.049768, 37.196737], [127.050076, 37.19663], [127.050157, 37.196601]], [[127.050157, 37.196601], [127.050364, 37.196533], [127.050707, 37.196396]], [[127.050707, 37.196396], [127.05194, 37.195778]], [[126.849609, 37.495442], [126.849327, 37.495361], [126.849053, 37.495282]], [[126.849001, 37.495389], [126.849298, 37.495434], [126.849597, 37.49548]], [[126.898299, 37.511871], [126.898801, 37.51203]], [[126.884291, 37.504718], [126.884588, 37.504865], [126.884934, 37.505035]], [[126.880423, 37.501506], [126.880816, 37.501806], [126.881227, 37.502121]], [[126.881227, 37.502121], [126.881473, 37.502332], [126.881612, 37.502462]], [[126.881612, 37.502462], [126.881815, 37.502648], [126.88248, 37.503256]], [[126.881342, 37.502162], [126.881612, 37.502462]], [[126.913642, 37.517024], [126.914118, 37.517099]], [[126.912882, 37.51693], [126.913371, 37.517004]], [[127.06205, 37.623502], [127.062774, 37.621859], [127.062835, 37.621717], [127.062979, 37.621381], [127.063031, 37.621265], [127.063306, 37.620649]], [[127.063448, 37.62027], [127.063306, 37.620649]], [[127.063582, 37.619959], [127.06354, 37.620069], [127.063448, 37.62027]], [[127.063582, 37.619959], [127.063682, 37.619673], [127.063731, 37.619483], [127.063754, 37.619409], [127.063766, 37.61937], [127.06385, 37.619151]], [[127.073932, 38.101451], [127.073968, 38.10145], [127.073928, 38.101061], [127.073808, 38.100369], [127.073657, 38.09965], [127.073619, 38.099659], [127.073755, 38.100389], [127.073816, 38.100805], [127.073868, 38.101096], [127.073932, 38.101451]], [[127.073347, 38.09843], [127.073523, 38.099027], [127.073651, 38.099496], [127.073761, 38.09994], [127.073863, 38.100461]], [[127.072498, 38.093941], [127.072955, 38.096319], [127.073041, 38.09679], [127.073216, 38.097684], [127.073245, 38.097902], [127.073284, 38.098109], [127.073347, 38.09843]], [[127.07171, 38.087617], [127.07161, 38.088442], [127.071609, 38.08874], [127.071676, 38.089279], [127.071861, 38.090345], [127.072383, 38.09313], [127.072498, 38.093941]], [[127.072144, 38.085322], [127.071806, 38.086863], [127.07171, 38.087617]], [[127.073721, 38.075895], [127.073756, 38.076018], [127.073864, 38.076677], [127.073784, 38.077664], [127.073017, 38.081153], [127.072508, 38.083591], [127.072337, 38.084363], [127.07219, 38.085095], [127.072144, 38.085322]], [[127.073697, 38.075811], [127.073721, 38.075895]], [[127.073529, 38.07522], [127.073697, 38.075811]], [[127.073485, 38.075133], [127.073529, 38.07522]], [[127.067562, 38.058094], [127.067821, 38.059527], [127.068045, 38.060524], [127.068431, 38.062664], [127.068552, 38.063174], [127.069139, 38.066141], [127.06962, 38.067938], [127.069951, 38.068865], [127.070259, 38.069611], [127.070855, 38.070742], [127.071354, 38.071524], [127.072658, 38.07354], [127.073485, 38.075133]], [[127.067526, 38.057964], [127.067552, 38.058059], [127.067562, 38.058094]], [[127.066128, 38.050794], [127.066244, 38.051311], [127.06643, 38.052275], [127.066671, 38.053529], [127.066954, 38.054817], [127.067216, 38.056216], [127.067502, 38.057864], [127.067526, 38.057964]], [[127.066102, 38.050681], [127.066128, 38.050794]], [[127.066029, 38.041754], [127.065609, 38.043611], [127.065498, 38.044425], [127.065388, 38.045979], [127.065431, 38.047147], [127.065521, 38.047774], [127.065607, 38.048364], [127.065983, 38.050151], [127.066102, 38.050681]], [[127.0671, 38.037264], [127.06707, 38.037389], [127.067049, 38.037473], [127.066736, 38.038713], [127.066347, 38.040315], [127.066029, 38.041754]], [[127.067421, 38.035732], [127.067171, 38.036966], [127.0671, 38.037264]], [[127.068933, 38.030079], [127.068728, 38.03059], [127.06869, 38.030713], [127.068512, 38.03125], [127.068224, 38.032238], [127.067975, 38.033195], [127.067867, 38.033699], [127.067741, 38.034282], [127.067562, 38.035071], [127.067421, 38.035732]], [[127.069476, 38.028868], [127.069365, 38.029104], [127.069043, 38.029795], [127.068933, 38.030079]], [[127.069618, 38.028562], [127.069476, 38.028868]], [[127.070154, 38.027626], [127.069935, 38.027984], [127.069618, 38.028562]], [[127.070428, 38.027153], [127.070341, 38.027288], [127.070154, 38.027626]], [[127.070428, 38.027153], [127.070715, 38.02676], [127.070906, 38.026461], [127.07123, 38.025973], [127.071399, 38.025649], [127.07159, 38.025318], [127.071759, 38.024991], [127.071867, 38.024784], [127.071906, 38.024716]], [[127.071906, 38.024716], [127.071947, 38.024637]], [[127.071947, 38.024637], [127.072411, 38.023785], [127.072459, 38.023688], [127.072557, 38.023468], [127.072646, 38.023277], [127.072699, 38.023096], [127.07275, 38.022977], [127.072791, 38.022882], [127.072992, 38.022448]], [[127.073543, 38.021394], [127.073471, 38.021528], [127.073387, 38.021683], [127.072992, 38.022448]], [[127.074672, 38.018794], [127.074624, 38.018989], [127.074576, 38.019184], [127.07444, 38.019621], [127.074149, 38.020254], [127.073983, 38.02058], [127.073543, 38.021394]], [[127.074743, 38.018458], [127.074701, 38.018667], [127.074672, 38.018794]], [[127.074579, 38.012654], [127.074601, 38.012825], [127.074629, 38.013022], [127.074707, 38.014422], [127.074703, 38.014665], [127.074707, 38.014989], [127.074732, 38.015625], [127.074739, 38.015787], [127.074821, 38.016694], [127.074822, 38.017443], [127.074812, 38.017876], [127.074794, 38.018197], [127.074791, 38.01822], [127.074743, 38.018458]], [[127.074657, 38.007068], [127.074452, 38.007875], [127.074394, 38.008256], [127.074357, 38.008468], [127.074316, 38.009236], [127.074304, 38.00956], [127.074299, 38.009909], [127.074365, 38.01063], [127.074374, 38.011002], [127.074579, 38.012654]], [[127.075751, 38.001899], [127.07573, 38.00201], [127.075708, 38.002286], [127.075613, 38.00277], [127.075323, 38.0039], [127.075019, 38.005323], [127.074657, 38.007068]], [[127.07576, 38.001712], [127.075751, 38.001899]], [[127.075662, 37.999504], [127.075663, 37.999754], [127.075663, 37.999921], [127.07575, 38.000953], [127.075768, 38.001373], [127.07576, 38.001712]], [[127.075594, 37.99891], [127.07563, 37.999246], [127.075662, 37.999504]], [[127.075594, 37.99891], [127.075585, 37.998485], [127.075551, 37.997894], [127.075502, 37.997575]], [[127.075502, 37.997575], [127.075413, 37.997147], [127.075389, 37.997034], [127.075292, 37.996704], [127.075131, 37.996393]], [[127.075131, 37.996393], [127.075019, 37.996207], [127.074904, 37.995985], [127.07486, 37.995902], [127.074765, 37.995736], [127.074607, 37.995487], [127.074451, 37.995262], [127.074357, 37.995142], [127.074047, 37.994755], [127.073676, 37.994333], [127.073659, 37.994317], [127.073537, 37.994191], [127.073394, 37.99407], [127.073039, 37.993776], [127.072285, 37.993248]], [[127.072285, 37.993248], [127.071463, 37.99274]], [[127.070037, 37.991758], [127.070906, 37.99236], [127.071107, 37.9925], [127.071463, 37.99274]], [[127.068793, 37.99081], [127.069279, 37.99116], [127.070037, 37.991758]], [[127.059275, 37.968361], [127.059255, 37.968643], [127.059214, 37.969], [127.059136, 37.969355], [127.058824, 37.970501], [127.058525, 37.971739], [127.05833, 37.97239], [127.057925, 37.973821], [127.057769, 37.974872], [127.057681, 37.97579], [127.057708, 37.976675], [127.057811, 37.977419], [127.058156, 37.978623], [127.058804, 37.980083], [127.059657, 37.981776], [127.06097, 37.983771], [127.062911, 37.986006], [127.064728, 37.987803], [127.067068, 37.989646], [127.068793, 37.99081]], [[127.059379, 37.967405], [127.0593, 37.968039], [127.059275, 37.968361]], [[127.061281, 37.962311], [127.060736, 37.9635], [127.060409, 37.964196], [127.06005, 37.965165], [127.05976, 37.965954], [127.059532, 37.966676], [127.059431, 37.967108], [127.059379, 37.967405]], [[127.06211, 37.958532], [127.062098, 37.958927], [127.062062, 37.959313], [127.062014, 37.959558], [127.06197, 37.959784], [127.061877, 37.96029], [127.061738, 37.960809], [127.061691, 37.96104], [127.061593, 37.961447], [127.061281, 37.962311]], [[127.061061, 37.949982], [127.061139, 37.950527], [127.06116, 37.950706], [127.061224, 37.951289], [127.061395, 37.952553], [127.061468, 37.953097], [127.061535, 37.953518], [127.061657, 37.954478], [127.061751, 37.955295], [127.061844, 37.955952], [127.061919, 37.95652], [127.062005, 37.957223], [127.062064, 37.957977], [127.062087, 37.958251], [127.06211, 37.958532]], [[127.061061, 37.949982], [127.061036, 37.949517], [127.060949, 37.948948], [127.060943, 37.948895], [127.060873, 37.948276], [127.060842, 37.947975], [127.06077, 37.947439], [127.060722, 37.947162]], [[127.062619, 37.622365], [127.061716, 37.624421], [127.061679, 37.624411], [127.062582, 37.622355], [127.062619, 37.622365]], [[127.058783, 37.633774], [127.058711, 37.632154], [127.058775, 37.632152], [127.058847, 37.633772], [127.058783, 37.633774]], [[127.051692, 37.643822], [127.051628, 37.643805], [127.050954, 37.645384], [127.051018, 37.645401], [127.051692, 37.643822]], [[127.048052, 37.652131], [127.047152, 37.654176], [127.047085, 37.654162], [127.047997, 37.652122], [127.048052, 37.652131]], [[127.044188, 37.668551], [127.044129, 37.668549], [127.044312, 37.666214], [127.044374, 37.666217], [127.044188, 37.668551]], [[127.045254, 37.678017], [127.045295, 37.678013], [127.045642, 37.679986], [127.045601, 37.679991], [127.045254, 37.678017]], [[127.047099, 37.711544], [127.047593, 37.70899], [127.047541, 37.708984], [127.047512, 37.70913], [127.047038, 37.711537], [127.047099, 37.711544]], [[127.047059, 37.722817], [127.047106, 37.722813], [127.047193, 37.723704], [127.047249, 37.724785], [127.047188, 37.724797], [127.04714, 37.723789], [127.047059, 37.722817]], [[127.046175, 37.736447], [127.046224, 37.736452], [127.045904, 37.738917], [127.045873, 37.738914], [127.046175, 37.736447]], [[127.043947, 37.749254], [127.044005, 37.749269], [127.044203, 37.748813], [127.044405, 37.748294], [127.044675, 37.747507], [127.044616, 37.747493], [127.04435, 37.74828], [127.044144, 37.748797], [127.043947, 37.749254]], [[127.042186, 37.75846], [127.042251, 37.758459], [127.042316, 37.76029], [127.042318, 37.760345], [127.042253, 37.760346], [127.042186, 37.75846]], [[127.044743, 37.775109], [127.044637, 37.773825], [127.044595, 37.773277], [127.044625, 37.773277], [127.044779, 37.775107], [127.044743, 37.775109]], [[127.056258, 37.817913], [127.056322, 37.817897], [127.057031, 37.819672], [127.056967, 37.819688], [127.056258, 37.817913]], [[127.061383, 37.844166], [127.061594, 37.842327], [127.06163, 37.842329], [127.061419, 37.844169], [127.061383, 37.844166]], [[127.055794, 37.893268], [127.055655, 37.891425], [127.055691, 37.891424], [127.05583, 37.893266], [127.055794, 37.893268]], [[127.056504, 37.902643], [127.056372, 37.900805], [127.056408, 37.900803], [127.05654, 37.902641], [127.056504, 37.902643]], [[127.057006, 37.91498], [127.057075, 37.91499], [127.057168, 37.914465], [127.057251, 37.913702], [127.057263, 37.913242], [127.057197, 37.913241], [127.057187, 37.9137], [127.057129, 37.914241], [127.05706, 37.914715], [127.057006, 37.91498]], [[127.05457, 37.928485], [127.054918, 37.926645], [127.054951, 37.926649], [127.054603, 37.928489], [127.05457, 37.928485]], [[127.073566, 37.994331], [127.073546, 37.994363], [127.073889, 37.994719], [127.073988, 37.994854], [127.074441, 37.995444], [127.07474, 37.995898], [127.074782, 37.995882], [127.074475, 37.995424], [127.074016, 37.994829], [127.073566, 37.994331]], [[127.07233, 38.023685], [127.071835, 38.024606], [127.071802, 38.024669], [127.071419, 38.025382], [127.071467, 38.025398], [127.07185, 38.024686], [127.071867, 38.024654], [127.071884, 38.024623], [127.072379, 38.023702], [127.07233, 38.023685]], [[127.060901, 37.948867], [127.060946, 37.94911], [127.061061, 37.949982]], [[127.071463, 37.99274], [127.072046, 37.993152], [127.072388, 37.993371], [127.073105, 37.993894], [127.073484, 37.994218], [127.073675, 37.994404], [127.07379, 37.994519], [127.073961, 37.99472], [127.07414, 37.994927], [127.074305, 37.995151], [127.07455, 37.995478], [127.074774, 37.995834], [127.074825, 37.995928], [127.074907, 37.996093], [127.07507, 37.996409]], [[127.07507, 37.996409], [127.075253, 37.996806], [127.075343, 37.997185], [127.075432, 37.997625]], [[127.075432, 37.997625], [127.075463, 37.9979], [127.075519, 37.998316], [127.075594, 37.99891]], [[127.072992, 38.022448], [127.072661, 38.023049], [127.072383, 38.023564], [127.072253, 38.023816], [127.071821, 38.024593]], [[127.071821, 38.024593], [127.071782, 38.024667]], [[127.071782, 38.024667], [127.071445, 38.025275], [127.071138, 38.025851]], [[127.071138, 38.025851], [127.070766, 38.02653], [127.070581, 38.026871], [127.070428, 38.027153]], [[126.8815, 37.502486], [126.881558, 37.502447], [126.883029, 37.503788], [126.883326, 37.504051], [126.883294, 37.504074], [126.88297, 37.503815], [126.8815, 37.502486]]]}, "properties": {"ref": "1", "name": "수도권 전철 1호선 광명 셔틀: 광명 → 영등포", "operator": "한국철도공사", "color": "#004A85"}}, {"type": "Feature", "geometry": {"type": "MultiLineString", "coordinates": [[[127.01966, 37.515752], [127.019753, 37.515455], [127.020007, 37.514614], [127.020454, 37.512986], [127.021896, 37.509947], [127.023165, 37.50724], [127.023877, 37.505689], [127.024266, 37.504958], [127.024916, 37.503571], [127.026142, 37.501036], [127.026792, 37.499641]], [[127.026792, 37.499641], [127.027344, 37.498497], [127.0277, 37.497757], [127.027818, 37.497494], [127.027993, 37.497125], [127.028364, 37.49632], [127.02864, 37.495712], [127.029054, 37.494853], [127.029838, 37.493227], [127.030377, 37.492072], [127.030834, 37.491099], [127.031546, 37.489618], [127.031852, 37.488986], [127.032383, 37.487881], [127.032777, 37.487048], [127.03362, 37.485286], [127.033684, 37.485161], [127.033858, 37.484818], [127.033956, 37.48467], [127.034101, 37.484422], [127.034688, 37.483815], [127.034995, 37.483528], [127.03597, 37.482585], [127.036049, 37.482517], [127.036197, 37.482392], [127.036632, 37.481986], [127.037046, 37.481529], [127.037338, 37.4812], [127.037606, 37.480888], [127.037859, 37.48041], [127.038018, 37.480091], [127.038161, 37.479755], [127.038256, 37.479547], [127.038421, 37.479067], [127.038503, 37.478583], [127.038558, 37.478034], [127.038523, 37.476982], [127.038456, 37.476064], [127.038312, 37.475343], [127.038264, 37.475019], [127.03819, 37.474432], [127.03814, 37.473929], [127.038097, 37.473056], [127.03825, 37.470972], [127.038359, 37.470143], [127.038813, 37.46622], [127.038825, 37.466127], [127.03886, 37.46604], [127.038921, 37.465964], [127.038988, 37.465888], [127.040783, 37.463865], [127.050639, 37.452701], [127.051578, 37.451694], [127.053019, 37.450178], [127.053117, 37.450074]], [[127.053117, 37.450074], [127.05456, 37.4484], [127.054567, 37.448392], [127.05749, 37.445248], [127.061879, 37.43936], [127.074307, 37.426621], [127.07493, 37.426178], [127.079835, 37.422431], [127.082751, 37.420212], [127.085273, 37.418566], [127.091268, 37.415296], [127.094874, 37.41333], [127.108518, 37.40683], [127.109106, 37.406464], [127.109678, 37.406007], [127.110129, 37.405513], [127.110478, 37.405011], [127.110834, 37.404166], [127.110876, 37.404001], [127.111035, 37.403374], [127.111103, 37.40278], [127.111122, 37.402421], [127.111176, 37.398506], [127.111176, 37.395397], [127.111179, 37.395062], [127.111181, 37.394764], [127.111187, 37.394364], [127.111185, 37.394118], [127.111278, 37.39129], [127.111237, 37.384685], [127.111221, 37.38437], [127.111189, 37.384067], [127.111157, 37.383884], [127.111117, 37.383675], [127.111047, 37.383437], [127.109608, 37.380316], [127.109231, 37.379329], [127.108926, 37.378405], [127.108628, 37.377256], [127.108522, 37.376666], [127.108436, 37.375916], [127.108433, 37.367565], [127.108433, 37.367368]], [[127.108433, 37.367368], [127.108507, 37.364438], [127.108516, 37.364101], [127.10858, 37.36217], [127.108616, 37.361101], [127.10881, 37.35531], [127.108838, 37.353908], [127.108852, 37.353438], [127.108868, 37.352937], [127.108873, 37.352202], [127.108914, 37.350068], [127.108914, 37.349988], [127.108917, 37.349882], [127.108936, 37.347466], [127.108968, 37.34584], [127.108946, 37.345295], [127.108863, 37.344994], [127.108834, 37.344811], [127.108778, 37.344646], [127.108688, 37.344484], [127.108549, 37.344293], [127.1084, 37.344088], [127.108185, 37.343878], [127.107897, 37.343629], [127.107618, 37.343439], [127.107356, 37.343299], [127.107098, 37.343196], [127.106394, 37.342947], [127.106023, 37.342843], [127.10543, 37.342715], [127.104603, 37.342507], [127.104354, 37.342426], [127.104208, 37.342365], [127.103947, 37.342231], [127.103767, 37.342115], [127.103628, 37.342], [127.103434, 37.34184], [127.103262, 37.341638], [127.103087, 37.341434], [127.10301, 37.34128], [127.102972, 37.341121], [127.102966, 37.34075], [127.102944, 37.340225], [127.102899, 37.339288], [127.102889, 37.339065], [127.102848, 37.337877], [127.102834, 37.33294], [127.102725, 37.328938], [127.102672, 37.328273], [127.102457, 37.327667], [127.10221, 37.327241], [127.101974, 37.326993], [127.101686, 37.32677], [127.101588, 37.326695], [127.100773, 37.3262], [127.098949, 37.325108], [127.096349, 37.323455], [127.096302, 37.323425], [127.096134, 37.323318], [127.095658, 37.323022], [127.094757, 37.32249], [127.086911, 37.318171], [127.085388, 37.317591], [127.083467, 37.316968], [127.082813, 37.316789], [127.082384, 37.31655], [127.082051, 37.31614], [127.081697, 37.315552], [127.081373, 37.31505], [127.080539, 37.313755], [127.080311, 37.313414], [127.080072, 37.313216], [127.079893, 37.313105], [127.079464, 37.312849], [127.078945, 37.312561], [127.078562, 37.31233], [127.077489, 37.31167], [127.077234, 37.311527], [127.077063, 37.31134], [127.076923, 37.311075], [127.074913, 37.306633], [127.074903, 37.306458], [127.07489, 37.306308], [127.074901, 37.306137], [127.07489, 37.305125], [127.074901, 37.304812], [127.074779, 37.304466], [127.074628, 37.304095], [127.074482, 37.303803], [127.07431, 37.30354], [127.074135, 37.303313], [127.073927, 37.303103], [127.07362, 37.302844], [127.070454, 37.30065], [127.070338, 37.300511], [127.07021, 37.300289], [127.069337, 37.297414], [127.068495, 37.294652], [127.068341, 37.29406], [127.068293, 37.293867], [127.068228, 37.293676], [127.068145, 37.293478], [127.068062, 37.29333], [127.067939, 37.293168], [127.067698, 37.292911], [127.067514, 37.292766], [127.067353, 37.292663], [127.067255, 37.2926], [127.066977, 37.292468], [127.066736, 37.29237], [127.065035, 37.29166], [127.064387, 37.291414], [127.063491, 37.291034], [127.063411, 37.291004], [127.063303, 37.29095], [127.06318, 37.290885], [127.063046, 37.2908], [127.062794, 37.290616], [127.062579, 37.290441], [127.062107, 37.290027], [127.057753, 37.286467], [127.057495, 37.286261], [127.05683, 37.285927], [127.056517, 37.285843], [127.056166, 37.2858], [127.055685, 37.285937], [127.055217, 37.286112], [127.054706, 37.286343], [127.053467, 37.28707], [127.053124, 37.287281], [127.051499, 37.288547], [127.049281, 37.290167], [127.048711, 37.290703], [127.048489, 37.290937], [127.048415, 37.291015], [127.048273, 37.291248], [127.048187, 37.291487], [127.048144, 37.291828], [127.048157, 37.292148], [127.048176, 37.292436], [127.04823, 37.292733], [127.048299, 37.293027], [127.048423, 37.293347], [127.048637, 37.293706], [127.048852, 37.29403], [127.048981, 37.29432], [127.049768, 37.296838], [127.049817, 37.297073], [127.04983, 37.297319], [127.049801, 37.297512], [127.04975, 37.297745], [127.049614, 37.29802], [127.049203, 37.298645]], [[127.049203, 37.298645], [127.049106, 37.298764], [127.048788, 37.299061], [127.048066, 37.299838]], [[127.048066, 37.299838], [127.047958, 37.299935], [127.047851, 37.30003]], [[127.047851, 37.30003], [127.047552, 37.300256], [127.047469, 37.300318], [127.046854, 37.30073], [127.046484, 37.300928], [127.045457, 37.301496]], [[127.045457, 37.301496], [127.045268, 37.301593], [127.04523, 37.301612], [127.045135, 37.301661]], [[127.045135, 37.301661], [127.044846, 37.301809], [127.043671, 37.302411], [127.043522, 37.302481]], [[127.044758, 37.301872], [127.044983, 37.301761], [127.045148, 37.301679]], [[127.045148, 37.301679], [127.045468, 37.301509]], [[127.045468, 37.301509], [127.046007, 37.301227], [127.046538, 37.300922], [127.046719, 37.300822], [127.046858, 37.300752], [127.047292, 37.300471], [127.047473, 37.300348], [127.047723, 37.300155], [127.04787, 37.300041]], [[127.04787, 37.300041], [127.048083, 37.299847]], [[127.048083, 37.299847], [127.048498, 37.299424], [127.048829, 37.299085], [127.049246, 37.298671]], [[127.049246, 37.298671], [127.049682, 37.298031], [127.049808, 37.297743], [127.049879, 37.297489], [127.049896, 37.297302], [127.049858, 37.29704], [127.049805, 37.296818], [127.049304, 37.295133], [127.048913, 37.293981], [127.048478, 37.293286], [127.048291, 37.292669], [127.048255, 37.292332], [127.048235, 37.291598], [127.048319, 37.291372], [127.048495, 37.290989], [127.049145, 37.290394], [127.049487, 37.290134], [127.050957, 37.289018], [127.051535, 37.288574], [127.052404, 37.287979], [127.05361, 37.287081], [127.054123, 37.286707], [127.05472, 37.286353], [127.0552, 37.286136], [127.055682, 37.285967], [127.055981, 37.285907], [127.056262, 37.285891], [127.056599, 37.285976], [127.056921, 37.286069], [127.057395, 37.286344], [127.058069, 37.286845], [127.059223, 37.287799], [127.061807, 37.289903], [127.062705, 37.290677], [127.062975, 37.290866], [127.063419, 37.291103], [127.065015, 37.291722], [127.066894, 37.292533], [127.067469, 37.292836], [127.067906, 37.293247], [127.068173, 37.293692], [127.068935, 37.296518], [127.069239, 37.297444], [127.069669, 37.2989], [127.069821, 37.2994], [127.070131, 37.300274], [127.070346, 37.300651], [127.071988, 37.301773], [127.073611, 37.302937], [127.074167, 37.303468], [127.07465, 37.304306], [127.074841, 37.304869], [127.074809, 37.305991], [127.074804, 37.306405], [127.074821, 37.306665], [127.07488, 37.306818], [127.07614, 37.309604], [127.076878, 37.311137], [127.076959, 37.311342], [127.077149, 37.311552], [127.077411, 37.311715], [127.078441, 37.312318], [127.079769, 37.313082], [127.080253, 37.313451], [127.080496, 37.313755], [127.080678, 37.314059], [127.081175, 37.314892], [127.081922, 37.316077], [127.082314, 37.316583], [127.082812, 37.316847], [127.086861, 37.318214], [127.088346, 37.319014], [127.089785, 37.319799], [127.094467, 37.322403], [127.094685, 37.322541], [127.095529, 37.323032], [127.096389, 37.323553], [127.100322, 37.32598], [127.100713, 37.326227], [127.101597, 37.32674], [127.101907, 37.326993], [127.10214, 37.327253], [127.102604, 37.328276], [127.102689, 37.328964], [127.102767, 37.332243], [127.102798, 37.332948], [127.102766, 37.334194], [127.102769, 37.336757], [127.102771, 37.337878], [127.102863, 37.339064], [127.102858, 37.339903], [127.102897, 37.340772], [127.102909, 37.341162], [127.102963, 37.341326], [127.103056, 37.341473], [127.10324, 37.341677], [127.103615, 37.342059], [127.103912, 37.342265], [127.104301, 37.342451], [127.104764, 37.342587], [127.105572, 37.342775], [127.10634, 37.34297], [127.107519, 37.343443], [127.107863, 37.343654], [127.108266, 37.344013], [127.108598, 37.344443], [127.108721, 37.344666], [127.108793, 37.344878], [127.108874, 37.345248], [127.108897, 37.345614], [127.108909, 37.345842], [127.10891, 37.34627], [127.108881, 37.347465], [127.108875, 37.348526], [127.108873, 37.349878], [127.108874, 37.349986], [127.108848, 37.350566], [127.108843, 37.351204], [127.108819, 37.352171], [127.108803, 37.353188], [127.108775, 37.354123], [127.108725, 37.355276], [127.108686, 37.356567], [127.108671, 37.357844], [127.108655, 37.358446], [127.108632, 37.359344], [127.108585, 37.360884], [127.108491, 37.36356], [127.108438, 37.36566], [127.108437, 37.366255], [127.108407, 37.36737]], [[127.108407, 37.36737], [127.10839, 37.367859], [127.108369, 37.369098], [127.10838, 37.371007], [127.108359, 37.37273], [127.108359, 37.374575], [127.108329, 37.375774], [127.108543, 37.37737], [127.109118, 37.379205], [127.109822, 37.381047], [127.110904, 37.383359], [127.111075, 37.38417], [127.111152, 37.38666], [127.111127, 37.389626], [127.111152, 37.391419], [127.111138, 37.393344], [127.111122, 37.394354], [127.111117, 37.394632], [127.11112, 37.39541], [127.111099, 37.397534], [127.111086, 37.399161], [127.111056, 37.401066], [127.111044, 37.402464], [127.110995, 37.403221], [127.110826, 37.403867], [127.110603, 37.404505], [127.110397, 37.404996], [127.109589, 37.405945], [127.108625, 37.406657], [127.1072, 37.407353], [127.105294, 37.40828], [127.102419, 37.409671], [127.099458, 37.411062], [127.094998, 37.413031], [127.086871, 37.41749], [127.084691, 37.41874], [127.081414, 37.420953], [127.074327, 37.426341], [127.070343, 37.430422], [127.066015, 37.434798], [127.064959, 37.435866], [127.061682, 37.439121], [127.057333, 37.445178], [127.055795, 37.446975], [127.054516, 37.448339], [127.054407, 37.448454], [127.052978, 37.449954]], [[127.052978, 37.449954], [127.051725, 37.451367], [127.050542, 37.452643], [127.049279, 37.454118], [127.04807, 37.455457], [127.046122, 37.457678], [127.042741, 37.461494], [127.041169, 37.463223], [127.03896, 37.465757], [127.038772, 37.466041], [127.038651, 37.466528], [127.038473, 37.468354], [127.038272, 37.470128], [127.038154, 37.471034], [127.03795, 37.473096], [127.038026, 37.474007], [127.038345, 37.476017], [127.038417, 37.477936], [127.038345, 37.478853], [127.037884, 37.480096], [127.037436, 37.480949], [127.035227, 37.483156], [127.034639, 37.483758], [127.034042, 37.484378], [127.033819, 37.484688], [127.033266, 37.485863], [127.032114, 37.488209], [127.030641, 37.491262], [127.029193, 37.494395], [127.029082, 37.494635], [127.027935, 37.497112]], [[127.027935, 37.497112], [127.027752, 37.497491], [127.027716, 37.497567], [127.02763, 37.497745], [127.026775, 37.499519], [127.026716, 37.49964]], [[127.026716, 37.49964], [127.026635, 37.499812], [127.026355, 37.5004], [127.02489, 37.503563], [127.024164, 37.505008], [127.022123, 37.509282], [127.021815, 37.509927], [127.020314, 37.513157], [127.019898, 37.5146], [127.019647, 37.515516], [127.019588, 37.515728]]]}, "properties": {"ref": "신분당", "name": "수도권 전철 신분당선: 신사 → 광교", "operator": "네오트랜스주식회사", "color": "#B81B30"}}, {"type": "Feature", "geometry": {"type": "MultiLineString", "coordinates": [[[127.111566, 37.394758], [127.112403, 37.394748], [127.116508, 37.394721], [127.117149, 37.394724], [127.120088, 37.394744], [127.120619, 37.394745], [127.123484, 37.394751], [127.126723, 37.394704], [127.127605, 37.394691], [127.128669, 37.394681], [127.129108, 37.394697], [127.129794, 37.394755], [127.131318, 37.394943], [127.132734, 37.395164], [127.134365, 37.395521], [127.13445, 37.39554], [127.138845, 37.396615], [127.145523, 37.398301], [127.154513, 37.400381], [127.165822, 37.402887], [127.167511, 37.403155], [127.172227, 37.403905], [127.172688, 37.403948], [127.173203, 37.403982], [127.174308, 37.404007], [127.175574, 37.404041], [127.179705, 37.404203], [127.182172, 37.40428], [127.184522, 37.404434], [127.186657, 37.404536], [127.189092, 37.404843], [127.191764, 37.405183], [127.192912, 37.405311], [127.194189, 37.405414], [127.195562, 37.405499], [127.196581, 37.405635], [127.197472, 37.405857], [127.19863, 37.406291], [127.199781, 37.406824], [127.201153, 37.407453]], [[127.201153, 37.407453], [127.201781, 37.407799], [127.202429, 37.408152]], [[127.202429, 37.408152], [127.20337, 37.408667], [127.204819, 37.409505]], [[127.204819, 37.409505], [127.205464, 37.409904], [127.205618, 37.409999]], [[127.205618, 37.409999], [127.210153, 37.412841], [127.210904, 37.413113], [127.211934, 37.413335], [127.213158, 37.413461], [127.214017, 37.413496], [127.214982, 37.413461], [127.215626, 37.413393], [127.216763, 37.413172], [127.21818, 37.412831], [127.219553, 37.41249], [127.221012, 37.412098], [127.222514, 37.411638], [127.22466, 37.410922], [127.237062, 37.405826], [127.244766, 37.402623], [127.247758, 37.401322], [127.248354, 37.40108], [127.249553, 37.400595]], [[127.249553, 37.400595], [127.251076, 37.399892]], [[127.251076, 37.399892], [127.25193, 37.399509], [127.253295, 37.398915], [127.256719, 37.397429], [127.259314, 37.396303], [127.260473, 37.395822]], [[127.260473, 37.395822], [127.260913, 37.395632]], [[127.260913, 37.395632], [127.264567, 37.394227], [127.272743, 37.39069], [127.276777, 37.388525], [127.278729, 37.387331], [127.282055, 37.38491], [127.282442, 37.384569], [127.282871, 37.383955], [127.283815, 37.382728], [127.284137, 37.382284], [127.284523, 37.381943], [127.284866, 37.381636], [127.291218, 37.377203], [127.292312, 37.376658], [127.293385, 37.376197], [127.294576, 37.375762], [127.298515, 37.374017], [127.299397, 37.37363]], [[127.299397, 37.37363], [127.30047, 37.373166], [127.301952, 37.372519]], [[127.301952, 37.372519], [127.308412, 37.36974], [127.313961, 37.36734], [127.316583, 37.366211], [127.318639, 37.365327], [127.321447, 37.364103]], [[127.321447, 37.364103], [127.324353, 37.362854]], [[127.324353, 37.362854], [127.326543, 37.361761], [127.327591, 37.361146], [127.329261, 37.359898]], [[127.329261, 37.359898], [127.329978, 37.359294]], [[127.329978, 37.359294], [127.335388, 37.354774], [127.336392, 37.35403], [127.337203, 37.353524], [127.337958, 37.353128], [127.338656, 37.352813], [127.339679, 37.352407], [127.340379, 37.352184], [127.342458, 37.351594], [127.343549, 37.351285]], [[127.343549, 37.351285], [127.346286, 37.350519], [127.348399, 37.349935]], [[127.348399, 37.349935], [127.348891, 37.34979]], [[127.348891, 37.34979], [127.349524, 37.34961], [127.351265, 37.349134], [127.354081, 37.348502], [127.356526, 37.348023]], [[127.356526, 37.348023], [127.361123, 37.347076]], [[127.361123, 37.347076], [127.363352, 37.346625]], [[127.363352, 37.346625], [127.364488, 37.346349], [127.366015, 37.346024], [127.367432, 37.345707], [127.369636, 37.344961], [127.371558, 37.343987], [127.380366, 37.338323], [127.388976, 37.33282], [127.392198, 37.330703], [127.394502, 37.329285], [127.396828, 37.327828], [127.398577, 37.326608], [127.399546, 37.325882], [127.400161, 37.325314], [127.400639, 37.324903], [127.401854, 37.323371], [127.401999, 37.323076], [127.403589, 37.319546], [127.404327, 37.318053]], [[127.404327, 37.318053], [127.404597, 37.317359], [127.405275, 37.315675], [127.405719, 37.314573], [127.408539, 37.307347]], [[127.408539, 37.307347], [127.408575, 37.307254]], [[127.408575, 37.307254], [127.409368, 37.305265]], [[127.409368, 37.305265], [127.409646, 37.304567]], [[127.409646, 37.304567], [127.409977, 37.303731]], [[127.409977, 37.303731], [127.410439, 37.302625]], [[127.410439, 37.302625], [127.410723, 37.301987]], [[127.410723, 37.301987], [127.411715, 37.299853]], [[127.411715, 37.299853], [127.413098, 37.296519], [127.413243, 37.296064], [127.413326, 37.295736], [127.413417, 37.295178], [127.41346, 37.294505], [127.413501, 37.293744], [127.41349, 37.29301], [127.413454, 37.292469], [127.411855, 37.280081], [127.411789, 37.279167], [127.411814, 37.278242], [127.411913, 37.27735], [127.412049, 37.27633], [127.412239, 37.275528], [127.412546, 37.274723], [127.413215, 37.273575], [127.413818, 37.272785], [127.414418, 37.272151], [127.415896, 37.270741], [127.420069, 37.267398], [127.420979, 37.266821], [127.421985, 37.266303], [127.423462, 37.265661], [127.425234, 37.265026], [127.426659, 37.264598], [127.427834, 37.264372], [127.428892, 37.264259], [127.429921, 37.264209]], [[127.429921, 37.264209], [127.431354, 37.264212], [127.433117, 37.264211]], [[127.433117, 37.264211], [127.433531, 37.264213]], [[127.433531, 37.264213], [127.435664, 37.264201], [127.440579, 37.264235], [127.441328, 37.26425], [127.442183, 37.264255], [127.443095, 37.26426], [127.445371, 37.264273]], [[127.445371, 37.264273], [127.445726, 37.264268], [127.449262, 37.264296], [127.451, 37.264237], [127.452078, 37.264158], [127.453447, 37.264012], [127.454587, 37.263853], [127.462186, 37.262417]], [[127.462186, 37.262417], [127.463659, 37.262131], [127.464685, 37.261891], [127.465626, 37.26162], [127.466509, 37.261338]], [[127.466509, 37.261338], [127.467528, 37.260985], [127.468812, 37.260432]], [[127.468812, 37.260432], [127.469538, 37.26011], [127.470335, 37.259695], [127.472283, 37.258655], [127.472819, 37.258383], [127.47361, 37.258032], [127.474391, 37.257761], [127.474984, 37.257575], [127.475679, 37.257404], [127.476176, 37.257331], [127.476703, 37.25728]], [[127.476703, 37.25728], [127.477248, 37.257254]], [[127.477248, 37.257254], [127.477825, 37.25725], [127.478432, 37.257265], [127.479254, 37.257341], [127.480131, 37.257513]], [[127.480131, 37.257513], [127.482216, 37.258075]], [[127.482216, 37.258075], [127.484582, 37.258755]], [[127.484582, 37.258755], [127.485768, 37.259099], [127.486435, 37.259291], [127.487403, 37.259571]], [[127.487403, 37.259571], [127.489546, 37.260198], [127.490314, 37.260428]], [[127.490314, 37.260428], [127.491527, 37.260782], [127.493105, 37.261244]], [[127.493105, 37.261244], [127.494599, 37.261679], [127.495682, 37.261987]], [[127.495682, 37.261987], [127.500163, 37.263293]], [[127.500163, 37.263293], [127.503257, 37.264176]], [[127.503257, 37.264176], [127.503912, 37.264358]], [[127.503912, 37.264358], [127.504335, 37.264472]], [[127.504335, 37.264472], [127.505641, 37.264809], [127.506898, 37.265157], [127.509509, 37.266138]], [[127.509509, 37.266138], [127.511707, 37.266939], [127.512655, 37.267414]], [[127.512655, 37.267414], [127.513716, 37.267809], [127.518246, 37.269729]], [[127.518246, 37.269729], [127.518932, 37.270041]], [[127.518932, 37.270041], [127.520393, 37.270723], [127.521501, 37.271344], [127.522662, 37.272074], [127.524579, 37.273432]], [[127.524579, 37.273432], [127.525364, 37.274011]], [[127.525364, 37.274011], [127.525729, 37.274264], [127.527264, 37.275443], [127.528801, 37.276638]], [[127.528801, 37.276638], [127.528956, 37.276756]], [[127.528956, 37.276756], [127.529925, 37.277505], [127.532954, 37.279807], [127.535188, 37.281556], [127.53819, 37.283885], [127.540064, 37.285313], [127.542682, 37.287331], [127.544666, 37.288888], [127.546501, 37.290121], [127.547338, 37.290633], [127.549073, 37.291487], [127.549934, 37.291867], [127.550988, 37.292294], [127.552313, 37.292743], [127.553158, 37.292998], [127.554139, 37.293242]], [[127.554139, 37.293242], [127.55501, 37.293431], [127.556189, 37.293628], [127.557691, 37.293802], [127.558818, 37.293877], [127.559527, 37.293906], [127.560446, 37.29392], [127.562489, 37.293868]], [[127.562489, 37.293868], [127.569853, 37.293658], [127.57065, 37.293641], [127.571454, 37.293625]], [[127.571454, 37.293625], [127.572238, 37.293607]], [[127.572238, 37.293607], [127.579964, 37.29339], [127.580829, 37.293376]], [[127.580829, 37.293376], [127.581094, 37.293362]], [[127.581094, 37.293362], [127.582191, 37.293305], [127.583338, 37.293254], [127.584336, 37.293181], [127.585602, 37.293034], [127.586777, 37.292857], [127.588707, 37.292545]], [[127.588707, 37.292545], [127.589209, 37.292449]], [[127.589209, 37.292449], [127.590609, 37.292212]], [[127.590609, 37.292212], [127.606282, 37.289596]], [[127.606282, 37.289596], [127.607354, 37.289405], [127.608592, 37.289154], [127.609513, 37.28889], [127.610367, 37.28855], [127.611286, 37.288062], [127.612028, 37.287588], [127.612829, 37.287039], [127.614483, 37.285819], [127.615616, 37.28516]], [[127.615616, 37.28516], [127.616176, 37.284894], [127.616831, 37.284621], [127.617498, 37.284391], [127.618376, 37.284172], [127.618908, 37.284079], [127.619422, 37.283992], [127.620102, 37.283907]], [[127.620102, 37.283907], [127.622858, 37.283574], [127.623684, 37.283474], [127.624453, 37.283402]], [[127.624453, 37.283402], [127.625188, 37.28327]], [[127.625188, 37.28327], [127.629014, 37.282823], [127.629451, 37.282755]], [[127.623902, 37.283418], [127.624503, 37.283319], [127.625436, 37.283155], [127.628119, 37.282807], [127.628996, 37.282707], [127.629459, 37.282648]], [[127.620098, 37.283863], [127.621624, 37.283674], [127.623574, 37.283455], [127.623902, 37.283418]], [[127.615581, 37.285122], [127.616141, 37.284856], [127.616812, 37.284583], [127.617472, 37.284357], [127.618385, 37.284136], [127.619442, 37.28395], [127.620098, 37.283863]], [[127.606264, 37.289563], [127.607487, 37.289351], [127.608473, 37.289143], [127.609949, 37.288657], [127.610733, 37.288315], [127.611597, 37.287806], [127.61311, 37.286747], [127.614535, 37.285725], [127.615581, 37.285122]], [[127.590605, 37.29218], [127.591904, 37.29196], [127.598568, 37.290831], [127.606264, 37.289563]], [[127.589158, 37.292428], [127.590605, 37.29218]], [[127.588663, 37.29251], [127.589158, 37.292428]], [[127.581101, 37.293319], [127.582366, 37.293264], [127.584268, 37.29316], [127.585851, 37.29296], [127.588663, 37.29251]], [[127.580811, 37.293334], [127.581101, 37.293319]], [[127.572241, 37.293564], [127.573843, 37.293513], [127.580811, 37.293334]], [[127.571454, 37.293577], [127.572241, 37.293564]], [[127.562488, 37.293834], [127.565283, 37.293724], [127.569848, 37.293617], [127.57065, 37.293597], [127.571454, 37.293577]], [[127.554159, 37.293202], [127.555032, 37.293386], [127.556195, 37.293581], [127.557696, 37.293768], [127.558828, 37.293845], [127.559518, 37.293873], [127.560446, 37.293887], [127.562488, 37.293834]], [[127.528999, 37.27671], [127.530251, 37.277661], [127.53343, 37.280133], [127.534724, 37.281129], [127.53851, 37.284067], [127.54281, 37.28739], [127.54522, 37.28921], [127.546724, 37.290195], [127.548008, 37.290893], [127.549886, 37.291785], [127.55074, 37.292149], [127.552341, 37.292707], [127.553167, 37.292959], [127.554159, 37.293202]], [[127.528839, 37.276602], [127.528999, 37.27671]], [[127.525406, 37.273972], [127.527058, 37.275239], [127.528839, 37.276602]], [[127.524618, 37.273378], [127.525406, 37.273972]], [[127.519014, 37.270035], [127.52042, 37.270689], [127.522547, 37.271961], [127.524618, 37.273378]], [[127.518289, 37.269685], [127.519014, 37.270035]], [[127.512686, 37.267372], [127.513512, 37.267693], [127.518289, 37.269685]], [[127.509522, 37.266093], [127.512686, 37.267372]], [[127.504351, 37.26443], [127.505669, 37.264772], [127.506916, 37.265111], [127.509522, 37.266093]], [[127.503936, 37.264313], [127.504351, 37.26443]], [[127.503276, 37.264136], [127.503936, 37.264313]], [[127.500183, 37.263248], [127.503276, 37.264136]], [[127.495699, 37.261958], [127.500183, 37.263248]], [[127.493117, 37.261205], [127.495175, 37.261803], [127.495699, 37.261958]], [[127.49034, 37.260381], [127.490622, 37.260464], [127.491218, 37.260635], [127.493117, 37.261205]], [[127.487417, 37.259528], [127.489277, 37.260068], [127.49034, 37.260381]], [[127.484596, 37.258726], [127.487105, 37.259436], [127.487417, 37.259528]], [[127.482232, 37.258041], [127.484596, 37.258726]], [[127.480142, 37.257458], [127.482232, 37.258041]], [[127.477208, 37.257212], [127.477805, 37.257202], [127.478439, 37.257222], [127.479257, 37.257289], [127.480142, 37.257458]], [[127.476618, 37.25724], [127.477208, 37.257212]], [[127.468793, 37.260407], [127.469516, 37.260082], [127.470313, 37.25967], [127.472249, 37.25862], [127.472836, 37.258322], [127.473584, 37.257982], [127.474269, 37.25775], [127.47497, 37.257525], [127.475674, 37.25736], [127.476187, 37.257285], [127.476618, 37.25724]], [[127.466496, 37.261313], [127.467496, 37.260955], [127.468793, 37.260407]], [[127.46217, 37.26238], [127.463644, 37.262101], [127.464679, 37.261862], [127.4652, 37.261708], [127.46565, 37.26158], [127.466496, 37.261313]], [[127.445371, 37.264231], [127.446455, 37.264228], [127.44926, 37.264258], [127.451007, 37.264196], [127.452067, 37.264116], [127.453433, 37.26398], [127.454574, 37.263816], [127.46217, 37.26238]], [[127.43351, 37.264158], [127.433944, 37.264157], [127.4386, 37.264153], [127.441331, 37.264218], [127.442185, 37.264223], [127.443096, 37.264228], [127.445371, 37.264231]], [[127.433089, 37.264158], [127.43351, 37.264158]], [[127.429961, 37.264161], [127.433089, 37.264158]], [[127.41168, 37.299835], [127.412047, 37.298927], [127.412952, 37.296706], [127.41308, 37.296365], [127.413184, 37.29603], [127.413273, 37.295669], [127.413334, 37.29526], [127.413374, 37.294868], [127.413411, 37.294338], [127.413445, 37.293661], [127.413429, 37.29302], [127.413389, 37.292432], [127.413292, 37.291617], [127.411826, 37.280165], [127.411764, 37.279468], [127.411744, 37.279094], [127.411763, 37.27847], [127.411776, 37.278106], [127.411853, 37.277491], [127.41197, 37.276547], [127.412122, 37.275739], [127.412256, 37.275306], [127.412472, 37.274752], [127.412771, 37.274234], [127.413146, 37.273577], [127.413636, 37.272938], [127.413807, 37.272745], [127.414289, 37.272232], [127.415926, 37.27064], [127.419914, 37.267467], [127.420628, 37.266983], [127.421495, 37.266489], [127.422159, 37.266167], [127.42334, 37.265647], [127.424563, 37.265191], [127.425555, 37.264855], [127.426629, 37.264537], [127.428082, 37.264266], [127.429179, 37.264184], [127.429961, 37.264161]], [[127.410675, 37.301977], [127.410965, 37.301383], [127.41168, 37.299835]], [[127.410394, 37.302612], [127.410675, 37.301977]], [[127.409937, 37.303722], [127.410394, 37.302612]], [[127.409604, 37.304556], [127.409937, 37.303722]], [[127.409326, 37.305253], [127.409604, 37.304556]], [[127.408528, 37.307247], [127.4089, 37.306343], [127.409326, 37.305253]], [[127.408491, 37.30734], [127.408528, 37.307247]], [[127.404249, 37.318061], [127.404544, 37.317349], [127.405219, 37.31566], [127.405659, 37.314558], [127.407038, 37.311055], [127.407833, 37.309014], [127.408491, 37.30734]], [[127.363355, 37.346584], [127.364416, 37.346277], [127.365981, 37.345923], [127.367327, 37.345647], [127.369507, 37.344867], [127.371469, 37.343894], [127.376288, 37.340856], [127.380131, 37.338375], [127.384076, 37.335867], [127.386975, 37.333971], [127.388889, 37.332802], [127.392154, 37.330673], [127.395219, 37.328739], [127.396785, 37.327749], [127.398568, 37.326576], [127.39946, 37.325845], [127.400068, 37.325331], [127.400691, 37.324707], [127.401653, 37.323421], [127.401908, 37.323042], [127.402325, 37.322185], [127.403476, 37.319552], [127.404249, 37.318061]], [[127.361109, 37.347037], [127.363355, 37.346584]], [[127.356513, 37.347982], [127.361109, 37.347037]], [[127.348877, 37.349761], [127.350397, 37.34932], [127.351926, 37.348932], [127.353654, 37.348547], [127.356513, 37.347982]], [[127.348877, 37.349761], [127.348386, 37.349904]], [[127.348386, 37.349904], [127.346273, 37.350489], [127.343539, 37.351255]], [[127.329943, 37.35927], [127.335354, 37.354752], [127.33637, 37.353998], [127.337153, 37.353512], [127.337923, 37.353102], [127.338637, 37.352778], [127.339649, 37.352378], [127.34036, 37.352154], [127.342927, 37.351425], [127.343539, 37.351255]], [[127.329232, 37.359859], [127.329943, 37.35927]], [[127.324301, 37.362815], [127.325071, 37.362437], [127.326724, 37.361601], [127.327635, 37.361052], [127.328527, 37.360358], [127.329232, 37.359859]], [[127.321428, 37.364069], [127.324301, 37.362815]], [[127.301928, 37.372489], [127.304808, 37.371244], [127.313936, 37.367307], [127.316564, 37.366178], [127.318613, 37.365298], [127.321168, 37.364179], [127.321428, 37.364069]], [[127.29937, 37.373582], [127.299454, 37.373549], [127.301928, 37.372489]], [[127.260892, 37.395603], [127.261385, 37.395409], [127.264768, 37.394084], [127.270862, 37.391412], [127.272791, 37.390596], [127.276615, 37.388537], [127.27903, 37.387038], [127.282074, 37.384819], [127.282378, 37.384555], [127.282546, 37.384325], [127.283704, 37.38277], [127.284064, 37.382299], [127.284372, 37.381962], [127.285484, 37.38109], [127.289285, 37.378455], [127.290779, 37.377412], [127.291536, 37.376941], [127.292237, 37.376618], [127.293535, 37.376069], [127.294534, 37.375701], [127.298491, 37.373993], [127.29937, 37.373582]], [[127.260444, 37.395782], [127.260892, 37.395603]], [[127.251053, 37.39986], [127.252273, 37.399323], [127.253271, 37.398884], [127.2561, 37.397657], [127.259288, 37.396273], [127.260444, 37.395782]], [[127.249529, 37.400565], [127.250178, 37.40027], [127.251053, 37.39986]], [[127.205645, 37.409974], [127.206126, 37.410235], [127.210193, 37.412776], [127.211201, 37.413106], [127.212299, 37.41331], [127.213438, 37.41341], [127.214596, 37.413447], [127.215974, 37.41328], [127.218048, 37.412798], [127.222209, 37.411693], [127.224203, 37.410988], [127.234323, 37.406915], [127.238895, 37.404971], [127.248543, 37.40092], [127.249529, 37.400565]], [[127.204846, 37.409481], [127.205159, 37.409674], [127.205645, 37.409974]], [[127.202455, 37.408118], [127.203404, 37.408641], [127.204846, 37.409481]], [[127.201176, 37.407414], [127.20185, 37.407797], [127.20211, 37.407935], [127.202455, 37.408118]], [[127.111567, 37.394697], [127.114219, 37.394685], [127.118681, 37.394664], [127.12262, 37.394646], [127.127599, 37.394603], [127.127926, 37.394602], [127.129142, 37.39461], [127.130918, 37.394842], [127.133136, 37.395209], [127.134962, 37.395599], [127.135484, 37.395729], [127.137001, 37.396091], [127.137527, 37.39624], [127.140301, 37.396934], [127.144386, 37.397955], [127.154403, 37.400281], [127.160021, 37.401539], [127.164598, 37.402574], [127.166727, 37.402967], [127.169413, 37.40339], [127.171752, 37.403742], [127.172925, 37.403887], [127.174246, 37.403965], [127.181074, 37.404184], [127.183399, 37.404284], [127.186715, 37.404473], [127.190848, 37.405], [127.194827, 37.405411], [127.195948, 37.405486], [127.197022, 37.405645], [127.197746, 37.405871], [127.198642, 37.406222], [127.199806, 37.406768], [127.201176, 37.407414]]]}, "properties": {"ref": "경강", "name": "수도권 전철 경강선: 판교 → 여주", "operator": "한국철도공사", "color": "#0B318F"}}, {"type": "Feature", "geometry": {"type": "MultiLineString", "coordinates": [[[126.628288, 37.594903], [126.629036, 37.594765], [126.629191, 37.594738], [126.629866, 37.594595], [126.630603, 37.594458], [126.631167, 37.594345], [126.631704, 37.594253], [126.63327, 37.593994], [126.634897, 37.593731], [126.63574, 37.593606], [126.636041, 37.593575], [126.636775, 37.593579], [126.637267, 37.593626], [126.637552, 37.593633], [126.638059, 37.593739], [126.638434, 37.593834], [126.640861, 37.594642], [126.641529, 37.594871], [126.641999, 37.595031], [126.642753, 37.595278], [126.64302, 37.595365], [126.643299, 37.595459], [126.643697, 37.595597], [126.644055, 37.595737], [126.644382, 37.595845], [126.645552, 37.596345], [126.647112, 37.597098]], [[126.647112, 37.597098], [126.647705, 37.597377]], [[126.647705, 37.597377], [126.648182, 37.597595], [126.649098, 37.598065], [126.650239, 37.598636], [126.651346, 37.599305], [126.65199, 37.599812], [126.65236, 37.600069], [126.653022, 37.600397], [126.65348, 37.600601], [126.65483, 37.601094], [126.656178, 37.601597], [126.656791, 37.601828], [126.657093, 37.601936], [126.657181, 37.60196], [126.657355, 37.601999], [126.657573, 37.60202], [126.657747, 37.602011], [126.657935, 37.601973], [126.658361, 37.60179], [126.658739, 37.601601], [126.659316, 37.60131], [126.6606, 37.600681], [126.661711, 37.600127], [126.662117, 37.599914], [126.662886, 37.599574], [126.665314, 37.598615], [126.665773, 37.598454], [126.666206, 37.5983], [126.666455, 37.59818], [126.666715, 37.597978], [126.667055, 37.597683], [126.667353, 37.597437], [126.667568, 37.59726], [126.66803, 37.596912], [126.668423, 37.596648], [126.669384, 37.596002], [126.67079, 37.595397], [126.671919, 37.594898], [126.672149, 37.594758], [126.672292, 37.594615], [126.672485, 37.594357], [126.67261, 37.594037], [126.672777, 37.59317], [126.672878, 37.592593], [126.673037, 37.591669], [126.673076, 37.591397], [126.673414, 37.58993], [126.673988, 37.588856], [126.674934, 37.587438], [126.675806, 37.585111], [126.67594, 37.584751], [126.676052, 37.584446], [126.676152, 37.584089], [126.676209, 37.583758], [126.675813, 37.582408], [126.675322, 37.580909], [126.67517, 37.579119], [126.675124, 37.578173], [126.675047, 37.576694], [126.67503, 37.57646], [126.674925, 37.575991]], [[126.674925, 37.575991], [126.674644, 37.57495], [126.674452, 37.5741], [126.674379, 37.57361], [126.674339, 37.573072], [126.674332, 37.572548], [126.67439, 37.571985], [126.674451, 37.571527], [126.674592, 37.570909], [126.674826, 37.570277], [126.675064, 37.569674], [126.675178, 37.569435], [126.675353, 37.56909], [126.675699, 37.56852], [126.675766, 37.568401], [126.676222, 37.567631], [126.676817, 37.56665], [126.677186, 37.566024], [126.677348, 37.565746], [126.677478, 37.565337], [126.677547, 37.564788], [126.677534, 37.563645], [126.677503, 37.562013], [126.67749, 37.561558], [126.677474, 37.560892], [126.677472, 37.560811], [126.677429, 37.559605], [126.677384, 37.558396], [126.677319, 37.556309], [126.677251, 37.554308]], [[126.677251, 37.554308], [126.677235, 37.553696], [126.677134, 37.552451], [126.67704, 37.551112], [126.677036, 37.551017], [126.677004, 37.550357], [126.676933, 37.547598], [126.676877, 37.5456], [126.676745, 37.543321], [126.676729, 37.543042], [126.676621, 37.541221], [126.676477, 37.538666], [126.676314, 37.536407], [126.676072, 37.532066], [126.675896, 37.52926], [126.675404, 37.526413], [126.675306, 37.525092], [126.675238, 37.524107], [126.675204, 37.523614], [126.675114, 37.522712], [126.675109, 37.52251], [126.675133, 37.522332], [126.675202, 37.522162], [126.675306, 37.521996], [126.675517, 37.521844], [126.675829, 37.521726], [126.676334, 37.521598], [126.676683, 37.521473], [126.676874, 37.521319], [126.67696, 37.52116], [126.676982, 37.52094], [126.676917, 37.519933], [126.676738, 37.517088], [126.676707, 37.516581], [126.676557, 37.514603], [126.676433, 37.512391], [126.676279, 37.509301], [126.676141, 37.506969], [126.676123, 37.506387], [126.675977, 37.504212], [126.675839, 37.501891], [126.67571, 37.499541], [126.675709, 37.499509], [126.67552, 37.496362], [126.675205, 37.491444], [126.675128, 37.489599], [126.675088, 37.488652], [126.675127, 37.488428], [126.675235, 37.488205], [126.675388, 37.488001], [126.675561, 37.487914], [126.67579, 37.487821], [126.676074, 37.487771], [126.676317, 37.487764], [126.677877, 37.487711], [126.678505, 37.487634], [126.678883, 37.487523], [126.680308, 37.486575], [126.683405, 37.484333], [126.684452, 37.483573], [126.684629, 37.483445], [126.685531, 37.482823], [126.685762, 37.482648], [126.686017, 37.482375], [126.686151, 37.482153], [126.686273, 37.481505], [126.686461, 37.480286], [126.686449, 37.480049], [126.686333, 37.479761], [126.685316, 37.478096], [126.683675, 37.47655], [126.683175, 37.476107], [126.681935, 37.475134], [126.681615, 37.474856], [126.681348, 37.474439], [126.681243, 37.474246], [126.681086, 37.473914], [126.68086, 37.473215], [126.680531, 37.472119], [126.680005, 37.470431], [126.679911, 37.47006], [126.679872, 37.469832], [126.679606, 37.46856], [126.679306, 37.466861], [126.679147, 37.465648], [126.679098, 37.465458], [126.679022, 37.465231], [126.67898, 37.465132], [126.678915, 37.464985], [126.67887, 37.464898], [126.678851, 37.464862], [126.678433, 37.464126], [126.678085, 37.463576], [126.677928, 37.463219], [126.677875, 37.462982], [126.677851, 37.462404], [126.67779, 37.461665], [126.677664, 37.460677], [126.677718, 37.459822], [126.677745, 37.459155], [126.677884, 37.45891], [126.678147, 37.45867], [126.678459, 37.458549], [126.679339, 37.458487], [126.680313, 37.458422], [126.680997, 37.458381], [126.681302, 37.458365], [126.681893, 37.458333], [126.683653, 37.458218], [126.686067, 37.458051], [126.689556, 37.457836], [126.691812, 37.457691], [126.692919, 37.457608], [126.693318, 37.457577], [126.694714, 37.45745], [126.696956, 37.457219], [126.701749, 37.45682], [126.702382, 37.456774], [126.702871, 37.45673], [126.703278, 37.456694], [126.703627, 37.45668], [126.705165, 37.45675], [126.707979, 37.456897], [126.708689, 37.456936], [126.709534, 37.456841], [126.711202, 37.456651], [126.711739, 37.456589], [126.71675, 37.456075], [126.719242, 37.455846], [126.719984, 37.455804], [126.720234, 37.45579], [126.722051, 37.45568], [126.723806, 37.455583], [126.726752, 37.455362], [126.731749, 37.45497], [126.732183, 37.45493], [126.732262, 37.454923], [126.732959, 37.454864], [126.733335, 37.454756], [126.73388, 37.454467], [126.734964, 37.453758], [126.735662, 37.453232], [126.735913, 37.452986], [126.735967, 37.452884], [126.735982, 37.452751], [126.735958, 37.45268], [126.735304, 37.451505], [126.734174, 37.449439], [126.733942, 37.44896], [126.733921, 37.448759], [126.73395, 37.448582], [126.734056, 37.448421], [126.734246, 37.448297], [126.7352, 37.448223], [126.737328, 37.448121], [126.737489, 37.448113], [126.738996, 37.448027], [126.741249, 37.447865], [126.743998, 37.44767], [126.744606, 37.44764], [126.745047, 37.447648], [126.745316, 37.447662], [126.745641, 37.44777]], [[126.745641, 37.44777], [126.745878, 37.447866], [126.746601, 37.448224], [126.747221, 37.448566], [126.747966, 37.448951], [126.748156, 37.449027], [126.748493, 37.44912], [126.748751, 37.449174], [126.749154, 37.449199], [126.749492, 37.449181], [126.74983, 37.449122], [126.750357, 37.449037], [126.751012, 37.448908], [126.751691, 37.44876], [126.752449, 37.448609], [126.753315, 37.44843], [126.75364, 37.448366], [126.754062, 37.448292], [126.754528, 37.448182], [126.754914, 37.44808], [126.755261, 37.44795], [126.755368, 37.447888], [126.755751, 37.447657], [126.755863, 37.447581], [126.756039, 37.447423], [126.756294, 37.447158], [126.756394, 37.447045]], [[126.756394, 37.447045], [126.756566, 37.446772], [126.757157, 37.445752], [126.75762, 37.445115], [126.758279, 37.444292], [126.759277, 37.443141]], [[126.759277, 37.443141], [126.759533, 37.442845], [126.759704, 37.442622], [126.759869, 37.442357], [126.759974, 37.442062], [126.760027, 37.441764], [126.760035, 37.441528], [126.759983, 37.441286], [126.759873, 37.440802], [126.759818, 37.440571]], [[126.759818, 37.440571], [126.759742, 37.440255], [126.75962, 37.439754], [126.759487, 37.439314]], [[126.759745, 37.43997], [126.759869, 37.440539]], [[126.759869, 37.440539], [126.760003, 37.441027], [126.760052, 37.441245], [126.760105, 37.441486], [126.760101, 37.441629], [126.76009, 37.441806], [126.760068, 37.44201], [126.759984, 37.442242], [126.759872, 37.442441], [126.759727, 37.442664], [126.759496, 37.442943], [126.759313, 37.44318]], [[126.759313, 37.44318], [126.757683, 37.445095], [126.756951, 37.446172], [126.756754, 37.446509], [126.756431, 37.447064]], [[126.756431, 37.447064], [126.756172, 37.44737], [126.755855, 37.44764], [126.755542, 37.447826], [126.75519, 37.44802], [126.754647, 37.448186], [126.7536, 37.448426], [126.753317, 37.448475], [126.752462, 37.44865], [126.752227, 37.448699], [126.750372, 37.449067], [126.749788, 37.449166], [126.749533, 37.449202], [126.749183, 37.449237], [126.748895, 37.449221], [126.748672, 37.449198], [126.748368, 37.449122], [126.748007, 37.449006], [126.747514, 37.448757], [126.746804, 37.448381], [126.745929, 37.447932], [126.74562, 37.447809]], [[126.74562, 37.447809], [126.745535, 37.447775], [126.745281, 37.447694], [126.745011, 37.447674], [126.744684, 37.447686], [126.744234, 37.447698], [126.743338, 37.447742], [126.739047, 37.448086], [126.737437, 37.448148], [126.736181, 37.448221], [126.735827, 37.44824], [126.734664, 37.448296], [126.734352, 37.448325], [126.734217, 37.448358], [126.734116, 37.448428], [126.734049, 37.448528], [126.734004, 37.448612], [126.733983, 37.448703], [126.733979, 37.448817], [126.734039, 37.449026], [126.734735, 37.450309], [126.735046, 37.450911], [126.735643, 37.451993], [126.73597, 37.452577], [126.736021, 37.452711], [126.736017, 37.452834], [126.73598, 37.452967], [126.735889, 37.453069], [126.735493, 37.453427], [126.7349, 37.453872], [126.734342, 37.454243], [126.73351, 37.454722], [126.733284, 37.454817], [126.732987, 37.45489], [126.731438, 37.455019], [126.727152, 37.455402], [126.719497, 37.45592], [126.718928, 37.455963], [126.714818, 37.456349], [126.710438, 37.456818], [126.708881, 37.456994], [126.708763, 37.457002], [126.708612, 37.457008], [126.708489, 37.457001], [126.703613, 37.456761], [126.702996, 37.456803], [126.70219, 37.45687], [126.691796, 37.457763], [126.687644, 37.458011], [126.682858, 37.458313], [126.680399, 37.458482], [126.679012, 37.458549], [126.678652, 37.45858], [126.678477, 37.4586], [126.67834, 37.458636], [126.67818, 37.458708], [126.678069, 37.45879], [126.677978, 37.458887], [126.677905, 37.458999], [126.677849, 37.459224], [126.677742, 37.460689], [126.677897, 37.462536], [126.677937, 37.463046], [126.678032, 37.463334], [126.678209, 37.463682], [126.67883, 37.464722], [126.678869, 37.464787], [126.678974, 37.464975], [126.679024, 37.465095], [126.679113, 37.465353], [126.67916, 37.465532], [126.679183, 37.465627], [126.679343, 37.466614], [126.679427, 37.467067], [126.679513, 37.467531], [126.679982, 37.470279], [126.681182, 37.473922], [126.681339, 37.47429], [126.681394, 37.474392], [126.681488, 37.474565], [126.681654, 37.474808], [126.681799, 37.474946], [126.681983, 37.4751], [126.68234, 37.47538], [126.683634, 37.476418], [126.684998, 37.477696], [126.685248, 37.477923], [126.685443, 37.478152], [126.685579, 37.478374], [126.686359, 37.479621], [126.686445, 37.479786], [126.686549, 37.480014], [126.686566, 37.480138], [126.686559, 37.480275], [126.686516, 37.48062], [126.6863, 37.481803], [126.686283, 37.481969], [126.686238, 37.482166], [126.686142, 37.482352], [126.685996, 37.482512], [126.68582, 37.482677], [126.68368, 37.484218], [126.680698, 37.486362], [126.679377, 37.487289], [126.679098, 37.487468], [126.678818, 37.487621], [126.678489, 37.487725], [126.67793, 37.48779], [126.676674, 37.487817], [126.676141, 37.487831], [126.675971, 37.487855], [126.675715, 37.487917], [126.675552, 37.487991], [126.675433, 37.488065], [126.675334, 37.488176], [126.675262, 37.488295], [126.675187, 37.488466], [126.675163, 37.488659], [126.675317, 37.490857], [126.675374, 37.49148], [126.675595, 37.495751], [126.675795, 37.498999], [126.675877, 37.500254], [126.676356, 37.507972], [126.676482, 37.511886], [126.676542, 37.513346], [126.676693, 37.515648], [126.676821, 37.517598], [126.676863, 37.518188], [126.677059, 37.520972], [126.677037, 37.521195], [126.676958, 37.521336], [126.676799, 37.52148], [126.676599, 37.521586], [126.676333, 37.521686], [126.675809, 37.521823], [126.675646, 37.521894], [126.675417, 37.522054], [126.675282, 37.522247], [126.675206, 37.522482], [126.675202, 37.522726], [126.675273, 37.523555], [126.675309, 37.52406], [126.675391, 37.525272], [126.675484, 37.526392], [126.675812, 37.528141], [126.675985, 37.529222], [126.676662, 37.540334], [126.676878, 37.544194], [126.676972, 37.545848], [126.677012, 37.547227], [126.677073, 37.55046], [126.677142, 37.551802], [126.67729, 37.554307]], [[126.67729, 37.554307], [126.677364, 37.556306], [126.677476, 37.559614], [126.677531, 37.56081], [126.677549, 37.561492], [126.677601, 37.564134], [126.67761, 37.564724], [126.677578, 37.565035], [126.677547, 37.565251], [126.67747, 37.56554], [126.677322, 37.565885], [126.67685, 37.566682], [126.676539, 37.567206], [126.67616, 37.567803], [126.675426, 37.569053], [126.675186, 37.569502], [126.674909, 37.570175], [126.674686, 37.570815], [126.674593, 37.571185], [126.67449, 37.571781], [126.674444, 37.572103], [126.674401, 37.572596], [126.6744, 37.572984], [126.674417, 37.573587], [126.67448, 37.574082], [126.674603, 37.574499], [126.674681, 37.574843], [126.674977, 37.57595]], [[126.674977, 37.57595], [126.675095, 37.576404], [126.675128, 37.576652], [126.675196, 37.577247], [126.675232, 37.577866], [126.675356, 37.580008], [126.675404, 37.580555], [126.675463, 37.580912], [126.675533, 37.581185], [126.675642, 37.58157], [126.676181, 37.583316], [126.676261, 37.583599], [126.676294, 37.583759], [126.676282, 37.58393], [126.67624, 37.584169], [126.675842, 37.585374], [126.67555, 37.586039], [126.675126, 37.587376], [126.675043, 37.587588], [126.674925, 37.587804], [126.674206, 37.588852], [126.673583, 37.590018], [126.673206, 37.591384], [126.673196, 37.591573], [126.673083, 37.592084], [126.673036, 37.592343], [126.672814, 37.593339], [126.672782, 37.593487], [126.672729, 37.593723], [126.672694, 37.593902], [126.672624, 37.594158], [126.672566, 37.594328], [126.672496, 37.594459], [126.672415, 37.594579], [126.672288, 37.594718], [126.672131, 37.594846], [126.671887, 37.594989], [126.670294, 37.595693], [126.669697, 37.595934], [126.669458, 37.596052], [126.668162, 37.596947], [126.666701, 37.598078], [126.666636, 37.598123], [126.666496, 37.598219], [126.666333, 37.59832], [126.666218, 37.598373], [126.666071, 37.598441], [126.66564, 37.598592], [126.662811, 37.599718], [126.66192, 37.600176], [126.661335, 37.600476], [126.659375, 37.601379], [126.65846, 37.601824], [126.65816, 37.601933], [126.657938, 37.602002], [126.657724, 37.602052], [126.657528, 37.602057], [126.657311, 37.602037], [126.657208, 37.602014], [126.656816, 37.601881], [126.656168, 37.601642]], [[126.656168, 37.601642], [126.655895, 37.601532], [126.653444, 37.600619], [126.652322, 37.600105], [126.651403, 37.599387], [126.650198, 37.598662], [126.648223, 37.597661], [126.647699, 37.597417]], [[126.647699, 37.597417], [126.6471, 37.597133]], [[126.6471, 37.597133], [126.645537, 37.596383], [126.6443, 37.595861], [126.642848, 37.595347], [126.641975, 37.595067], [126.638404, 37.59386], [126.63754, 37.593676], [126.636831, 37.593631], [126.635899, 37.593621], [126.633767, 37.593937], [126.631635, 37.594304], [126.627526, 37.595077]]]}, "properties": {"ref": "I2", "name": "인천 도시철도 2호선: 검단오류 → 운연", "operator": "인천교통공사", "color": "#F4A462"}}, {"type": "Feature", "geometry": {"type": "MultiLineString", "coordinates": [[[127.012348, 37.663361], [127.012533, 37.663059], [127.012921, 37.662314], [127.013053, 37.662002], [127.013582, 37.660169], [127.013812, 37.659389], [127.013791, 37.659041], [127.013256, 37.656417], [127.013243, 37.656347], [127.013159, 37.655934]], [[127.013159, 37.655934], [127.013091, 37.65564], [127.01297, 37.655075], [127.012454, 37.652662], [127.012418, 37.652278], [127.012452, 37.652046], [127.012602, 37.651546], [127.013652, 37.649363], [127.013676, 37.649314], [127.014617, 37.647299], [127.014738, 37.647044], [127.015069, 37.64632], [127.015502, 37.645308], [127.015687, 37.64487], [127.016084, 37.64359], [127.016515, 37.642035], [127.016806, 37.64095], [127.017055, 37.637661], [127.017405, 37.634217], [127.017431, 37.634036], [127.017504, 37.633518], [127.017638, 37.631519], [127.017909, 37.628972], [127.018139, 37.626964], [127.018185, 37.626565], [127.018304, 37.624712], [127.018462, 37.623875], [127.01856, 37.623703], [127.018992, 37.623164], [127.01987, 37.622242], [127.020056, 37.62205], [127.02018, 37.621901], [127.020282, 37.62173], [127.020372, 37.621486], [127.020484, 37.621149], [127.020566, 37.620806], [127.020647, 37.620353], [127.020687, 37.620005], [127.020681, 37.619916], [127.02062, 37.619824], [127.020523, 37.619767], [127.02038, 37.619711], [127.020192, 37.619699], [127.019125, 37.619868], [127.017079, 37.620037], [127.016296, 37.620085], [127.013712, 37.62022], [127.012787, 37.620263], [127.012394, 37.620236], [127.012007, 37.620183], [127.011601, 37.620057], [127.011078, 37.619845], [127.009369, 37.619082], [127.008817, 37.618798], [127.008682, 37.618691], [127.008594, 37.618577], [127.00847, 37.618341], [127.008342, 37.617606], [127.008378, 37.617258], [127.008659, 37.616583], [127.008741, 37.616282], [127.008773, 37.615753], [127.008631, 37.614105], [127.008587, 37.613917], [127.008458, 37.613694], [127.008332, 37.613548], [127.007946, 37.613244], [127.007856, 37.613114], [127.007819, 37.613003], [127.007817, 37.612895], [127.007819, 37.612808], [127.00785, 37.612674], [127.007887, 37.612553], [127.008001, 37.612372], [127.008258, 37.611963], [127.008971, 37.610733], [127.009272, 37.610279], [127.009394, 37.610008], [127.009649, 37.608965], [127.0102, 37.607622], [127.011314, 37.605379], [127.011568, 37.604788], [127.011622, 37.604608], [127.011712, 37.604433], [127.011771, 37.60434], [127.011875, 37.604251], [127.01233, 37.603947], [127.012917, 37.603507], [127.013202, 37.603193], [127.013338, 37.602753], [127.013472, 37.602319], [127.013877, 37.600375], [127.014376, 37.597876], [127.015748, 37.595463], [127.016392, 37.592919], [127.016456, 37.592568], [127.016659, 37.591466], [127.016894, 37.590232], [127.016938, 37.590007], [127.01697, 37.589906], [127.017083, 37.589676], [127.017238, 37.589548], [127.017829, 37.589118], [127.017963, 37.588963], [127.018048, 37.588872], [127.018075, 37.588759], [127.0181, 37.587758], [127.01811, 37.587553], [127.018148, 37.587402], [127.018217, 37.587226], [127.01848, 37.586796], [127.019467, 37.585061], [127.0198, 37.584416], [127.02012, 37.583808], [127.021526, 37.581147], [127.02271, 37.578953], [127.023019, 37.578304], [127.023086, 37.577982], [127.023157, 37.576085]], [[127.023157, 37.576085], [127.023183, 37.575656]], [[127.023263, 37.575654], [127.023244, 37.57586], [127.02324, 37.576058]], [[127.02324, 37.576058], [127.023208, 37.576682], [127.023188, 37.578131], [127.023089, 37.578457], [127.019539, 37.585085], [127.018514, 37.586966], [127.018255, 37.587412], [127.018213, 37.587669], [127.01818, 37.588756], [127.018166, 37.588826], [127.018142, 37.588896], [127.018074, 37.588971], [127.018001, 37.589041], [127.017221, 37.589629], [127.017171, 37.589667], [127.017125, 37.589732], [127.01707, 37.589827], [127.017033, 37.589935], [127.016955, 37.590273], [127.016589, 37.592389], [127.01655, 37.592593], [127.016488, 37.59287], [127.016393, 37.593389], [127.015871, 37.595319], [127.015826, 37.595485], [127.015759, 37.59565], [127.015383, 37.596331], [127.01529, 37.596485], [127.015178, 37.596671], [127.014892, 37.597125], [127.014797, 37.597291], [127.014704, 37.597461], [127.01459, 37.597682], [127.014479, 37.59792], [127.014404, 37.598178], [127.014347, 37.598403], [127.014295, 37.598648], [127.013676, 37.601755], [127.013605, 37.602075], [127.013407, 37.602764], [127.013251, 37.603188], [127.013188, 37.603308], [127.013118, 37.603427], [127.013001, 37.603556], [127.012771, 37.603723], [127.01251, 37.6039], [127.012213, 37.604106], [127.011963, 37.604258], [127.011837, 37.604384], [127.011723, 37.604536], [127.011638, 37.604775], [127.011573, 37.604917], [127.011278, 37.605615], [127.010559, 37.607042], [127.010316, 37.607529], [127.010175, 37.607825], [127.00988, 37.6085]], [[127.00988, 37.6085], [127.009707, 37.608968], [127.009638, 37.609253], [127.009573, 37.609523], [127.009518, 37.609801], [127.009471, 37.610025], [127.0094, 37.610193], [127.00933, 37.610367], [127.009184, 37.610583], [127.009066, 37.610785], [127.008923, 37.610984], [127.008773, 37.61121], [127.008334, 37.612022], [127.008265, 37.612121], [127.008134, 37.612343], [127.007997, 37.612543], [127.007897, 37.612725], [127.007868, 37.612831], [127.007875, 37.612962], [127.007926, 37.613085], [127.008011, 37.613167], [127.008125, 37.613248], [127.008397, 37.613451], [127.008553, 37.613562], [127.008649, 37.613657], [127.008737, 37.613852], [127.008776, 37.614032], [127.00878, 37.614095], [127.00886, 37.615021], [127.008912, 37.615845], [127.008892, 37.616119], [127.008881, 37.616389], [127.008844, 37.616561], [127.008757, 37.616785], [127.008656, 37.616994], [127.008548, 37.617267], [127.008506, 37.617458], [127.008489, 37.617688], [127.008511, 37.61801], [127.008549, 37.618227], [127.00861, 37.618424], [127.008698, 37.618587], [127.00877, 37.618669], [127.008854, 37.618742], [127.009018, 37.618847], [127.009308, 37.619003], [127.009483, 37.619084], [127.01166, 37.620006], [127.011969, 37.620084], [127.012193, 37.62012], [127.012393, 37.620142], [127.012668, 37.620187], [127.013098, 37.620178], [127.01374, 37.620131]], [[127.01374, 37.620131], [127.015223, 37.620094], [127.017594, 37.619951], [127.017978, 37.619915], [127.018435, 37.619892], [127.018841, 37.619853], [127.01931, 37.61981], [127.019826, 37.619735], [127.020196, 37.619672], [127.020301, 37.619667], [127.02044, 37.619679], [127.020588, 37.619741], [127.0207, 37.619849], [127.02072, 37.61995], [127.020719, 37.620077], [127.020708, 37.620232], [127.02069, 37.620378], [127.020514, 37.621174], [127.020408, 37.621538], [127.02033, 37.621734], [127.020208, 37.621921], [127.020115, 37.622059], [127.019966, 37.622234], [127.019736, 37.622513], [127.019508, 37.622738], [127.019174, 37.623097], [127.018975, 37.62331], [127.018838, 37.623472], [127.018701, 37.623659], [127.01857, 37.623881], [127.018507, 37.624054], [127.018463, 37.624229], [127.018424, 37.624469], [127.018299, 37.626122], [127.018242, 37.626592], [127.018224, 37.626976], [127.018182, 37.627625], [127.018129, 37.628086], [127.017997, 37.629514], [127.017818, 37.631254], [127.017651, 37.633035], [127.017541, 37.634062], [127.017304, 37.635632], [127.017254, 37.636155], [127.017162, 37.637063], [127.017111, 37.637692], [127.017079, 37.638229], [127.017048, 37.638758], [127.01699, 37.639648], [127.016937, 37.640316], [127.016903, 37.640689], [127.016814, 37.641163], [127.01675, 37.641447], [127.016686, 37.641664], [127.016581, 37.642094], [127.016454, 37.642594], [127.016279, 37.643199], [127.015765, 37.644885], [127.015547, 37.645455], [127.015151, 37.64637], [127.01422, 37.648231], [127.013697, 37.649379], [127.013412, 37.650005], [127.012782, 37.651301], [127.012664, 37.65159], [127.01254, 37.652095], [127.012519, 37.652265], [127.012519, 37.652499], [127.012562, 37.652839], [127.012974, 37.65469], [127.013269, 37.65597]], [[127.013269, 37.65597], [127.013352, 37.656384], [127.013715, 37.658318], [127.013865, 37.659069], [127.013876, 37.659256], [127.01386, 37.659422], [127.01324, 37.661592], [127.01309, 37.662091], [127.012978, 37.662307], [127.01259, 37.663079], [127.012424, 37.663391]]]}, "properties": {"ref": "W", "name": "서울 경전철 우이신설선: 북한산우이 → 신설동", "operator": null, "color": "#BACC50"}}, {"type": "Feature", "geometry": {"type": "MultiLineString", "coordinates": [[[126.801897, 37.562311], [126.802871, 37.562231], [126.804027, 37.562141], [126.804386, 37.562111], [126.804599, 37.562103], [126.804824, 37.562115], [126.80498, 37.562131], [126.805135, 37.562156], [126.805365, 37.562214], [126.805496, 37.562259], [126.805615, 37.56232], [126.805728, 37.562387], [126.805841, 37.562488], [126.805971, 37.562652], [126.806051, 37.562793], [126.806121, 37.56295], [126.806358, 37.563578], [126.80639, 37.563676], [126.806395, 37.563767], [126.80639, 37.563867], [126.806358, 37.564093], [126.806234, 37.564612], [126.806186, 37.564777], [126.804968, 37.568421], [126.804319, 37.57039], [126.803697, 37.572252], [126.80345, 37.573022], [126.803171, 37.573876], [126.803091, 37.574051], [126.802999, 37.574234], [126.802903, 37.57437], [126.801803, 37.575955], [126.800714, 37.577571], [126.800135, 37.578455], [126.799743, 37.579055], [126.799207, 37.579875], [126.798965, 37.580152], [126.798632, 37.580514], [126.797913, 37.581238], [126.797367, 37.581715], [126.792979, 37.585387], [126.789728, 37.588023], [126.789385, 37.588329], [126.788977, 37.588652], [126.788644, 37.588873], [126.783924, 37.59178], [126.781547, 37.593204], [126.780938, 37.593559], [126.78028, 37.593975], [126.778631, 37.595313], [126.778194, 37.595631], [126.777084, 37.596409], [126.776703, 37.59666], [126.776456, 37.59683], [126.773366, 37.598768], [126.772658, 37.599201], [126.771768, 37.599788], [126.77136, 37.600111], [126.771135, 37.60033], [126.770915, 37.600538], [126.770775, 37.600674], [126.770609, 37.600853], [126.770443, 37.60104], [126.770188, 37.601332], [126.770105, 37.601427], [126.769858, 37.601728], [126.769697, 37.601903], [126.769569, 37.602047], [126.769418, 37.602213], [126.769306, 37.602311], [126.769161, 37.602417], [126.769016, 37.602497], [126.768227, 37.602804], [126.766489, 37.603475], [126.766291, 37.603543], [126.766082, 37.60359], [126.765856, 37.603641], [126.765695, 37.60367], [126.765449, 37.603717], [126.76525, 37.603734], [126.76488, 37.603755], [126.764596, 37.60376], [126.764279, 37.603781], [126.763957, 37.603806], [126.763539, 37.603832], [126.763163, 37.603862], [126.762954, 37.603883], [126.762611, 37.603917], [126.762257, 37.603968], [126.761908, 37.604019], [126.761694, 37.604062], [126.761366, 37.604129], [126.761007, 37.60421], [126.760674, 37.604295], [126.760352, 37.60438], [126.760095, 37.604448], [126.7598, 37.604529], [126.759542, 37.604605], [126.759328, 37.604644], [126.758958, 37.604703], [126.758169, 37.604814], [126.757912, 37.604848], [126.757654, 37.604873], [126.75738, 37.604894], [126.757026, 37.604911], [126.756141, 37.604967], [126.755154, 37.605018], [126.754725, 37.60506], [126.75428, 37.605115], [126.753711, 37.605196], [126.74964, 37.605846], [126.748894, 37.605991], [126.74802, 37.606182], [126.747666, 37.606276], [126.747151, 37.606441], [126.746598, 37.606662], [126.744227, 37.607665], [126.74083, 37.60912], [126.73999, 37.609476], [126.739007, 37.60991], [126.736229, 37.611075], [126.734855, 37.611565], [126.733176, 37.612127], [126.732768, 37.612285], [126.732446, 37.612431], [126.732161, 37.612607], [126.731756, 37.612818], [126.731475, 37.613014], [126.730845, 37.613465], [126.729337, 37.614521], [126.728244, 37.615236], [126.727664, 37.61563], [126.726916, 37.616115], [126.726236, 37.616515], [126.724671, 37.617404], [126.723904, 37.61786], [126.723844, 37.617895], [126.722408, 37.618747], [126.722017, 37.619003], [126.721524, 37.619345], [126.72126, 37.619522], [126.721109, 37.619601], [126.719692, 37.620309], [126.718807, 37.62075], [126.7186, 37.620845], [126.717463, 37.621316], [126.716528, 37.621703], [126.715961, 37.621927], [126.715706, 37.622035], [126.71549, 37.622138], [126.71532, 37.622242], [126.71515, 37.622376], [126.714991, 37.622511], [126.714852, 37.622641], [126.714736, 37.622763], [126.714634, 37.622879], [126.714515, 37.623019], [126.71443, 37.623149], [126.714101, 37.623661], [126.713993, 37.623849], [126.713903, 37.624016], [126.713829, 37.624173], [126.713755, 37.624299], [126.713676, 37.62442], [126.712116, 37.6268], [126.711972, 37.626986], [126.711751, 37.62726], [126.711497, 37.627533], [126.711242, 37.627797], [126.710965, 37.62808], [126.710807, 37.62823], [126.710665, 37.62834], [126.71056, 37.628426], [126.710444, 37.628511], [126.709922, 37.628851], [126.705884, 37.631593], [126.70542, 37.631906], [126.703805, 37.633041], [126.703355, 37.633381], [126.703011, 37.633721], [126.7027, 37.634052], [126.702545, 37.634218], [126.702389, 37.634417], [126.702228, 37.634664], [126.700619, 37.638071], [126.700493, 37.638357], [126.699744, 37.640343], [126.698806, 37.642582], [126.69821, 37.644081], [126.697282, 37.646218], [126.696649, 37.647705], [126.696349, 37.648274], [126.69615, 37.648626], [126.695995, 37.648851], [126.695882, 37.648989], [126.695769, 37.649106], [126.695609, 37.649246], [126.695356, 37.649454], [126.69512, 37.649616], [126.69497, 37.649705], [126.69475, 37.649816], [126.693908, 37.650185], [126.689847, 37.652092], [126.687825, 37.653035], [126.687315, 37.653264], [126.686993, 37.653392], [126.686644, 37.653506], [126.686258, 37.653608], [126.685894, 37.653685], [126.685663, 37.653731], [126.685309, 37.653782], [126.68503, 37.653812], [126.684665, 37.653842], [126.684204, 37.65385], [126.683853, 37.653835], [126.683415, 37.653799], [126.683088, 37.653753], [126.682782, 37.653702], [126.682321, 37.653608], [126.682101, 37.653545], [126.681843, 37.653464], [126.681387, 37.653303], [126.681028, 37.653154], [126.680813, 37.653056], [126.680594, 37.652937], [126.680421, 37.652839], [126.679296, 37.652181], [126.678218, 37.651498], [126.676932, 37.650652], [126.675668, 37.649874], [126.674548, 37.649123], [126.673532, 37.648384], [126.672671, 37.647829], [126.672423, 37.647683], [126.672171, 37.647539], [126.672021, 37.647428], [126.671887, 37.647305], [126.671758, 37.647169], [126.671629, 37.647021], [126.670283, 37.645516], [126.66975, 37.644941], [126.669344, 37.644468], [126.668962, 37.644036], [126.667569, 37.642433], [126.665021, 37.639519], [126.664913, 37.639422], [126.664783, 37.639356], [126.664643, 37.639329], [126.66448, 37.639326], [126.664337, 37.639345], [126.664221, 37.639392], [126.663974, 37.639519], [126.661378, 37.640964], [126.659737, 37.641902], [126.659452, 37.642043], [126.659254, 37.642132], [126.659023, 37.642212], [126.65876, 37.642293], [126.658481, 37.642365], [126.658256, 37.642416], [126.658063, 37.642454], [126.657859, 37.642484], [126.657465, 37.642537], [126.657081, 37.642582], [126.656666, 37.642627], [126.656261, 37.642663], [126.655992, 37.642684], [126.655724, 37.642701], [126.655322, 37.642705], [126.654882, 37.642692], [126.654426, 37.642671], [126.654195, 37.64265], [126.653873, 37.642624], [126.653584, 37.64259], [126.653315, 37.642556], [126.652956, 37.642493], [126.649319, 37.641758], [126.645749, 37.641041], [126.645601, 37.641004], [126.645456, 37.640955], [126.645243, 37.640888], [126.645019, 37.640812], [126.644679, 37.640736], [126.64411, 37.640616], [126.643445, 37.640475], [126.643102, 37.640403], [126.642801, 37.640382], [126.642571, 37.640399], [126.642364, 37.64046], [126.642157, 37.640539], [126.641404, 37.640859], [126.64103, 37.641043], [126.640682, 37.641223], [126.640435, 37.641363], [126.639035, 37.6422], [126.637453, 37.643184], [126.636182, 37.644004], [126.636026, 37.644116], [126.635909, 37.644217], [126.635792, 37.644326], [126.635275, 37.644875], [126.634771, 37.645452], [126.634336, 37.64592], [126.634207, 37.646056], [126.634025, 37.6462], [126.633864, 37.646281], [126.633655, 37.646327], [126.633456, 37.646344], [126.633301, 37.646332], [126.63314, 37.646302], [126.628714, 37.645418], [126.626166, 37.6449], [126.619976, 37.643656], [126.61819, 37.643308], [126.615693, 37.643037], [126.6154, 37.643008], [126.615106, 37.642957], [126.614953, 37.642908], [126.614827, 37.642841], [126.614674, 37.642708]], [[126.614674, 37.642708], [126.61463, 37.642662], [126.61454, 37.642554], [126.614499, 37.642453], [126.614466, 37.642351], [126.614455, 37.642237], [126.614478, 37.642113], [126.614502, 37.642034], [126.614581, 37.641903], [126.614753, 37.641645]], [[126.614701, 37.642702], [126.6146, 37.642587], [126.614512, 37.642412], [126.61449, 37.642286], [126.614511, 37.642156], [126.614556, 37.642029], [126.61474, 37.641771], [126.614822, 37.641658]], [[126.801895, 37.562389], [126.804072, 37.562195], [126.804524, 37.562152], [126.8048, 37.562152], [126.805207, 37.562214], [126.805496, 37.562308], [126.805664, 37.562409], [126.805892, 37.562668], [126.806068, 37.562953], [126.806304, 37.56363], [126.80633, 37.563824], [126.806226, 37.564433], [126.80572, 37.565978], [126.804853, 37.568536], [126.80418, 37.570577], [126.803518, 37.572491], [126.80315, 37.573647], [126.802854, 37.574242], [126.801512, 37.576192], [126.799585, 37.579104], [126.799014, 37.579905], [126.797333, 37.581632], [126.795183, 37.583375], [126.791792, 37.586225], [126.788809, 37.588589], [126.783858, 37.591679], [126.780817, 37.593491], [126.778806, 37.594963], [126.775978, 37.596887], [126.772536, 37.599156], [126.771368, 37.599951], [126.770678, 37.600575], [126.7702, 37.601245], [126.770147, 37.601304], [126.769357, 37.602168], [126.769005, 37.602428], [126.766471, 37.603404], [126.765381, 37.603642], [126.763578, 37.603765], [126.7626, 37.603826], [126.761141, 37.604084], [126.759544, 37.604519], [126.758094, 37.604751], [126.756265, 37.604873], [126.754489, 37.605029], [126.748817, 37.605894], [126.74702, 37.606371], [126.743152, 37.608045], [126.737456, 37.610479], [126.735672, 37.611145], [126.733254, 37.611997], [126.732439, 37.612354], [126.732396, 37.612374], [126.731789, 37.612741], [126.72655, 37.616235], [126.724549, 37.617387], [126.722398, 37.618656], [126.72112, 37.619456], [126.719728, 37.620157], [126.718529, 37.62076], [126.716558, 37.621588], [126.715631, 37.621941], [126.714876, 37.622424], [126.714026, 37.623573], [126.71164, 37.62723], [126.710464, 37.628345], [126.707983, 37.630017], [126.705881, 37.631465], [126.703623, 37.633063], [126.702525, 37.634075], [126.702018, 37.634823], [126.700774, 37.637467], [126.699899, 37.639522], [126.697508, 37.645414], [126.696112, 37.648403], [126.695627, 37.649028], [126.694898, 37.649586], [126.691026, 37.651412], [126.687335, 37.653155], [126.685696, 37.653674], [126.684988, 37.653773], [126.684327, 37.653787], [126.683931, 37.653783], [126.683678, 37.653773], [126.682853, 37.653637], [126.681724, 37.653363], [126.680614, 37.652839], [126.679339, 37.652051], [126.677121, 37.650663], [126.67452, 37.648993], [126.672663, 37.64774], [126.671992, 37.64727], [126.670608, 37.645699], [126.669169, 37.644084], [126.66907, 37.643975], [126.667324, 37.642066], [126.665192, 37.639479], [126.664676, 37.639227], [126.664265, 37.639255], [126.662754, 37.640063], [126.660625, 37.641233], [126.65902, 37.642075], [126.65757, 37.642422], [126.655501, 37.642619], [126.653003, 37.642429], [126.649338, 37.641667], [126.644884, 37.640689], [126.644145, 37.64056], [126.642996, 37.640329], [126.64262, 37.640303], [126.642223, 37.640335], [126.641115, 37.640855], [126.638464, 37.642456], [126.635897, 37.644067], [126.634456, 37.645528], [126.633949, 37.646078], [126.633714, 37.646201], [126.633406, 37.646227], [126.63297, 37.64617], [126.632413, 37.646017], [126.628743, 37.645315], [126.627864, 37.645147], [126.627094, 37.644992], [126.620007, 37.643567], [126.617994, 37.643214], [126.615352, 37.642965], [126.615064, 37.642904], [126.614864, 37.642815], [126.614701, 37.642702]]]}, "properties": {"ref": "김포 골드라인", "name": "김포 골드라인: 김포공항 → 양촌", "operator": "김포골드라인SRS", "color": "#957326"}}, {"type": "Feature", "geometry": {"type": "MultiLineString", "coordinates": [[[127.04674, 37.688807], [127.046754, 37.688779], [127.046793, 37.688715], [127.046885, 37.688594], [127.04725, 37.688181]], [[127.04725, 37.688181], [127.047549, 37.687873], [127.051743, 37.685088], [127.052481, 37.684538], [127.054843, 37.682588], [127.055028, 37.68239], [127.055166, 37.682208], [127.055279, 37.682012], [127.055346, 37.681799], [127.055344, 37.681524], [127.055322, 37.679525], [127.055261, 37.677939], [127.055234, 37.677011], [127.055288, 37.676007], [127.055276, 37.675653], [127.05526, 37.675283]], [[127.05526, 37.675283], [127.055248, 37.674924], [127.055264, 37.674635], [127.055308, 37.674218], [127.055418, 37.673597], [127.056573, 37.669066], [127.057338, 37.666259], [127.057757, 37.664742], [127.058578, 37.661274], [127.059498, 37.657897], [127.060196, 37.655507], [127.060254, 37.655284], [127.060382, 37.654792], [127.060516, 37.65433], [127.060742, 37.653516], [127.060862, 37.653091], [127.06124, 37.65145], [127.061628, 37.650132], [127.06203, 37.649102], [127.062845, 37.647584], [127.063855, 37.645523], [127.064756, 37.643645], [127.065249, 37.642556], [127.068207, 37.635975], [127.068805, 37.634624], [127.069967, 37.632012], [127.070775, 37.63016], [127.07135, 37.628938], [127.072987, 37.625606], [127.075081, 37.619255], [127.075457, 37.618117], [127.075576, 37.617765], [127.075621, 37.617632], [127.075741, 37.617255]], [[127.075741, 37.617255], [127.076157, 37.615944], [127.076283, 37.615545], [127.077411, 37.612043], [127.077587, 37.611436], [127.07945, 37.60163], [127.07954, 37.601354], [127.079656, 37.601044], [127.07979, 37.600793], [127.0799, 37.600609], [127.080024, 37.600487], [127.080269, 37.600284], [127.080567, 37.600089], [127.080959, 37.599851], [127.083314, 37.598504], [127.083987, 37.598135], [127.084226, 37.597965], [127.084453, 37.597768], [127.084831, 37.597413], [127.085125, 37.59708], [127.085315, 37.596877], [127.085498, 37.596372], [127.085631, 37.595837], [127.086247, 37.593437], [127.087264, 37.589477], [127.087546, 37.588379], [127.088006, 37.586772], [127.088294, 37.58563], [127.08841, 37.58523], [127.088529, 37.584806], [127.088681, 37.584257], [127.088807, 37.583388], [127.088798, 37.582843], [127.088728, 37.582483], [127.08856, 37.581424], [127.088391, 37.580715], [127.088301, 37.58034], [127.086657, 37.574449], [127.086488, 37.573897], [127.086365, 37.573567], [127.086237, 37.573234], [127.086161, 37.572929], [127.086138, 37.572745], [127.086119, 37.572606], [127.086112, 37.572443], [127.086137, 37.57086], [127.086115, 37.569374], [127.086086, 37.569234], [127.086027, 37.569092], [127.08449, 37.566296], [127.079518, 37.557224], [127.079407, 37.557023], [127.079107, 37.556522], [127.078565, 37.555517]], [[127.078565, 37.555517], [127.078481, 37.555361], [127.077669, 37.553818], [127.077517, 37.553557], [127.07666, 37.551792], [127.07608, 37.550428], [127.075243, 37.548984], [127.074386, 37.547628], [127.073641, 37.546393], [127.070711, 37.540145], [127.070566, 37.539854], [127.070486, 37.539691], [127.070317, 37.539349], [127.070148, 37.538948]], [[127.070148, 37.538948], [127.066407, 37.53087], [127.066387, 37.530811]], [[127.066387, 37.530811], [127.063104, 37.523627], [127.06295, 37.523308], [127.062739, 37.523015], [127.062653, 37.52289], [127.062482, 37.522659], [127.062356, 37.522503], [127.062247, 37.522367], [127.062211, 37.52233]], [[127.062211, 37.52233], [127.062122, 37.522208], [127.061967, 37.522042], [127.061748, 37.521858], [127.061625, 37.521761], [127.061498, 37.521675], [127.061345, 37.52158], [127.06113, 37.521464], [127.059882, 37.521035], [127.056887, 37.520007], [127.054839, 37.519679], [127.054572, 37.519634], [127.053173, 37.519401], [127.0523, 37.519272], [127.051119, 37.519053], [127.050527, 37.518945], [127.050037, 37.518857], [127.048621, 37.518586], [127.047698, 37.51842], [127.041372, 37.517209], [127.041303, 37.517196], [127.041207, 37.517169], [127.03536, 37.51541], [127.030733, 37.51397], [127.021477, 37.511131], [127.015893, 37.509453], [127.011619, 37.508186], [127.010156, 37.50773], [127.010004, 37.50767], [127.009873, 37.507595], [127.009719, 37.507487], [127.009553, 37.507341], [127.009394, 37.507162], [127.007837, 37.505096], [127.007751, 37.504996], [127.007585, 37.504843], [127.007397, 37.504715], [127.007231, 37.50462], [127.007087, 37.504553], [127.006901, 37.504461], [127.006714, 37.504368], [127.005308, 37.503833], [127.00497, 37.503739], [127.004667, 37.503628], [127.004459, 37.503531], [127.004052, 37.503284], [127.003636, 37.502957], [127.003107, 37.502453], [127.002907, 37.502187], [127.002697, 37.501756], [127.002581, 37.501461], [127.002486, 37.501198], [127.002385, 37.500747], [127.001797, 37.495459], [127.00138, 37.49445], [127.000901, 37.493554], [127.000133, 37.492445], [126.999902, 37.492138], [126.999723, 37.491857], [126.999576, 37.49162], [126.999344, 37.491197], [126.999091, 37.490748], [126.998785, 37.490258], [126.998504, 37.489926], [126.998039, 37.489462], [126.997557, 37.489093], [126.997073, 37.488852], [126.9966, 37.488658], [126.995073, 37.488148], [126.994794, 37.488063], [126.994677, 37.488027], [126.994235, 37.48789], [126.992117, 37.487238], [126.99129, 37.486973], [126.990031, 37.48657], [126.989877, 37.48652]], [[126.989877, 37.48652], [126.989607, 37.486434], [126.988692, 37.486212], [126.988617, 37.486193], [126.988434, 37.486158], [126.988203, 37.486119], [126.987952, 37.486081], [126.983447, 37.485516], [126.982198, 37.485411], [126.981957, 37.485338], [126.981686, 37.485262], [126.975948, 37.483375], [126.975702, 37.483309], [126.975438, 37.483259], [126.975243, 37.483231], [126.975043, 37.48322], [126.974506, 37.483237], [126.974347, 37.483251], [126.974233, 37.483261], [126.973959, 37.483297], [126.973686, 37.483361], [126.973406, 37.48346], [126.972885, 37.483691], [126.97279, 37.48374], [126.972702, 37.483793], [126.972608, 37.483857], [126.972554, 37.483903], [126.97253, 37.483923], [126.972459, 37.483995], [126.972398, 37.484067], [126.972326, 37.484131], [126.972248, 37.484189], [126.972164, 37.484241], [126.972066, 37.484291], [126.971879, 37.484379], [126.970051, 37.48508], [126.96998, 37.48511], [126.9699, 37.485144], [126.969871, 37.48516], [126.969759, 37.48522], [126.969613, 37.485317], [126.96942, 37.485475], [126.966594, 37.487778], [126.966251, 37.488063], [126.965001, 37.488811], [126.964462, 37.489058], [126.95727, 37.492436], [126.956872, 37.492676], [126.956645, 37.492836], [126.956578, 37.492884], [126.956359, 37.493071], [126.956247, 37.493186], [126.954829, 37.494898], [126.954745, 37.495001], [126.954139, 37.495656], [126.953397, 37.496552], [126.951925, 37.498296], [126.95165, 37.498622], [126.94769, 37.503214], [126.946448, 37.504656], [126.94639, 37.504721], [126.946209, 37.504798], [126.945895, 37.504908], [126.945084, 37.505144], [126.944902, 37.505177], [126.944735, 37.505205], [126.944546, 37.505221], [126.944396, 37.505234], [126.944196, 37.50524], [126.944078, 37.505238], [126.943959, 37.505235], [126.942163, 37.50522], [126.941579, 37.505192], [126.940852, 37.505124], [126.940708, 37.505111], [126.940556, 37.505102], [126.94007, 37.505093], [126.939676, 37.505091], [126.939611, 37.50509], [126.939541, 37.505085], [126.939477, 37.505078], [126.939414, 37.505069], [126.939356, 37.505056], [126.939286, 37.505036], [126.939195, 37.504993], [126.93193, 37.500521], [126.931142, 37.500033], [126.930916, 37.499928], [126.93073, 37.499854], [126.930518, 37.499815], [126.930244, 37.499768], [126.930059, 37.499754], [126.929383, 37.499753], [126.928209, 37.49972], [126.920806, 37.499958], [126.92033, 37.499971], [126.919781, 37.499983], [126.918819, 37.499997], [126.917274, 37.50002], [126.914537, 37.500064], [126.914297, 37.500068], [126.912972, 37.500089]], [[126.912972, 37.500089], [126.908937, 37.500155], [126.906019, 37.500221], [126.905953, 37.500216], [126.905889, 37.500207], [126.905831, 37.500194], [126.905774, 37.500175], [126.905732, 37.50015], [126.905696, 37.50012], [126.90566, 37.500083], [126.905612, 37.500026], [126.903862, 37.497451], [126.903787, 37.497368], [126.90372, 37.497311], [126.903394, 37.497055], [126.90334, 37.497013], [126.903281, 37.496967], [126.896253, 37.492516], [126.895458, 37.492013], [126.892504, 37.490193], [126.889125, 37.488025], [126.888907, 37.487861], [126.888837, 37.487809], [126.88857, 37.487588], [126.888325, 37.487346], [126.888092, 37.487086], [126.886673, 37.485404], [126.886334, 37.485002], [126.886221, 37.484806], [126.88613, 37.484606], [126.88605, 37.484398], [126.885984, 37.484167], [126.885359, 37.481412], [126.885337, 37.481353], [126.88531, 37.481301], [126.885274, 37.481253], [126.885233, 37.48121], [126.885183, 37.481169], [126.88513, 37.481141], [126.885062, 37.481117], [126.881614, 37.480102], [126.878496, 37.479196], [126.867866, 37.476089], [126.867763, 37.476059], [126.866705, 37.47575], [126.866443, 37.475677], [126.866333, 37.475661], [126.866214, 37.475652], [126.866096, 37.475657], [126.865988, 37.475677], [126.865883, 37.475709], [126.865749, 37.475781], [126.865493, 37.475895], [126.865431, 37.475923], [126.865384, 37.475941], [126.862476, 37.477093], [126.861903, 37.477291], [126.856394, 37.478878]], [[126.856394, 37.478878], [126.854855, 37.479322], [126.854445, 37.479439], [126.853812, 37.479621], [126.84837, 37.481169], [126.846683, 37.48165], [126.846344, 37.481745], [126.84541, 37.48201], [126.842746, 37.482778], [126.842486, 37.482863], [126.842189, 37.482998], [126.841902, 37.483174], [126.841605, 37.483379], [126.841144, 37.483705], [126.840474, 37.484158], [126.840354, 37.484259], [126.840239, 37.484377], [126.840031, 37.484649], [126.839831, 37.484943], [126.838951, 37.486353], [126.838349, 37.487317], [126.838204, 37.487499], [126.838025, 37.487676], [126.837907, 37.487767], [126.837797, 37.487853], [126.837722, 37.487892], [126.837479, 37.48802], [126.836805, 37.488331], [126.836374, 37.488535], [126.836059, 37.488684], [126.835582, 37.488912], [126.834397, 37.48942], [126.833487, 37.489718], [126.832458, 37.490023], [126.829765, 37.490623], [126.826468, 37.491371]], [[126.825739, 37.49154], [126.826468, 37.491371]], [[126.8232, 37.492198], [126.824337, 37.491901], [126.824412, 37.491883], [126.825739, 37.49154]], [[127.051649, 37.698569], [127.051726, 37.698708], [127.051858, 37.698897], [127.051965, 37.699039], [127.05205, 37.699139], [127.052117, 37.699218], [127.052165, 37.699273], [127.052284, 37.699413], [127.052314, 37.699448], [127.052418, 37.699554], [127.053075, 37.70018]], [[127.051649, 37.698569], [127.051449, 37.6983], [127.051264, 37.698051]], [[127.051264, 37.698051], [127.051036, 37.697657], [127.050568, 37.696852]], [[127.050568, 37.696852], [127.05029, 37.696383], [127.050143, 37.696159], [127.050004, 37.695955], [127.049869, 37.69579], [127.049696, 37.695598], [127.049501, 37.695434], [127.049341, 37.695322], [127.049178, 37.695221], [127.049035, 37.695144], [127.047948, 37.694619], [127.047634, 37.69447], [127.047434, 37.694366], [127.047212, 37.694239], [127.047048, 37.694125], [127.04688, 37.693991], [127.046719, 37.693839], [127.046561, 37.693661], [127.046427, 37.693463], [127.046323, 37.693281], [127.046229, 37.693068], [127.046172, 37.692861]], [[127.046172, 37.692861], [127.046131, 37.692621], [127.04613, 37.692583], [127.046125, 37.692387], [127.046146, 37.691892], [127.046153, 37.691797], [127.046219, 37.690849], [127.046257, 37.69034], [127.046272, 37.69022], [127.046273, 37.690212], [127.046282, 37.690135], [127.04632, 37.689912], [127.046372, 37.689693], [127.04643, 37.689492], [127.046517, 37.689258], [127.04662, 37.68905], [127.04674, 37.688807]], [[126.825739, 37.49154], [126.82649, 37.491272]], [[126.856367, 37.478845], [126.855355, 37.479135], [126.854827, 37.47929], [126.854433, 37.479402], [126.853802, 37.479585], [126.846668, 37.481616], [126.846327, 37.481712], [126.845394, 37.481977], [126.84273, 37.482745], [126.842466, 37.48283], [126.842164, 37.482968], [126.841873, 37.483146], [126.841575, 37.483352], [126.841305, 37.483543], [126.841114, 37.483678], [126.840442, 37.484132], [126.84032, 37.484236], [126.840202, 37.484357], [126.839995, 37.484631], [126.83979, 37.484926], [126.838911, 37.486337], [126.83831, 37.4873], [126.838167, 37.487478], [126.837991, 37.487652], [126.837875, 37.487742], [126.837768, 37.487824], [126.837697, 37.487862], [126.837455, 37.48799], [126.836782, 37.4883], [126.836351, 37.488504], [126.836035, 37.488653], [126.835559, 37.488881], [126.834378, 37.489388], [126.833471, 37.489684], [126.832457, 37.48994], [126.829797, 37.490535], [126.82649, 37.491272]], [[126.912972, 37.5], [126.911813, 37.500025], [126.908934, 37.500102], [126.90602, 37.500185], [126.905959, 37.50018], [126.905899, 37.500172], [126.905846, 37.50016], [126.905796, 37.500144], [126.905762, 37.500123], [126.905731, 37.500097], [126.905697, 37.500062], [126.905651, 37.500007], [126.903901, 37.497432], [126.903822, 37.497346], [126.903753, 37.497286], [126.903425, 37.497029], [126.903372, 37.496987], [126.903311, 37.49694], [126.896282, 37.492489], [126.895486, 37.491985], [126.889155, 37.487998], [126.888938, 37.487835], [126.888869, 37.487783], [126.888604, 37.487564], [126.888361, 37.487324], [126.88813, 37.487065], [126.887313, 37.486098], [126.88671, 37.485383], [126.886374, 37.484984], [126.886263, 37.484793], [126.886173, 37.484595], [126.886093, 37.484389], [126.886028, 37.48416], [126.885403, 37.481404], [126.88538, 37.481341], [126.885351, 37.481285], [126.885312, 37.481233], [126.885268, 37.481186], [126.885212, 37.481141], [126.885152, 37.481109], [126.885079, 37.481084], [126.883927, 37.480735], [126.878212, 37.479075], [126.867771, 37.476023], [126.866721, 37.475716], [126.866455, 37.475642], [126.866339, 37.475625], [126.866215, 37.475616], [126.866089, 37.475621], [126.865974, 37.475642], [126.865862, 37.475677], [126.865725, 37.47575], [126.865471, 37.475863], [126.865409, 37.475891], [126.865364, 37.475909], [126.862457, 37.477061], [126.861886, 37.477258], [126.856367, 37.478845]], [[126.989904, 37.486488], [126.989622, 37.4864], [126.988706, 37.486177], [126.988629, 37.486159], [126.988444, 37.486123], [126.988212, 37.486084], [126.98796, 37.486046], [126.983454, 37.48548], [126.982197, 37.485374], [126.981968, 37.485303], [126.981702, 37.485229], [126.975964, 37.483341], [126.975714, 37.483275], [126.975448, 37.483224], [126.975248, 37.483196], [126.975044, 37.483184], [126.974502, 37.483201], [126.974342, 37.483215], [126.974227, 37.483225], [126.973948, 37.483261], [126.97367, 37.483328], [126.973386, 37.483427], [126.972861, 37.48366], [126.972764, 37.48371], [126.972674, 37.483765], [126.972577, 37.483831], [126.972521, 37.483878], [126.972495, 37.4839], [126.972423, 37.483974], [126.972362, 37.484045], [126.972294, 37.484105], [126.972219, 37.484162], [126.972138, 37.484212], [126.972043, 37.48426], [126.971858, 37.484347], [126.970031, 37.485048], [126.969958, 37.485079], [126.969876, 37.485113], [126.969845, 37.48513], [126.969732, 37.485192], [126.969582, 37.485291], [126.969387, 37.48545], [126.966563, 37.487752], [126.96623, 37.488023], [126.965016, 37.488724], [126.964438, 37.489028], [126.957245, 37.492407], [126.956843, 37.492648], [126.956615, 37.492809], [126.956546, 37.492858], [126.956324, 37.493048], [126.95621, 37.493165], [126.954101, 37.495636], [126.952432, 37.497531], [126.949181, 37.501338], [126.947652, 37.503194], [126.946411, 37.504635], [126.946359, 37.504693], [126.946189, 37.504766], [126.945877, 37.504874], [126.945071, 37.50511], [126.944892, 37.505142], [126.944728, 37.50517], [126.944541, 37.505186], [126.944393, 37.505198], [126.944196, 37.505204], [126.944079, 37.505202], [126.94396, 37.505199], [126.942165, 37.505184], [126.941583, 37.505157], [126.940858, 37.505088], [126.940714, 37.505075], [126.940559, 37.505066], [126.940071, 37.505057], [126.939677, 37.505055], [126.939613, 37.505054], [126.939547, 37.505049], [126.939485, 37.505042], [126.939424, 37.505034], [126.93937, 37.505021], [126.939306, 37.505003], [126.939221, 37.504963], [126.931957, 37.500492], [126.931168, 37.500004], [126.930938, 37.499896], [126.93075, 37.499821], [126.930566, 37.499754], [126.930422, 37.499717], [126.93026, 37.499687], [126.930088, 37.499666], [126.929872, 37.499652], [126.929656, 37.499649], [126.929408, 37.499655], [126.928207, 37.499684], [126.920797, 37.499859], [126.920306, 37.499869], [126.919748, 37.499878], [126.918961, 37.499888], [126.917227, 37.499911], [126.914344, 37.499972], [126.912972, 37.5]], [[127.062256, 37.522305], [127.062001, 37.522019], [127.06178, 37.521832], [127.061656, 37.521735], [127.061527, 37.521647], [127.061372, 37.521551], [127.061152, 37.521433], [127.0599, 37.521002], [127.056901, 37.519973], [127.055588, 37.519747], [127.054608, 37.519566], [127.053397, 37.519344], [127.052353, 37.519149], [127.052296, 37.519139], [127.051509, 37.518999], [127.050074, 37.518744], [127.048606, 37.5185], [127.047865, 37.518351], [127.041382, 37.517174], [127.041316, 37.517161], [127.041223, 37.517135], [127.035376, 37.515377], [127.03075, 37.513937], [127.021489, 37.511097], [127.015909, 37.509419], [127.011635, 37.508152], [127.010174, 37.507697], [127.010027, 37.507639], [127.009901, 37.507566], [127.00975, 37.507461], [127.009589, 37.507318], [127.009433, 37.507142], [127.00792, 37.505072], [127.00783, 37.504966], [127.007764, 37.504896], [127.007684, 37.504829], [127.007595, 37.504771], [127.007509, 37.504714], [127.007378, 37.504631], [127.007231, 37.504547], [127.007105, 37.504473], [127.006959, 37.504387], [127.006779, 37.504297], [127.005326, 37.503786], [127.004765, 37.503574], [127.00447, 37.503424], [127.004135, 37.503206], [127.003626, 37.502807], [127.003472, 37.502669], [127.003335, 37.502547], [127.003131, 37.50231], [127.002994, 37.502111], [127.002769, 37.501722], [127.002656, 37.501377], [127.002552, 37.501015], [127.002498, 37.500696], [127.001954, 37.49539], [127.00143, 37.494259], [127.001019, 37.493488], [126.999797, 37.491718], [126.999456, 37.491082], [126.999292, 37.49082], [126.999059, 37.490437], [126.998727, 37.489993], [126.998394, 37.489613], [126.998001, 37.48927], [126.997649, 37.48903], [126.997202, 37.488775], [126.996565, 37.488539], [126.995306, 37.488159], [126.995106, 37.488102], [126.994803, 37.488012], [126.994264, 37.487852], [126.992149, 37.487188], [126.989904, 37.486488]], [[127.066429, 37.530799], [127.063147, 37.523614], [127.062992, 37.523294], [127.062787, 37.522995], [127.062693, 37.522871], [127.062526, 37.522629], [127.062393, 37.522479], [127.062286, 37.522343], [127.062256, 37.522305]], [[127.070184, 37.538935], [127.067077, 37.532213], [127.066429, 37.530799]], [[127.078588, 37.555513], [127.0779, 37.554219], [127.077542, 37.553545], [127.076697, 37.551781], [127.076117, 37.550416], [127.075279, 37.54897], [127.074421, 37.547613], [127.073677, 37.546381], [127.071747, 37.542288], [127.071539, 37.541847], [127.070592, 37.539842], [127.070521, 37.539691], [127.070355, 37.539339], [127.070184, 37.538935]], [[127.074713, 37.620537], [127.0749, 37.619973], [127.07513, 37.61928], [127.075211, 37.619036], [127.075545, 37.617998], [127.07566, 37.61764], [127.076187, 37.615977], [127.076322, 37.615553], [127.07745, 37.61205], [127.077626, 37.611441], [127.079489, 37.601634], [127.079579, 37.601371], [127.079691, 37.60108], [127.079859, 37.600791], [127.079962, 37.600632], [127.080066, 37.60054], [127.080297, 37.600364], [127.080536, 37.600198], [127.080992, 37.599899], [127.083344, 37.59856], [127.084042, 37.598194], [127.084229, 37.598042], [127.084482, 37.59784], [127.084852, 37.597448], [127.085155, 37.597138], [127.085351, 37.596891], [127.085537, 37.596379], [127.085681, 37.595847], [127.086191, 37.593848], [127.087226, 37.589791], [127.087584, 37.588386], [127.08825, 37.586174], [127.088434, 37.585431], [127.088628, 37.5848], [127.08877, 37.584311], [127.08886, 37.583849], [127.088918, 37.583451], [127.088939, 37.583081], [127.088926, 37.58281], [127.088869, 37.582542], [127.088764, 37.582005], [127.088625, 37.581394], [127.08844, 37.580721], [127.086695, 37.574412], [127.086528, 37.573871], [127.086409, 37.573553], [127.086292, 37.573246], [127.086206, 37.572941], [127.086178, 37.57274], [127.086159, 37.572604], [127.086151, 37.572443], [127.086177, 37.570861], [127.086155, 37.569371], [127.086125, 37.569227], [127.086064, 37.569081], [127.084526, 37.566283], [127.079553, 37.557214], [127.078588, 37.555513]], [[127.055429, 37.680449], [127.055424, 37.680112], [127.055419, 37.679728], [127.05539, 37.678728], [127.055348, 37.677137], [127.055344, 37.67677], [127.055368, 37.675815], [127.055359, 37.675098], [127.055364, 37.674807], [127.055374, 37.674597], [127.055426, 37.674231], [127.055554, 37.673619], [127.056767, 37.669062], [127.057477, 37.666294], [127.057891, 37.664758], [127.057976, 37.664464], [127.058764, 37.661235], [127.059656, 37.657926], [127.060292, 37.655521], [127.060353, 37.655299], [127.060549, 37.654608], [127.060665, 37.654213], [127.060853, 37.653528], [127.06139, 37.651423], [127.062125, 37.649131], [127.062882, 37.647596], [127.063892, 37.645534], [127.064793, 37.643656], [127.065286, 37.642566], [127.068244, 37.635986], [127.068843, 37.634635], [127.070004, 37.632022], [127.070813, 37.630171], [127.071388, 37.628949], [127.073025, 37.625616], [127.074713, 37.620537]], [[127.047281, 37.6882], [127.047578, 37.687895], [127.05177, 37.685111], [127.052508, 37.68456], [127.054874, 37.682609], [127.05506, 37.682408], [127.055211, 37.682228], [127.055336, 37.682029], [127.055423, 37.681806], [127.055454, 37.681534], [127.055429, 37.680449]], [[127.047281, 37.6882], [127.046965, 37.688562], [127.046918, 37.688615], [127.046823, 37.688757], [127.046797, 37.688797]], [[127.046797, 37.688797], [127.046607, 37.689159], [127.046466, 37.689495], [127.046399, 37.689732], [127.046347, 37.689987], [127.046326, 37.690185]], [[127.046326, 37.690185], [127.046322, 37.690223], [127.046317, 37.690245], [127.046306, 37.690347], [127.046275, 37.69081], [127.04623, 37.69142], [127.046201, 37.691895], [127.04618, 37.692387], [127.046184, 37.692632], [127.046222, 37.692858]], [[127.046222, 37.692858], [127.046269, 37.693042], [127.046355, 37.693245], [127.04644, 37.693405], [127.046547, 37.693566], [127.046649, 37.693697], [127.046766, 37.693826], [127.046943, 37.69399], [127.047158, 37.694157], [127.047428, 37.694319], [127.04798, 37.694592], [127.048962, 37.69506], [127.049186, 37.695176], [127.049432, 37.695323], [127.049651, 37.695486], [127.049864, 37.69569], [127.049992, 37.695831], [127.050095, 37.695968], [127.050207, 37.696134], [127.050639, 37.696833]], [[127.050639, 37.696833], [127.051109, 37.697641], [127.051327, 37.698025], [127.051505, 37.698325], [127.051593, 37.698475], [127.051649, 37.698569]], [[126.826468, 37.491371], [126.825579, 37.491713], [126.824341, 37.491984], [126.823998, 37.492068], [126.823347, 37.492246], [126.822164, 37.492567]], [[126.822164, 37.492567], [126.822049, 37.492595], [126.821024, 37.492888], [126.820561, 37.493048], [126.81999, 37.493244], [126.819145, 37.493567], [126.818435, 37.49399], [126.817622, 37.49467], [126.81699, 37.495311], [126.816483, 37.496092], [126.816178, 37.49674], [126.816019, 37.497638], [126.815994, 37.498288], [126.816369, 37.502859], [126.816314, 37.503614], [126.816137, 37.504165], [126.815902, 37.504591], [126.815579, 37.504926], [126.815215, 37.505223], [126.814796, 37.505521], [126.81434, 37.505761], [126.813861, 37.505904], [126.81324, 37.505991], [126.811377, 37.506256]], [[126.811377, 37.506256], [126.808903, 37.506583], [126.808426, 37.506633], [126.808297, 37.506647], [126.807226, 37.506758], [126.807053, 37.506767], [126.805693, 37.506838], [126.805624, 37.506837], [126.805082, 37.506835], [126.804639, 37.506816], [126.80437, 37.506805], [126.803641, 37.506721], [126.797253, 37.505465], [126.787177, 37.503744], [126.78629, 37.503588], [126.786107, 37.503533], [126.78234, 37.502785], [126.78055, 37.502542], [126.780317, 37.502532], [126.779742, 37.502595], [126.776218, 37.503059], [126.763183, 37.504783], [126.761426, 37.505015], [126.760282, 37.50516], [126.758314, 37.505401], [126.755264, 37.505775], [126.754644, 37.505826], [126.753166, 37.505846], [126.752541, 37.505855], [126.752129, 37.505848], [126.751833, 37.505844], [126.751097, 37.505832], [126.750194, 37.505881], [126.749524, 37.505953], [126.746921, 37.506277], [126.745851, 37.506399], [126.744799, 37.506473], [126.744271, 37.506492], [126.742306, 37.506518], [126.740696, 37.506567], [126.733372, 37.50692], [126.731318, 37.507036], [126.730589, 37.50707], [126.722124, 37.507458], [126.72106, 37.507507], [126.719859, 37.507571]], [[126.719859, 37.507571], [126.718544, 37.507645], [126.71674, 37.507747], [126.70915, 37.508262], [126.70368, 37.508616], [126.701484, 37.508777], [126.696402, 37.509176], [126.695486, 37.509317], [126.694695, 37.509327], [126.693595, 37.509182], [126.693055, 37.5091], [126.692023, 37.50877], [126.691336, 37.508521], [126.690502, 37.508105], [126.68977, 37.507713], [126.688722, 37.507244], [126.686806, 37.506655], [126.685556, 37.50633], [126.684337, 37.506053], [126.683609, 37.505922], [126.682711, 37.505912], [126.681057, 37.506072], [126.676543, 37.506265], [126.675471, 37.506311], [126.674894, 37.50633], [126.673176, 37.506395]], [[126.675398, 37.506243], [126.675935, 37.506222], [126.677083, 37.506169], [126.678332, 37.506111], [126.680999, 37.505966], [126.682637, 37.505824], [126.683488, 37.505837], [126.684363, 37.505956], [126.685717, 37.506254], [126.687008, 37.506605], [126.688789, 37.507164], [126.689718, 37.507579], [126.690549, 37.508023], [126.691319, 37.508365], [126.691996, 37.508667], [126.693158, 37.508972], [126.69463, 37.509179], [126.69546, 37.509177], [126.696478, 37.509029], [126.70142, 37.508704], [126.703677, 37.508553], [126.714788, 37.507794], [126.716038, 37.507726], [126.718571, 37.507582], [126.719859, 37.507511], [126.720318, 37.507488], [126.721036, 37.507457], [126.721186, 37.507449], [126.722055, 37.507406]], [[126.81137, 37.506221], [126.808896, 37.506548], [126.80842, 37.506597], [126.808291, 37.506611], [126.807222, 37.506722], [126.80705, 37.506731], [126.805691, 37.506802], [126.805624, 37.506802], [126.805083, 37.506799], [126.804641, 37.50678], [126.804375, 37.506769], [126.80365, 37.506685], [126.797264, 37.50543], [126.787187, 37.503709], [126.786608, 37.503595], [126.786118, 37.503498], [126.782349, 37.50275], [126.780555, 37.502506], [126.780315, 37.502496], [126.779735, 37.50256], [126.776211, 37.503024], [126.763173, 37.504748], [126.761418, 37.50498], [126.760274, 37.505125], [126.758307, 37.505366], [126.755258, 37.505739], [126.754642, 37.50579], [126.753166, 37.50581], [126.752541, 37.505819], [126.752133, 37.505812], [126.75206, 37.505811], [126.751841, 37.505808], [126.751096, 37.505797], [126.75019, 37.505845], [126.749517, 37.505918], [126.746914, 37.506241], [126.745846, 37.506363], [126.744796, 37.506437], [126.74427, 37.506456], [126.742303, 37.506473], [126.740693, 37.506531], [126.733369, 37.506884], [126.731315, 37.507], [126.722055, 37.507406]], [[126.824298, 37.491816], [126.823672, 37.491986], [126.823052, 37.492151], [126.822093, 37.49239], [126.822038, 37.492407], [126.821202, 37.492632], [126.820513, 37.492859], [126.819709, 37.493162], [126.818925, 37.493514], [126.818264, 37.493946], [126.817587, 37.494647], [126.816951, 37.495292], [126.816441, 37.496078], [126.816133, 37.496731], [126.815974, 37.497635], [126.815949, 37.498288], [126.816323, 37.502859], [126.816269, 37.503609], [126.816094, 37.504154], [126.815863, 37.504572], [126.815544, 37.504903], [126.815183, 37.505198], [126.814768, 37.505492], [126.814319, 37.505729], [126.813849, 37.50587], [126.813233, 37.505956], [126.81137, 37.506221]], [[126.82649, 37.491272], [126.82532, 37.491563], [126.824983, 37.491646], [126.824809, 37.491689], [126.824298, 37.491816]]]}, "properties": {"ref": "7", "name": "서울 지하철 7호선: 도봉산 → 온수", "operator": "서울교통공사", "color": "#6E7E31"}}, {"type": "Feature", "geometry": {"type": "MultiLineString", "coordinates": [[[126.945308, 37.468819], [126.944743, 37.46936], [126.944693, 37.469408], [126.944268, 37.469815], [126.94357, 37.470475], [126.943141, 37.470784], [126.94281, 37.470924], [126.942501, 37.471003], [126.942008, 37.471007], [126.940496, 37.470878], [126.93956, 37.470755], [126.937149, 37.471013], [126.935152, 37.471296], [126.934578, 37.471507], [126.933929, 37.471868], [126.933742, 37.472048], [126.933599, 37.472233], [126.933485, 37.472475], [126.933421, 37.472746], [126.933413, 37.472891], [126.933427, 37.473095], [126.933624, 37.473421], [126.933906, 37.473638], [126.934194, 37.473804], [126.935268, 37.474382], [126.936106, 37.474913], [126.93649, 37.475161], [126.936685, 37.475318], [126.936872, 37.475454], [126.93706, 37.475696], [126.937102, 37.47607], [126.937009, 37.476447], [126.936852, 37.476773], [126.936639, 37.476997], [126.936375, 37.47714], [126.935897, 37.477303], [126.934774, 37.477662], [126.933824, 37.477946], [126.933481, 37.478042], [126.933298, 37.478108], [126.9331, 37.478197], [126.932865, 37.478354], [126.931331, 37.47957], [126.930608, 37.480261], [126.9303, 37.48068], [126.930028, 37.481254], [126.929897, 37.482149], [126.929724, 37.483791], [126.929651, 37.484852], [126.929643, 37.485173], [126.92949, 37.485857], [126.929044, 37.487054], [126.928312, 37.488725], [126.927818, 37.48973], [126.927504, 37.490379], [126.927032, 37.491821], [126.926924, 37.492244], [126.926682, 37.492585], [126.926367, 37.492744], [126.925915, 37.492824], [126.924322, 37.49304], [126.921125, 37.493474], [126.919487, 37.493676], [126.918979, 37.493885], [126.918786, 37.494096], [126.918449, 37.494867], [126.91828, 37.495305], [126.918039, 37.495927], [126.917858, 37.49643], [126.917815, 37.496654], [126.917847, 37.496889], [126.917912, 37.497034], [126.918021, 37.497178], [126.918422, 37.497337], [126.919168, 37.497511], [126.919635, 37.497645], [126.919932, 37.497837], [126.920217, 37.498178], [126.920288, 37.498304], [126.92037, 37.499384], [126.920396, 37.499895], [126.920468, 37.500142], [126.920526, 37.500284], [126.920556, 37.50036], [126.920766, 37.500903], [126.921616, 37.502956], [126.922217, 37.504577], [126.922577, 37.505432], [126.922749, 37.50586], [126.922782, 37.505941], [126.92282, 37.506035], [126.923332, 37.507294], [126.924895, 37.51106], [126.92521, 37.512497], [126.925247, 37.512667], [126.925339, 37.512886], [126.925476, 37.513174], [126.92583, 37.513541], [126.926047, 37.513694], [126.926737, 37.514122], [126.927173, 37.514373], [126.927862, 37.514734], [126.928066, 37.5149], [126.928183, 37.515099], [126.92828, 37.515332], [126.928349, 37.515656], [126.928405, 37.51592], [126.928526, 37.516156], [126.928765, 37.516502], [126.929446, 37.517269]], [[126.929346, 37.51734], [126.928698, 37.516588], [126.928536, 37.516403], [126.928394, 37.516176], [126.928293, 37.515865], [126.928232, 37.515617], [126.928172, 37.515391], [126.928103, 37.515169], [126.927989, 37.515025], [126.92783, 37.51482], [126.92705, 37.514385], [126.926223, 37.513896], [126.925953, 37.513737], [126.925814, 37.513633], [126.925698, 37.513547], [126.925345, 37.513211], [126.925153, 37.512755], [126.925097, 37.512611], [126.925067, 37.512516], [126.925015, 37.512345], [126.924739, 37.511002], [126.92355, 37.508286], [126.922796, 37.50635], [126.922649, 37.50597], [126.922615, 37.505884], [126.920428, 37.50038], [126.920397, 37.500301], [126.920295, 37.49991], [126.920265, 37.499414], [126.920203, 37.498467], [126.920111, 37.49823], [126.919974, 37.49805], [126.919818, 37.49791], [126.919484, 37.497697], [126.919065, 37.497548], [126.918361, 37.497408], [126.918099, 37.497344], [126.917869, 37.497247], [126.917733, 37.497109], [126.917662, 37.497005], [126.917651, 37.496719], [126.917677, 37.496479], [126.917874, 37.495878], [126.918121, 37.495248], [126.918594, 37.494232], [126.918784, 37.493879], [126.919082, 37.49371], [126.919328, 37.49361], [126.920193, 37.493498], [126.920634, 37.493436], [126.920777, 37.493416], [126.921016, 37.493382], [126.921241, 37.49335], [126.923046, 37.493095], [126.923442, 37.493039], [126.924284, 37.492916], [126.92588, 37.492685], [126.926234, 37.492591], [126.926484, 37.492444], [126.926818, 37.49217], [126.927444, 37.490422], [126.927764, 37.489725], [126.928291, 37.488625], [126.92926, 37.486209], [126.929511, 37.485166], [126.92956, 37.484843], [126.929697, 37.483499], [126.929839, 37.481388], [126.930042, 37.480894], [126.930243, 37.480493], [126.930604, 37.480104], [126.931798, 37.479033], [126.932347, 37.478607], [126.932733, 37.478342], [126.932955, 37.478183], [126.933254, 37.478042], [126.933767, 37.477888], [126.935093, 37.47746], [126.935877, 37.477211], [126.936398, 37.476961], [126.936741, 37.476702], [126.936856, 37.476458], [126.936964, 37.476053], [126.936931, 37.475815], [126.936763, 37.47554], [126.93653, 37.47531], [126.935239, 37.474479], [126.93463, 37.47416], [126.934134, 37.473863], [126.93379, 37.473653], [126.933645, 37.473546], [126.933502, 37.4734], [126.93337, 37.473184], [126.933317, 37.473022], [126.933314, 37.472789], [126.933327, 37.472692], [126.933355, 37.47256], [126.933447, 37.472319], [126.933536, 37.472169], [126.933603, 37.472047], [126.933708, 37.471936], [126.933847, 37.47184], [126.933979, 37.471748], [126.934228, 37.471634], [126.934507, 37.471483], [126.935144, 37.471242], [126.937124, 37.470934], [126.939088, 37.470687], [126.939555, 37.47067], [126.941012, 37.470788], [126.942005, 37.470894], [126.942802, 37.470807], [126.943112, 37.470649], [126.943555, 37.470341], [126.944385, 37.469587], [126.944789, 37.469193], [126.945223, 37.46877]]]}, "properties": {"ref": "Silim", "name": "서울 경전철 신림선: 관악산 → 샛강", "operator": "로템SRS", "color": "#6789CA"}}, {"type": "Feature", "geometry": {"type": "MultiLineString", "coordinates": [[[126.688538, 37.602418], [126.688719, 37.602438], [126.690421, 37.602566], [126.690984, 37.602595], [126.698517, 37.602624]], [[126.698517, 37.602624], [126.699838, 37.602559], [126.700834, 37.602478], [126.706402, 37.60151], [126.707259, 37.601327], [126.707517, 37.601248], [126.707776, 37.601138], [126.708306, 37.600813], [126.71196, 37.597695], [126.712341, 37.597278], [126.712594, 37.596733], [126.712688, 37.596277], [126.713039, 37.594042], [126.713315, 37.592185]], [[126.729577, 37.571451], [126.729329, 37.571441], [126.728595, 37.571411], [126.727751, 37.571292], [126.726387, 37.571094], [126.724099, 37.570648], [126.723473, 37.570576], [126.722771, 37.570571], [126.721919, 37.570644], [126.720319, 37.570918], [126.718918, 37.571347], [126.718115, 37.571758], [126.717293, 37.572739], [126.716881, 37.574055], [126.716852, 37.575486], [126.716946, 37.576732], [126.717198, 37.581594], [126.717277, 37.583608], [126.717252, 37.583988], [126.716836, 37.58556], [126.715317, 37.587639], [126.713913, 37.589549], [126.713695, 37.589966], [126.713528, 37.590521], [126.713315, 37.592185]], [[126.729577, 37.571451], [126.730074, 37.571453], [126.730388, 37.57146], [126.730731, 37.571462], [126.731174, 37.571465], [126.731753, 37.571469], [126.732319, 37.57147], [126.732833, 37.571473], [126.733208, 37.571474], [126.73343, 37.571475], [126.733615, 37.571478], [126.733673, 37.571478], [126.733974, 37.571476], [126.734297, 37.571474]], [[126.734297, 37.571474], [126.734335, 37.571475], [126.734567, 37.57148]], [[126.734567, 37.57148], [126.737533, 37.571486], [126.737815, 37.571483], [126.738073, 37.571483], [126.738301, 37.571475], [126.738535, 37.571461], [126.738752, 37.571435], [126.738973, 37.571391]], [[126.738973, 37.571391], [126.739351, 37.571271], [126.739603, 37.571149], [126.739738, 37.571073], [126.739802, 37.571026]], [[126.739802, 37.571026], [126.739949, 37.570908], [126.740069, 37.570811], [126.740293, 37.570575], [126.740446, 37.570353], [126.740621, 37.570027], [126.741096, 37.569062], [126.741367, 37.568603], [126.74213, 37.567417], [126.742327, 37.567094], [126.742478, 37.566771], [126.742613, 37.566402], [126.7427, 37.566131], [126.742746, 37.565909]], [[126.742746, 37.565909], [126.742762, 37.56584], [126.742792, 37.565469], [126.742787, 37.564972], [126.74274, 37.564169]], [[126.74274, 37.564169], [126.742677, 37.563632], [126.742689, 37.563451], [126.742791, 37.562893], [126.742845, 37.562737], [126.74301, 37.562385], [126.744054, 37.561255], [126.744915, 37.560387], [126.74507, 37.560231], [126.74535, 37.559926], [126.745553, 37.559649], [126.745792, 37.559018], [126.745864, 37.558282], [126.745849, 37.557845], [126.745491, 37.556041], [126.745211, 37.554321], [126.745024, 37.55364], [126.744834, 37.553314], [126.744425, 37.552793], [126.744054, 37.552307], [126.742806, 37.550753], [126.742233, 37.549964], [126.741408, 37.548608], [126.740724, 37.54768], [126.740174, 37.546992], [126.73928, 37.545901], [126.738682, 37.545173], [126.738658, 37.545144], [126.738209, 37.544484], [126.737917, 37.544022], [126.737638, 37.54362], [126.737231, 37.543228], [126.736454, 37.542963], [126.736158, 37.542912], [126.735621, 37.542898], [126.733991, 37.54299], [126.732918, 37.54315], [126.731562, 37.543208], [126.728763, 37.543354], [126.72789, 37.543387], [126.726841, 37.54345], [126.726111, 37.543473], [126.725193, 37.543358], [126.724405, 37.543146], [126.723716, 37.542778], [126.723259, 37.54244], [126.722836, 37.541981], [126.722581, 37.541503], [126.722494, 37.541058], [126.7225, 37.540241], [126.72254, 37.538987], [126.722536, 37.538597], [126.722534, 37.538426], [126.722519, 37.536904], [126.722496, 37.532545], [126.722469, 37.530313], [126.722465, 37.529902], [126.722477, 37.528396], [126.722436, 37.527862], [126.722084, 37.524599], [126.721805, 37.520965], [126.721586, 37.518611], [126.721434, 37.516713], [126.721422, 37.51657], [126.721271, 37.515135], [126.720797, 37.512012], [126.720568, 37.509773], [126.720497, 37.508101], [126.720491, 37.507925], [126.720486, 37.507447], [126.720649, 37.506502], [126.721037, 37.505453], [126.721318, 37.504518], [126.721527, 37.503279], [126.721848, 37.500995], [126.722171, 37.498669], [126.722219, 37.498369], [126.722384, 37.497338], [126.722589, 37.495714], [126.722757, 37.494226], [126.723049, 37.492704], [126.72322, 37.491768], [126.723443, 37.490831], [126.7237, 37.489965], [126.723713, 37.48992], [126.7238, 37.489601], [126.723825, 37.489364], [126.7238, 37.489073], [126.723739, 37.488895], [126.723653, 37.488654], [126.723409, 37.488157], [126.723089, 37.487799], [126.722477, 37.487343], [126.720988, 37.486693], [126.718705, 37.485626], [126.718419, 37.485496], [126.717057, 37.484816], [126.71592, 37.484331], [126.715094, 37.483919], [126.714676, 37.483725], [126.714082, 37.483449], [126.713225, 37.48303], [126.712499, 37.482614], [126.711813, 37.481974], [126.710982, 37.480068], [126.710205, 37.477896], [126.710015, 37.477364], [126.709362, 37.475387], [126.709123, 37.47456], [126.708713, 37.473203], [126.708313, 37.472085], [126.708101, 37.47159], [126.708015, 37.471199], [126.707943, 37.470563], [126.707906, 37.469113], [126.707848, 37.467563], [126.707837, 37.467337], [126.707687, 37.466839], [126.707635, 37.466769], [126.707473, 37.466546], [126.706838, 37.465872], [126.706314, 37.465426], [126.70576, 37.465181], [126.703065, 37.464496], [126.702406, 37.464269], [126.702156, 37.464134], [126.701895, 37.463908], [126.701599, 37.463537], [126.701417, 37.463247], [126.701279, 37.462987], [126.701166, 37.462719], [126.701106, 37.462337], [126.701126, 37.462095], [126.701162, 37.46182], [126.701273, 37.461461], [126.701758, 37.46029], [126.701903, 37.459911], [126.701997, 37.459666], [126.702026, 37.459591], [126.702149, 37.45923], [126.702221, 37.45884], [126.7022, 37.458405], [126.702128, 37.457934], [126.701849, 37.455839], [126.701591, 37.453994], [126.701265, 37.451783], [126.701031, 37.450062], [126.700896, 37.449139], [126.700704, 37.447852], [126.700464, 37.446395], [126.700209, 37.444612], [126.70004, 37.443871], [126.699746, 37.442552], [126.699654, 37.441905], [126.699593, 37.44149], [126.699429, 37.43993], [126.699318, 37.43938], [126.699199, 37.439043], [126.698446, 37.437647], [126.698037, 37.436712], [126.697858, 37.436298], [126.697709, 37.435605], [126.697746, 37.435067], [126.697772, 37.434864], [126.697858, 37.434185], [126.698364, 37.432392], [126.698744, 37.431091], [126.698849, 37.430463], [126.698962, 37.429829], [126.69897, 37.429119], [126.69894, 37.427752], [126.6989, 37.427146], [126.698731, 37.426047], [126.698083, 37.423473], [126.697598, 37.422361], [126.696898, 37.42123], [126.696034, 37.420218], [126.695206, 37.419419], [126.693836, 37.418023], [126.693653, 37.417875], [126.692294, 37.416626], [126.68962, 37.414013], [126.688038, 37.412537], [126.687954, 37.412463], [126.687278, 37.41181], [126.686776, 37.411339], [126.686187, 37.410767], [126.685723, 37.410151], [126.685083, 37.409346], [126.683999, 37.408307], [126.683014, 37.407189], [126.681583, 37.405756], [126.680576, 37.404613], [126.680277, 37.40432], [126.679028, 37.403033], [126.677163, 37.401355], [126.673809, 37.398393], [126.671208, 37.396061], [126.6698, 37.394797], [126.668461, 37.393601], [126.666289, 37.391607], [126.665188, 37.390345], [126.665068, 37.390231], [126.664911, 37.390122], [126.664657, 37.390031], [126.663983, 37.389811], [126.663412, 37.389605], [126.663271, 37.389533], [126.662611, 37.389045], [126.661532, 37.387919], [126.661199, 37.387571], [126.657724, 37.384132], [126.656388, 37.382663], [126.655845, 37.38208], [126.655002, 37.381175], [126.650707, 37.376653], [126.650193, 37.376155], [126.649738, 37.375901], [126.649321, 37.37583], [126.648829, 37.375794], [126.648367, 37.375818], [126.647897, 37.375895], [126.647383, 37.376078], [126.647085, 37.376227], [126.646571, 37.376765], [126.64561, 37.378065], [126.64552, 37.378186], [126.644455, 37.379548], [126.641791, 37.383167], [126.640017, 37.385607], [126.639682, 37.386078], [126.638758, 37.387377], [126.636993, 37.389969], [126.635396, 37.392414], [126.634714, 37.393446], [126.63322, 37.395711], [126.631037, 37.399231], [126.630625, 37.399856]], [[126.630625, 37.399856], [126.630604, 37.399889], [126.629557, 37.401493], [126.628867, 37.402579], [126.62737, 37.404987], [126.626147, 37.406835]], [[126.62605, 37.406787], [126.626362, 37.406287], [126.627914, 37.403924], [126.629065, 37.401936], [126.630422, 37.399891], [126.630504, 37.399766]], [[126.630504, 37.399766], [126.630959, 37.399045], [126.632147, 37.39716], [126.634513, 37.393382], [126.63529, 37.392268], [126.639496, 37.386004], [126.639605, 37.385872], [126.6455, 37.378005], [126.64605, 37.377265], [126.646435, 37.376797], [126.646744, 37.376431], [126.646869, 37.376305], [126.64701, 37.376188], [126.647243, 37.376067], [126.647567, 37.375928], [126.647913, 37.375828], [126.64813, 37.375787], [126.648365, 37.375748], [126.648717, 37.375725], [126.649079, 37.375727], [126.649412, 37.375755], [126.649579, 37.375778], [126.649738, 37.375822], [126.649886, 37.375872], [126.650034, 37.37594], [126.650298, 37.376121], [126.650872, 37.376674], [126.655452, 37.381445], [126.655983, 37.381992], [126.657155, 37.38322], [126.660212, 37.386338], [126.661375, 37.387528], [126.661683, 37.387844], [126.661989, 37.388174], [126.662523, 37.388709], [126.662796, 37.388971], [126.663397, 37.389413], [126.66365, 37.389536], [126.664001, 37.389659], [126.66468, 37.389889], [126.664969, 37.39], [126.665173, 37.390141], [126.665629, 37.390597], [126.66649, 37.391574], [126.668609, 37.393501], [126.670177, 37.394964], [126.673952, 37.398322], [126.679293, 37.403116], [126.680662, 37.404566], [126.683271, 37.407255], [126.685173, 37.409308], [126.68583, 37.410109], [126.68632, 37.410773], [126.688089, 37.412496], [126.693891, 37.417974], [126.694064, 37.418133], [126.696594, 37.420401], [126.697357, 37.421317], [126.697968, 37.422383], [126.69846, 37.423671], [126.698805, 37.425095], [126.698972, 37.426213], [126.699079, 37.427157], [126.699181, 37.428395], [126.699186, 37.429774], [126.698964, 37.430838], [126.698922, 37.431132], [126.69887, 37.431347], [126.698335, 37.432991], [126.698028, 37.433802], [126.697908, 37.434532], [126.697884, 37.434876], [126.697857, 37.435507], [126.697974, 37.436334], [126.698334, 37.437221], [126.698769, 37.438068], [126.699133, 37.438716], [126.699342, 37.439138], [126.699442, 37.439545], [126.699777, 37.441896], [126.699839, 37.442432], [126.700266, 37.444698], [126.701089, 37.450041], [126.702048, 37.456762], [126.702236, 37.45793], [126.702296, 37.458423], [126.702323, 37.458651], [126.702317, 37.458909], [126.702269, 37.459197], [126.702244, 37.459341], [126.702218, 37.459408], [126.702082, 37.459761], [126.701426, 37.461475], [126.701348, 37.461646], [126.701267, 37.461864], [126.701208, 37.462174], [126.701215, 37.462369], [126.701279, 37.462661], [126.701415, 37.463014], [126.701591, 37.463375], [126.701738, 37.463584], [126.70198, 37.46385], [126.702242, 37.464058], [126.702511, 37.464218], [126.705828, 37.465096], [126.706377, 37.465365], [126.706802, 37.465691], [126.707456, 37.466339], [126.707705, 37.466612], [126.707872, 37.46685], [126.707967, 37.467312], [126.707978, 37.467647], [126.707991, 37.470557], [126.708011, 37.47082], [126.708071, 37.471214], [126.70818, 37.471597], [126.708419, 37.472127], [126.70881, 37.473224], [126.709178, 37.47439], [126.709437, 37.475316], [126.709719, 37.476157], [126.710039, 37.477148], [126.710299, 37.477869], [126.711639, 37.481438], [126.711896, 37.481913], [126.712152, 37.482207], [126.712352, 37.482394], [126.7127, 37.482647], [126.713206, 37.482922], [126.713737, 37.483205], [126.714663, 37.483633], [126.71574, 37.484198], [126.717215, 37.484828], [126.718469, 37.485432], [126.722505, 37.48727], [126.72294, 37.48754], [126.723179, 37.487736], [126.723513, 37.488129], [126.723849, 37.48888], [126.723909, 37.489144], [126.723921, 37.48931], [126.723861, 37.489599], [126.723776, 37.489978], [126.723473, 37.491312], [126.722872, 37.494245], [126.722342, 37.498376], [126.721422, 37.504535], [126.721155, 37.505525], [126.720867, 37.506304], [126.720695, 37.506969], [126.720624, 37.507532], [126.720638, 37.508078], [126.720679, 37.509607], [126.720748, 37.51061], [126.721548, 37.516701], [126.721787, 37.519443], [126.721881, 37.520899], [126.721901, 37.521085], [126.721954, 37.521726], [126.722071, 37.523016], [126.72213, 37.523722], [126.722185, 37.52431], [126.722231, 37.524854], [126.722261, 37.525223], [126.722314, 37.525816], [126.722362, 37.526306], [126.722535, 37.527893], [126.722594, 37.5303], [126.722654, 37.538426], [126.722678, 37.540945], [126.72274, 37.541272], [126.722913, 37.541685], [126.723199, 37.542058], [126.723582, 37.542463], [126.724018, 37.542788], [126.724419, 37.543008], [126.724865, 37.543176], [126.725482, 37.543308], [126.726162, 37.543364], [126.727896, 37.543287], [126.732795, 37.54307], [126.733898, 37.542949], [126.735329, 37.542849], [126.735771, 37.542845], [126.736186, 37.542868], [126.736559, 37.542938], [126.73689, 37.543025], [126.737246, 37.543168], [126.73749, 37.543356], [126.737705, 37.543609], [126.738066, 37.544118], [126.738273, 37.544439], [126.738484, 37.544767], [126.73877, 37.545126], [126.740824, 37.547628], [126.741457, 37.5485], [126.742241, 37.549841], [126.744621, 37.552968], [126.744908, 37.553333], [126.745074, 37.553621], [126.745095, 37.553687], [126.745109, 37.553729], [126.745227, 37.554004], [126.745471, 37.555063], [126.745686, 37.556394], [126.745701, 37.556482], [126.745978, 37.558077], [126.745947, 37.558623], [126.745857, 37.55914], [126.745639, 37.559648], [126.745319, 37.56006], [126.744851, 37.560543], [126.744396, 37.560971], [126.743061, 37.56241], [126.742881, 37.562773], [126.742784, 37.563194], [126.742741, 37.563572], [126.742753, 37.563769], [126.742776, 37.564154]], [[126.742776, 37.564154], [126.742833, 37.564984], [126.742844, 37.565279], [126.742832, 37.565614], [126.742797, 37.56585], [126.742745, 37.566147], [126.742573, 37.56666], [126.742407, 37.567047], [126.742202, 37.567407]], [[126.742202, 37.567407], [126.742071, 37.567588], [126.74132, 37.568755], [126.741143, 37.569072], [126.740642, 37.570082], [126.740492, 37.570365], [126.740312, 37.570616], [126.740116, 37.570818], [126.739841, 37.571053]], [[126.739841, 37.571053], [126.739766, 37.571102], [126.739545, 37.57122], [126.739354, 37.571311], [126.739117, 37.571391]], [[126.739117, 37.571391], [126.73899, 37.571424], [126.73876, 37.571472], [126.738545, 37.571499], [126.738312, 37.571513], [126.738065, 37.571519], [126.737817, 37.571525], [126.737534, 37.571523], [126.736699, 37.571521]], [[126.736699, 37.571521], [126.734333, 37.571501], [126.734293, 37.5715]], [[126.734293, 37.5715], [126.733977, 37.571503], [126.733669, 37.571506], [126.733616, 37.571505], [126.733431, 37.571505], [126.733211, 37.571505], [126.732836, 37.571506], [126.732318, 37.571506], [126.73175, 37.571502], [126.731172, 37.5715], [126.730726, 37.571495], [126.730386, 37.571492], [126.730073, 37.571486], [126.729573, 37.5715]], [[126.729573, 37.5715], [126.728589, 37.571444], [126.727758, 37.571321], [126.726381, 37.571125], [126.724078, 37.570675], [126.723471, 37.570604], [126.722769, 37.570601], [126.721922, 37.570683], [126.72034, 37.570962], [126.718965, 37.57139], [126.718177, 37.571795], [126.717422, 37.572751], [126.716983, 37.574071], [126.717001, 37.575496], [126.717019, 37.576747], [126.7173, 37.581573], [126.717394, 37.5836], [126.71736, 37.583998], [126.716928, 37.585608], [126.715403, 37.587674], [126.714008, 37.589593], [126.713794, 37.589995], [126.71364, 37.590528], [126.713376, 37.592192]], [[126.713376, 37.592192], [126.712784, 37.596275], [126.712674, 37.596757], [126.712423, 37.597298], [126.712035, 37.597719], [126.710407, 37.599112], [126.708373, 37.600848], [126.707813, 37.601185], [126.707523, 37.601289], [126.707243, 37.601369], [126.706465, 37.60154], [126.700833, 37.602514], [126.699849, 37.602634], [126.698504, 37.602699]], [[126.698504, 37.602699], [126.69096, 37.602683], [126.690464, 37.602656], [126.688531, 37.602464]]]}, "properties": {"ref": "인천1", "name": "인천 도시철도 1호선: 검단호수공원 → 송도달빛축제공원", "operator": "인천교통공사", "color": "#B4C7E7"}}]}